session_key,meeting_key,driver_number,lap_number,date_start,lap_duration,duration_sector_1,duration_sector_2,duration_sector_3,compound,stint_number,lap_in_stint,tyre_age_at_start,tyre_age,has_complete_timing,is_start_lap,is_pit_in_lap,is_pit_out_lap,is_deleted,is_neutralised,is_valid_for_pace,exclusion_reason
9472,1229,1,1,2024-03-02T15:03:42.341000+00:00,97.759,32.877,41.266,23.616,SOFT,1,1,3,3,true,true,false,false,false,true,false,standing_start;neutralised
9472,1229,1,2,2024-03-02T15:05:20.099000+00:00,96.296,30.916,41.661,23.719,SOFT,1,2,3,4,true,false,false,false,false,false,true,
9472,1229,1,3,2024-03-02T15:06:56.378000+00:00,96.753,30.999,41.966,23.788,SOFT,1,3,3,5,true,false,false,false,false,false,true,
9472,1229,1,4,2024-03-02T15:08:33.130000+00:00,96.647,30.931,41.892,23.824,SOFT,1,4,3,6,true,false,false,false,false,false,true,
9472,1229,1,5,2024-03-02T15:10:09.704000+00:00,97.173,31.255,42.056,23.862,SOFT,1,5,3,7,true,false,false,false,false,false,true,
9472,1229,1,6,2024-03-02T15:11:46.978000+00:00,97.092,31.041,42.187,23.864,SOFT,1,6,3,8,true,false,false,false,false,false,true,
9472,1229,1,7,2024-03-02T15:13:24.080000+00:00,97.038,31.015,42.118,23.905,SOFT,1,7,3,9,true,false,false,false,false,false,true,
9472,1229,1,8,2024-03-02T15:15:01.132000+00:00,97.024,31.041,42.077,23.906,SOFT,1,8,3,10,true,false,false,false,false,false,true,
9472,1229,1,9,2024-03-02T15:16:38.044000+00:00,97.229,31.1,42.166,23.963,SOFT,1,9,3,11,true,false,false,false,false,false,true,
9472,1229,1,10,2024-03-02T15:18:15.404000+00:00,96.96,30.986,42.009,23.965,SOFT,1,10,3,12,true,false,false,false,false,true,false,neutralised
9472,1229,1,11,2024-03-02T15:19:52.275000+00:00,97.085,30.974,42.142,23.969,SOFT,1,11,3,13,true,false,false,false,false,true,false,neutralised
9472,1229,1,12,2024-03-02T15:21:29.336000+00:00,97.045,30.966,42.091,23.988,SOFT,1,12,3,14,true,false,false,false,false,false,true,
9472,1229,1,13,2024-03-02T15:23:06.399000+00:00,97.03,30.964,42.055,24.011,SOFT,1,13,3,15,true,false,false,false,false,false,true,
9472,1229,1,14,2024-03-02T15:24:43.393000+00:00,97.028,30.938,42.042,24.048,SOFT,1,14,3,16,true,false,false,false,false,false,true,
9472,1229,1,15,2024-03-02T15:26:20.469000+00:00,97.011,30.887,42.058,24.066,SOFT,1,15,3,17,true,false,false,false,false,false,true,
9472,1229,1,16,2024-03-02T15:27:57.507000+00:00,97.168,31.048,42.032,24.088,SOFT,1,16,3,18,true,false,false,false,false,false,true,
9472,1229,1,17,2024-03-02T15:29:34.687000+00:00,99.896,31.006,42.06,26.83,SOFT,1,17,3,19,true,false,true,false,false,false,false,pit_in
9472,1229,1,18,2024-03-02T15:31:14.461000+00:00,117.854,52.815,41.511,23.528,HARD,2,1,0,0,true,false,false,true,false,false,false,pit_out
9472,1229,1,19,2024-03-02T15:33:12.478000+00:00,95.283,30.628,41.162,23.493,HARD,2,2,0,1,true,false,false,false,false,false,true,
9472,1229,1,20,2024-03-02T15:34:47.658000+00:00,95.16,30.585,41.1,23.475,HARD,2,3,0,2,true,false,false,false,false,false,true,
9472,1229,1,21,2024-03-02T15:36:22.851000+00:00,95.316,30.576,41.24,23.5,HARD,2,4,0,3,true,false,false,false,false,false,true,
9472,1229,1,22,2024-03-02T15:37:58.157000+00:00,95.204,30.56,41.142,23.502,HARD,2,5,0,4,true,false,false,false,false,false,true,
9472,1229,1,23,2024-03-02T15:39:33.340000+00:00,95.216,30.553,41.145,23.518,HARD,2,6,0,5,true,false,false,false,false,false,true,
9472,1229,1,24,2024-03-02T15:41:08.681000+00:00,95.289,30.548,41.257,23.484,HARD,2,7,0,6,true,false,false,false,false,false,true,
9472,1229,1,25,2024-03-02T15:42:43.916000+00:00,95.342,30.518,41.282,23.542,HARD,2,8,0,7,true,false,false,false,false,false,true,
9472,1229,1,26,2024-03-02T15:44:19.229000+00:00,95.223,30.522,41.14,23.561,HARD,2,9,0,8,true,false,false,false,false,false,true,
9472,1229,1,27,2024-03-02T15:45:54.455000+00:00,95.581,30.649,41.338,23.594,HARD,2,10,0,9,true,false,false,false,false,false,true,
9472,1229,1,28,2024-03-02T15:47:29.971000+00:00,95.477,30.588,41.272,23.617,HARD,2,11,0,10,true,false,false,false,false,false,true,
9472,1229,1,29,2024-03-02T15:49:05.560000+00:00,95.793,30.679,41.485,23.629,HARD,2,12,0,11,true,false,false,false,false,false,true,
9472,1229,1,30,2024-03-02T15:50:41.350000+00:00,95.771,30.657,41.47,23.644,HARD,2,13,0,12,true,false,false,false,false,false,true,
9472,1229,1,31,2024-03-02T15:52:17.140000+00:00,95.679,30.635,41.435,23.609,HARD,2,14,0,13,true,false,false,false,false,false,true,
9472,1229,1,32,2024-03-02T15:53:52.829000+00:00,95.886,30.669,41.519,23.698,HARD,2,15,0,14,true,false,false,false,false,false,true,
9472,1229,1,33,2024-03-02T15:55:28.580000+00:00,95.863,30.69,41.459,23.714,HARD,2,16,0,15,true,false,false,false,false,false,true,
9472,1229,1,34,2024-03-02T15:57:04.451000+00:00,96.133,30.685,41.661,23.787,HARD,2,17,0,16,true,false,false,false,false,false,true,
9472,1229,1,35,2024-03-02T15:58:40.909000+00:00,96.018,30.727,41.557,23.734,HARD,2,18,0,17,true,false,false,false,false,false,true,
9472,1229,1,36,2024-03-02T16:00:16.699000+00:00,96.205,30.794,41.561,23.85,HARD,2,19,0,18,true,false,false,false,false,false,true,
9472,1229,1,37,2024-03-02T16:01:52.940000+00:00,99.234,30.877,41.634,26.723,HARD,2,20,0,19,true,false,true,false,false,false,false,pit_in
9472,1229,1,38,2024-03-02T16:03:32.041000+00:00,116.445,51.526,41.562,23.357,SOFT,3,1,0,0,true,false,false,true,false,false,false,pit_out
9472,1229,1,39,2024-03-02T16:05:28.544000+00:00,92.608,29.741,39.916,22.951,SOFT,3,2,0,1,true,false,false,false,false,false,true,
9472,1229,1,40,2024-03-02T16:07:01.342000+00:00,96.589,31.014,42.023,23.552,SOFT,3,3,0,2,true,false,false,false,false,false,true,
9472,1229,1,41,2024-03-02T16:08:37.813000+00:00,95.29,30.697,41.281,23.312,SOFT,3,4,0,3,true,false,false,false,false,false,true,
9472,1229,1,42,2024-03-02T16:10:13.056000+00:00,94.667,30.477,40.996,23.194,SOFT,3,5,0,4,true,false,false,false,false,false,true,
9472,1229,1,43,2024-03-02T16:11:47.752000+00:00,94.151,30.132,40.772,23.247,SOFT,3,6,0,5,true,false,false,false,false,false,true,
9472,1229,1,44,2024-03-02T16:13:21.891000+00:00,94.531,30.348,40.805,23.378,SOFT,3,7,0,6,true,false,false,false,false,false,true,
9472,1229,1,45,2024-03-02T16:14:56.406000+00:00,94.249,30.18,40.825,23.244,SOFT,3,8,0,7,true,false,false,false,false,false,true,
9472,1229,1,46,2024-03-02T16:16:30.705000+00:00,94.193,30.301,40.682,23.21,SOFT,3,9,0,8,true,false,false,false,true,false,false,deleted_lap
9472,1229,1,47,2024-03-02T16:18:04.873000+00:00,94.239,30.267,40.704,23.268,SOFT,3,10,0,9,true,false,false,false,false,false,true,
9472,1229,1,48,2024-03-02T16:19:39.113000+00:00,94.35,30.245,40.738,23.367,SOFT,3,11,0,10,true,false,false,false,false,false,true,
9472,1229,1,49,2024-03-02T16:21:13.504000+00:00,94.403,30.246,40.804,23.353,SOFT,3,12,0,11,true,false,false,false,false,false,true,
9472,1229,1,50,2024-03-02T16:22:47.788000+00:00,94.783,30.229,40.928,23.626,SOFT,3,13,0,12,true,false,false,false,false,false,true,
9472,1229,1,51,2024-03-02T16:24:22.630000+00:00,94.34,30.003,40.834,23.503,SOFT,3,14,0,13,true,false,false,false,false,false,true,
9472,1229,1,52,2024-03-02T16:25:57.029000+00:00,94.906,30.333,40.919,23.654,SOFT,3,15,0,14,true,false,false,false,false,false,true,
9472,1229,1,53,2024-03-02T16:27:31.849000+00:00,95.6,30.528,41.382,23.69,SOFT,3,16,0,15,true,false,false,false,false,false,true,
9472,1229,1,54,2024-03-02T16:29:07.484000+00:00,95.334,30.427,41.227,23.68,SOFT,3,17,0,16,true,false,false,false,false,false,true,
9472,1229,1,55,2024-03-02T16:30:42.853000+00:00,95.184,30.493,41.22,23.471,SOFT,3,18,0,17,true,false,false,false,false,false,true,
9472,1229,1,56,2024-03-02T16:32:18.038000+00:00,94.671,30.256,40.87,23.545,SOFT,3,19,0,18,true,false,false,false,false,false,true,
9472,1229,1,57,2024-03-02T16:33:52.694000+00:00,94.923,30.384,40.91,23.629,SOFT,3,20,0,19,true,false,false,false,false,false,true,
9472,1229,2,1,2024-03-02T15:03:42.341000+00:00,106.397,39.057,43.162,24.178,SOFT,1,1,0,0,true,true,false,false,false,true,false,standing_start;neutralised
9472,1229,2,2,2024-03-02T15:05:28.737000+00:00,98.481,31.096,43.005,24.38,SOFT,1,2,0,1,true,false,false,false,false,false,true,
9472,1229,2,3,2024-03-02T15:07:07.169000+00:00,98.707,31.105,43.155,24.447,SOFT,1,3,0,2,true,false,false,false,false,false,true,
9472,1229,2,4,2024-03-02T15:08:45.974000+00:00,98.39,31.044,42.904,24.442,SOFT,1,4,0,3,true,false,false,false,false,false,true,
9472,1229,2,5,2024-03-02T15:10:24.343000+00:00,98.757,31.048,43.209,24.5,SOFT,1,5,0,4,true,false,false,false,false,false,true,
9472,1229,2,6,2024-03-02T15:12:03.067000+00:00,98.582,31.037,42.981,24.564,SOFT,1,6,0,5,true,false,false,false,false,false,true,
9472,1229,2,7,2024-03-02T15:13:41.625000+00:00,99.464,31.373,43.491,24.6,SOFT,1,7,0,6,true,false,false,false,false,false,true,
9472,1229,2,8,2024-03-02T15:15:21.091000+00:00,99.58,31.566,43.336,24.678,SOFT,1,8,0,7,true,false,false,false,false,false,true,
9472,1229,2,9,2024-03-02T15:17:00.723000+00:00,99.366,31.398,43.299,24.669,SOFT,1,9,0,8,true,false,false,false,false,false,true,
9472,1229,2,10,2024-03-02T15:18:39.989000+00:00,161.86,83.3,46.732,31.828,SOFT,1,10,0,9,true,false,true,false,false,true,false,pit_in;neutralised
9472,1229,2,11,2024-03-02T15:21:21.935000+00:00,132.438,64.866,42.959,24.613,HARD,2,1,0,0,true,false,false,true,false,false,false,pit_out
9472,1229,2,12,2024-03-02T15:23:34.319000+00:00,98.493,31.666,42.766,24.061,HARD,2,2,0,1,true,false,false,false,false,false,true,
9472,1229,2,13,2024-03-02T15:25:12.827000+00:00,100.989,31.427,43.601,25.961,HARD,2,3,0,2,true,false,false,false,false,false,true,
9472,1229,2,14,2024-03-02T15:26:53.936000+00:00,101.47,34.301,43.043,24.126,HARD,2,4,0,3,true,false,false,false,false,false,true,
9472,1229,2,15,2024-03-02T15:28:35.301000+00:00,97.594,31.044,42.414,24.136,HARD,2,5,0,4,true,false,false,false,false,false,true,
9472,1229,2,16,2024-03-02T15:30:12.933000+00:00,101.37,34.383,42.896,24.091,HARD,2,6,0,5,true,false,false,false,false,false,true,
9472,1229,2,17,2024-03-02T15:31:54.254000+00:00,99.758,31.181,42.77,25.807,HARD,2,7,0,6,true,false,false,false,false,false,true,
9472,1229,2,18,2024-03-02T15:33:34.073000+00:00,98.077,31.257,42.709,24.111,HARD,2,8,0,7,true,false,false,false,false,false,true,
9472,1229,2,19,2024-03-02T15:35:12.065000+00:00,97.742,31.201,42.532,24.009,HARD,2,9,0,8,true,false,false,false,false,false,true,
9472,1229,2,20,2024-03-02T15:36:49.792000+00:00,97.82,31.11,42.663,24.047,HARD,2,10,0,9,true,false,false,false,false,false,true,
9472,1229,2,21,2024-03-02T15:38:27.658000+00:00,98.009,31.167,42.681,24.161,HARD,2,11,0,10,true,false,false,false,false,false,true,
9472,1229,2,22,2024-03-02T15:40:05.682000+00:00,97.728,31.115,42.516,24.097,HARD,2,12,0,11,true,false,false,false,false,false,true,
9472,1229,2,23,2024-03-02T15:41:43.435000+00:00,97.621,31.065,42.487,24.069,HARD,2,13,0,12,true,false,false,false,false,false,true,
9472,1229,2,24,2024-03-02T15:43:21.051000+00:00,99.437,31.076,42.618,25.743,HARD,2,14,0,13,true,false,false,false,false,false,true,
9472,1229,2,25,2024-03-02T15:45:00.546000+00:00,99.093,32.025,42.881,24.187,HARD,2,15,0,14,true,false,false,false,false,false,true,
9472,1229,2,26,2024-03-02T15:46:39.536000+00:00,97.859,31.152,42.533,24.174,HARD,2,16,0,15,true,false,false,false,false,false,true,
9472,1229,2,27,2024-03-02T15:48:17.458000+00:00,98.288,31.178,42.806,24.304,HARD,2,17,0,16,true,false,false,false,false,false,true,
9472,1229,2,28,2024-03-02T15:49:55.707000+00:00,100.535,31.128,42.603,26.804,HARD,2,18,0,17,true,false,true,false,false,false,false,pit_in
9472,1229,2,29,2024-03-02T15:51:36.212000+00:00,121.581,52.601,45.132,23.848,HARD,3,1,0,0,true,false,false,true,false,false,false,pit_out
9472,1229,2,30,2024-03-02T15:53:37.819000+00:00,95.715,30.623,41.483,23.609,HARD,3,2,0,1,true,false,false,false,false,false,true,
9472,1229,2,31,2024-03-02T15:55:13.608000+00:00,96.713,30.539,42.489,23.685,HARD,3,3,0,2,true,false,false,false,false,false,true,
9472,1229,2,32,2024-03-02T15:56:50.282000+00:00,96.563,30.82,41.868,23.875,HARD,3,4,0,3,true,false,false,false,false,false,true,
9472,1229,2,33,2024-03-02T15:58:26.854000+00:00,97.433,30.732,42.718,23.983,HARD,3,5,0,4,true,false,false,false,false,false,true,
9472,1229,2,34,2024-03-02T16:00:04.211000+00:00,96.475,30.708,41.944,23.823,HARD,3,6,0,5,true,false,false,false,false,false,true,
9472,1229,2,35,2024-03-02T16:01:40.784000+00:00,96.859,31.015,42.023,23.821,HARD,3,7,0,6,true,false,false,false,false,false,true,
9472,1229,2,36,2024-03-02T16:03:17.715000+00:00,96.462,30.805,41.808,23.849,HARD,3,8,0,7,true,false,false,false,false,false,true,
9472,1229,2,37,2024-03-02T16:04:54.083000+00:00,96.785,30.826,42.127,23.832,HARD,3,9,0,8,true,false,false,false,false,false,true,
9472,1229,2,38,2024-03-02T16:06:30.793000+00:00,96.732,30.786,42.026,23.92,HARD,3,10,0,9,true,false,false,false,false,false,true,
9472,1229,2,39,2024-03-02T16:08:07.594000+00:00,97.016,30.987,42.097,23.932,HARD,3,11,0,10,true,false,false,false,false,false,true,
9472,1229,2,40,2024-03-02T16:09:44.655000+00:00,99.817,30.76,42.614,26.443,HARD,3,12,0,11,true,false,true,false,false,false,false,pit_in
9472,1229,2,41,2024-03-02T16:11:24.430000+00:00,120.282,55.516,41.323,23.443,SOFT,4,1,0,0,true,false,false,true,false,false,false,pit_out
9472,1229,2,42,2024-03-02T16:13:24.717000+00:00,94.735,30.316,40.966,23.453,SOFT,4,2,0,1,true,false,false,false,false,false,true,
9472,1229,2,43,2024-03-02T16:14:59.489000+00:00,95.001,30.462,41.076,23.463,SOFT,4,3,0,2,true,false,false,false,false,false,true,
9472,1229,2,44,2024-03-02T16:16:34.406000+00:00,95.13,30.599,41.146,23.385,SOFT,4,4,0,3,true,false,false,false,false,false,true,
9472,1229,2,45,2024-03-02T16:18:09.515000+00:00,95.333,30.587,41.272,23.474,SOFT,4,5,0,4,true,false,false,false,false,false,true,
9472,1229,2,46,2024-03-02T16:19:44.864000+00:00,95.939,30.872,41.469,23.598,SOFT,4,6,0,5,true,false,false,false,false,false,true,
9472,1229,2,47,2024-03-02T16:21:20.749000+00:00,96.729,30.667,42.237,23.825,SOFT,4,7,0,6,true,false,false,false,false,false,true,
9472,1229,2,48,2024-03-02T16:22:57.609000+00:00,95.688,30.357,41.593,23.738,SOFT,4,8,0,7,true,false,false,false,false,false,true,
9472,1229,2,49,2024-03-02T16:24:33.273000+00:00,95.59,30.638,41.303,23.649,SOFT,4,9,0,8,true,false,false,false,false,false,true,
9472,1229,2,50,2024-03-02T16:26:08.812000+00:00,95.66,30.671,41.368,23.621,SOFT,4,10,0,9,true,false,false,false,false,false,true,
9472,1229,2,51,2024-03-02T16:27:44.498000+00:00,95.972,30.781,41.539,23.652,SOFT,4,11,0,10,true,false,false,false,false,false,true,
9472,1229,2,52,2024-03-02T16:29:20.677000+00:00,95.987,30.775,41.44,23.772,SOFT,4,12,0,11,true,false,false,false,false,false,true,
9472,1229,2,53,2024-03-02T16:30:56.521000+00:00,96.088,30.798,41.61,23.68,SOFT,4,13,0,12,true,false,false,false,false,false,true,
9472,1229,2,54,2024-03-02T16:32:32.524000+00:00,99.614,32.179,43.748,23.687,SOFT,4,14,0,13,true,false,false,false,false,false,true,
9472,1229,2,55,2024-03-02T16:34:12.176000+00:00,96.209,30.671,41.782,23.756,SOFT,4,15,0,14,true,false,false,false,false,false,true,
9472,1229,3,1,2024-03-02T15:03:42.341000+00:00,106.178,38.568,43.159,24.451,SOFT,1,1,3,3,true,true,false,false,false,true,false,standing_start;neutralised
9472,1229,3,2,2024-03-02T15:05:28.518000+00:00,99.509,31.662,43.353,24.494,SOFT,1,2,3,4,true,false,false,false,false,false,true,
9472,1229,3,3,2024-03-02T15:07:07.994000+00:00,98.76,30.965,43.32,24.475,SOFT,1,3,3,5,true,false,false,false,false,false,true,
9472,1229,3,4,2024-03-02T15:08:46.663000+00:00,98.61,30.922,43.207,24.481,SOFT,1,4,3,6,true,false,false,false,false,false,true,
9472,1229,3,5,2024-03-02T15:10:25.323000+00:00,98.704,30.98,43.2,24.524,SOFT,1,5,3,7,true,false,false,false,false,false,true,
9472,1229,3,6,2024-03-02T15:12:03.968000+00:00,98.689,31.046,43.099,24.544,SOFT,1,6,3,8,true,false,false,false,false,false,true,
9472,1229,3,7,2024-03-02T15:13:42.734000+00:00,99.193,31.372,43.289,24.532,SOFT,1,7,3,9,true,false,false,false,false,false,true,
9472,1229,3,8,2024-03-02T15:15:21.929000+00:00,99.529,31.254,43.578,24.697,SOFT,1,8,3,10,true,false,false,false,false,false,true,
9472,1229,3,9,2024-03-02T15:17:01.403000+00:00,99.338,31.173,43.519,24.646,SOFT,1,9,3,11,true,false,false,false,false,false,true,
9472,1229,3,10,2024-03-02T15:18:40.795000+00:00,98.782,31.211,43.104,24.467,SOFT,1,10,3,12,true,false,false,false,false,true,false,neutralised
9472,1229,3,11,2024-03-02T15:20:19.592000+00:00,99.033,31.472,43.08,24.481,SOFT,1,11,3,13,true,false,false,false,false,false,true,
9472,1229,3,12,2024-03-02T15:21:58.583000+00:00,98.893,31.451,42.949,24.493,SOFT,1,12,3,14,true,false,false,false,false,false,true,
9472,1229,3,13,2024-03-02T15:23:37.402000+00:00,102.173,31.46,42.967,27.746,SOFT,1,13,3,15,true,false,true,false,false,false,false,pit_in
9472,1229,3,14,2024-03-02T15:25:19.740000+00:00,119.408,52.992,42.487,23.929,HARD,2,1,0,0,true,false,false,true,false,false,false,pit_out
9472,1229,3,15,2024-03-02T15:27:19.085000+00:00,97.07,31.083,42.053,23.934,HARD,2,2,0,1,true,false,false,false,false,false,true,
9472,1229,3,16,2024-03-02T15:28:56.218000+00:00,97.176,30.966,42.237,23.973,HARD,2,3,0,2,true,false,false,false,false,false,true,
9472,1229,3,17,2024-03-02T15:30:33.373000+00:00,97.29,30.789,42.42,24.081,HARD,2,4,0,3,true,false,false,false,false,false,true,
9472,1229,3,18,2024-03-02T15:32:10.639000+00:00,97.7,30.949,42.517,24.234,HARD,2,5,0,4,true,false,false,false,false,false,true,
9472,1229,3,19,2024-03-02T15:33:48.393000+00:00,98.35,31.051,42.983,24.316,HARD,2,6,0,5,true,false,false,false,false,false,true,
9472,1229,3,20,2024-03-02T15:35:26.660000+00:00,97.865,31.036,42.538,24.291,HARD,2,7,0,6,true,false,false,false,false,false,true,
9472,1229,3,21,2024-03-02T15:37:04.616000+00:00,97.392,30.941,42.318,24.133,HARD,2,8,0,7,true,false,false,false,false,false,true,
9472,1229,3,22,2024-03-02T15:38:41.798000+00:00,97.75,31.102,42.461,24.187,HARD,2,9,0,8,true,false,false,false,false,false,true,
9472,1229,3,23,2024-03-02T15:40:19.947000+00:00,97.772,31.019,42.572,24.181,HARD,2,10,0,9,true,false,false,false,false,false,true,
9472,1229,3,24,2024-03-02T15:41:57.409000+00:00,97.766,30.983,42.559,24.224,HARD,2,11,0,10,true,false,false,false,false,false,true,
9472,1229,3,25,2024-03-02T15:43:35.195000+00:00,97.973,31.017,42.663,24.293,HARD,2,12,0,11,true,false,false,false,false,false,true,
9472,1229,3,26,2024-03-02T15:45:13.232000+00:00,98.029,30.982,42.682,24.365,HARD,2,13,0,12,true,false,false,false,false,false,true,
9472,1229,3,27,2024-03-02T15:46:51.249000+00:00,98.152,31.268,42.576,24.308,HARD,2,14,0,13,true,false,false,false,false,false,true,
9472,1229,3,28,2024-03-02T15:48:29.382000+00:00,98.045,31.076,42.66,24.309,HARD,2,15,0,14,true,false,false,false,false,false,true,
9472,1229,3,29,2024-03-02T15:50:07.275000+00:00,97.96,31.066,42.637,24.257,HARD,2,16,0,15,true,false,false,false,false,false,true,
9472,1229,3,30,2024-03-02T15:51:45.437000+00:00,97.978,31.075,42.576,24.327,HARD,2,17,0,16,true,false,false,false,false,false,true,
9472,1229,3,31,2024-03-02T15:53:23.390000+00:00,98.154,31.167,42.688,24.299,HARD,2,18,0,17,true,false,false,false,false,false,true,
9472,1229,3,32,2024-03-02T15:55:01.443000+00:00,98.025,31.075,42.662,24.288,HARD,2,19,0,18,true,false,false,false,false,false,true,
9472,1229,3,33,2024-03-02T15:56:39.538000+00:00,98.15,31.113,42.69,24.347,HARD,2,20,0,19,true,false,false,false,false,false,true,
9472,1229,3,34,2024-03-02T15:58:17.784000+00:00,98.246,31.246,42.766,24.234,HARD,2,21,0,20,true,false,false,false,false,false,true,
9472,1229,3,35,2024-03-02T15:59:55.950000+00:00,100.595,31.087,42.747,26.761,HARD,2,22,0,21,true,false,true,false,false,false,false,pit_in
9472,1229,3,36,2024-03-02T16:01:36.398000+00:00,116.995,51.904,41.57,23.521,SOFT,3,1,0,0,true,false,false,true,false,false,false,pit_out
9472,1229,3,37,2024-03-02T16:03:33.600000+00:00,95.163,30.422,41.226,23.515,SOFT,3,2,0,1,true,false,false,false,false,false,true,
9472,1229,3,38,2024-03-02T16:05:08.735000+00:00,95.46,30.496,41.41,23.554,SOFT,3,3,0,2,true,false,false,false,false,false,true,
9472,1229,3,39,2024-03-02T16:06:44.228000+00:00,95.475,30.559,41.392,23.524,SOFT,3,4,0,3,true,false,false,false,false,false,true,
9472,1229,3,40,2024-03-02T16:08:19.639000+00:00,95.578,30.49,41.513,23.575,SOFT,3,5,0,4,true,false,false,false,false,false,true,
9472,1229,3,41,2024-03-02T16:09:55.238000+00:00,95.644,30.564,41.478,23.602,SOFT,3,6,0,5,true,false,false,false,false,false,true,
9472,1229,3,42,2024-03-02T16:11:30.851000+00:00,95.338,30.484,41.238,23.616,SOFT,3,7,0,6,true,false,false,false,false,false,true,
9472,1229,3,43,2024-03-02T16:13:06.228000+00:00,95.56,30.537,41.389,23.634,SOFT,3,8,0,7,true,false,false,false,false,false,true,
9472,1229,3,44,2024-03-02T16:14:41.745000+00:00,95.49,30.541,41.29,23.659,SOFT,3,9,0,8,true,false,false,false,false,false,true,
9472,1229,3,45,2024-03-02T16:16:17.266000+00:00,95.57,30.497,41.402,23.671,SOFT,3,10,0,9,true,false,false,false,false,false,true,
9472,1229,3,46,2024-03-02T16:17:52.732000+00:00,95.507,30.443,41.378,23.686,SOFT,3,11,0,10,true,false,false,false,false,false,true,
9472,1229,3,47,2024-03-02T16:19:28.393000+00:00,95.831,30.566,41.534,23.731,SOFT,3,12,0,11,true,false,false,false,false,false,true,
9472,1229,3,48,2024-03-02T16:21:04.244000+00:00,96.236,30.638,41.744,23.854,SOFT,3,13,0,12,true,false,false,false,false,false,true,
9472,1229,3,49,2024-03-02T16:22:40.347000+00:00,96.442,30.63,41.795,24.017,SOFT,3,14,0,13,true,false,false,false,false,false,true,
9472,1229,3,50,2024-03-02T16:24:16.835000+00:00,96.609,30.398,42.122,24.089,SOFT,3,15,0,14,true,false,false,false,false,false,true,
9472,1229,3,51,2024-03-02T16:25:53.407000+00:00,97.103,30.775,42.193,24.135,SOFT,3,16,0,15,true,false,false,false,true,false,false,deleted_lap
9472,1229,3,52,2024-03-02T16:27:30.618000+00:00,97.529,30.569,41.854,25.106,SOFT,3,17,0,16,true,false,false,false,false,false,true,
9472,1229,3,53,2024-03-02T16:29:07.991000+00:00,96.745,30.797,41.954,23.994,SOFT,3,18,0,17,true,false,false,false,false,false,true,
9472,1229,3,54,2024-03-02T16:30:44.871000+00:00,96.661,30.374,42.197,24.09,SOFT,3,19,0,18,true,false,false,false,false,false,true,
9472,1229,3,55,2024-03-02T16:32:21.506000+00:00,97.375,30.713,42.581,24.081,SOFT,3,20,0,19,true,false,false,false,true,false,false,deleted_lap
9472,1229,3,56,2024-03-02T16:33:58.926000+00:00,97.662,30.726,42.755,24.181,SOFT,3,21,0,20,true,false,false,false,true,false,false,deleted_lap
9472,1229,4,1,2024-03-02T15:03:42.341000+00:00,102.596,35.043,43.309,24.244,SOFT,1,1,3,3,true,true,false,false,false,true,false,standing_start;neutralised
9472,1229,4,2,2024-03-02T15:05:24.936000+00:00,98.01,31.353,42.618,24.039,SOFT,1,2,3,4,true,false,false,false,false,false,true,
9472,1229,4,3,2024-03-02T15:07:02.960000+00:00,97.787,31.112,42.476,24.199,SOFT,1,3,3,5,true,false,false,false,true,false,false,deleted_lap
9472,1229,4,4,2024-03-02T15:08:40.628000+00:00,97.45,31.115,42.193,24.142,SOFT,1,4,3,6,true,false,false,false,true,false,false,deleted_lap
9472,1229,4,5,2024-03-02T15:10:18.228000+00:00,97.794,31.258,42.379,24.157,SOFT,1,5,3,7,true,false,false,false,false,false,true,
9472,1229,4,6,2024-03-02T15:11:55.985000+00:00,97.896,31.027,42.622,24.247,SOFT,1,6,3,8,true,false,false,false,false,false,true,
9472,1229,4,7,2024-03-02T15:13:33.929000+00:00,97.86,31.074,42.514,24.272,SOFT,1,7,3,9,true,false,false,false,false,false,true,
9472,1229,4,8,2024-03-02T15:15:11.730000+00:00,98.134,31.171,42.688,24.275,SOFT,1,8,3,10,true,false,false,false,false,false,true,
9472,1229,4,9,2024-03-02T15:16:49.846000+00:00,98.064,31.051,42.721,24.292,SOFT,1,9,3,11,true,false,false,false,false,false,true,
9472,1229,4,10,2024-03-02T15:18:27.948000+00:00,97.936,31.019,42.563,24.354,SOFT,1,10,3,12,true,false,false,false,false,true,false,neutralised
9472,1229,4,11,2024-03-02T15:20:05.925000+00:00,98.172,31.163,42.74,24.269,SOFT,1,11,3,13,true,false,false,false,false,false,true,
9472,1229,4,12,2024-03-02T15:21:44.002000+00:00,98.082,31.232,42.561,24.289,SOFT,1,12,3,14,true,false,false,false,false,false,true,
9472,1229,4,13,2024-03-02T15:23:22.125000+00:00,100.635,31.225,42.508,26.902,SOFT,1,13,3,15,true,false,true,false,false,false,false,pit_in
9472,1229,4,14,2024-03-02T15:25:02.671000+00:00,117.77,51.681,42.243,23.846,HARD,2,1,0,0,true,false,false,true,false,false,false,pit_out
9472,1229,4,15,2024-03-02T15:27:00.555000+00:00,96.912,31.011,42.058,23.843,HARD,2,2,0,1,true,false,false,false,false,false,true,
9472,1229,4,16,2024-03-02T15:28:37.388000+00:00,96.565,30.716,42.031,23.818,HARD,2,3,0,2,true,false,false,false,false,false,true,
9472,1229,4,17,2024-03-02T15:30:13.916000+00:00,96.776,31.049,41.973,23.754,HARD,2,4,0,3,true,false,false,false,false,false,true,
9472,1229,4,18,2024-03-02T15:31:50.859000+00:00,96.508,30.803,41.777,23.928,HARD,2,5,0,4,true,false,false,false,false,false,true,
9472,1229,4,19,2024-03-02T15:33:27.355000+00:00,96.416,30.87,41.774,23.772,HARD,2,6,0,5,true,false,false,false,false,false,true,
9472,1229,4,20,2024-03-02T15:35:03.732000+00:00,96.501,30.817,41.871,23.813,HARD,2,7,0,6,true,false,false,false,false,false,true,
9472,1229,4,21,2024-03-02T15:36:40.343000+00:00,96.62,30.889,41.825,23.906,HARD,2,8,0,7,true,false,false,false,false,false,true,
9472,1229,4,22,2024-03-02T15:38:16.778000+00:00,96.668,30.839,41.822,24.007,HARD,2,9,0,8,true,false,false,false,false,false,true,
9472,1229,4,23,2024-03-02T15:39:53.580000+00:00,96.696,30.92,41.877,23.899,HARD,2,10,0,9,true,false,false,false,false,false,true,
9472,1229,4,24,2024-03-02T15:41:30.241000+00:00,96.823,30.89,42.047,23.886,HARD,2,11,0,10,true,false,false,false,false,false,true,
9472,1229,4,25,2024-03-02T15:43:07.105000+00:00,96.73,30.923,41.924,23.883,HARD,2,12,0,11,true,false,false,false,false,false,true,
9472,1229,4,26,2024-03-02T15:44:43.799000+00:00,96.566,30.845,41.878,23.843,HARD,2,13,0,12,true,false,false,false,false,false,true,
9472,1229,4,27,2024-03-02T15:46:20.396000+00:00,96.726,30.873,41.939,23.914,HARD,2,14,0,13,true,false,false,false,false,false,true,
9472,1229,4,28,2024-03-02T15:47:57.155000+00:00,97.018,30.98,41.984,24.054,HARD,2,15,0,14,true,false,false,false,false,false,true,
9472,1229,4,29,2024-03-02T15:49:34.073000+00:00,97.041,30.879,42.16,24.002,HARD,2,16,0,15,true,false,false,false,false,false,true,
9472,1229,4,30,2024-03-02T15:51:11.080000+00:00,96.986,30.946,42.076,23.964,HARD,2,17,0,16,true,false,false,false,false,false,true,
9472,1229,4,31,2024-03-02T15:52:48.038000+00:00,97.083,30.944,42.127,24.012,HARD,2,18,0,17,true,false,false,false,false,false,true,
9472,1229,4,32,2024-03-02T15:54:25.231000+00:00,97.171,30.994,42.14,24.037,HARD,2,19,0,18,true,false,false,false,false,false,true,
9472,1229,4,33,2024-03-02T15:56:02.409000+00:00,99.626,31.223,42.016,26.387,HARD,2,20,0,19,true,false,true,false,false,false,false,pit_in
9472,1229,4,34,2024-03-02T15:57:41.888000+00:00,116.898,51.869,41.547,23.482,HARD,3,1,0,0,true,false,false,true,false,false,false,pit_out
9472,1229,4,35,2024-03-02T15:59:38.849000+00:00,94.476,30.32,40.838,23.318,HARD,3,2,0,1,true,false,false,false,false,false,true,
9472,1229,4,36,2024-03-02T16:01:13.329000+00:00,95.69,30.162,42.072,23.456,HARD,3,3,0,2,true,false,false,false,false,false,true,
9472,1229,4,37,2024-03-02T16:02:48.969000+00:00,95.067,30.355,41.339,23.373,HARD,3,4,0,3,true,false,false,false,false,false,true,
9472,1229,4,38,2024-03-02T16:04:24.164000+00:00,95.149,30.48,41.161,23.508,HARD,3,5,0,4,true,false,false,false,false,false,true,
9472,1229,4,39,2024-03-02T16:05:59.266000+00:00,94.88,30.35,41.047,23.483,HARD,3,6,0,5,true,false,false,false,false,false,true,
9472,1229,4,40,2024-03-02T16:07:34.085000+00:00,95.276,30.366,41.222,23.688,HARD,3,7,0,6,true,false,false,false,false,false,true,
9472,1229,4,41,2024-03-02T16:09:09.505000+00:00,95.069,30.318,41.261,23.49,HARD,3,8,0,7,true,false,false,false,false,false,true,
9472,1229,4,42,2024-03-02T16:10:44.570000+00:00,95.165,30.402,41.212,23.551,HARD,3,9,0,8,true,false,false,false,false,false,true,
9472,1229,4,43,2024-03-02T16:12:19.712000+00:00,95.295,30.462,41.196,23.637,HARD,3,10,0,9,true,false,false,false,false,false,true,
9472,1229,4,44,2024-03-02T16:13:54.953000+00:00,95.346,30.488,41.267,23.591,HARD,3,11,0,10,true,false,false,false,false,false,true,
9472,1229,4,45,2024-03-02T16:15:30.301000+00:00,95.338,30.468,41.24,23.63,HARD,3,12,0,11,true,false,false,false,false,false,true,
9472,1229,4,46,2024-03-02T16:17:05.675000+00:00,95.371,30.485,41.244,23.642,HARD,3,13,0,12,true,false,false,false,false,false,true,
9472,1229,4,47,2024-03-02T16:18:41.051000+00:00,95.485,30.546,41.341,23.598,HARD,3,14,0,13,true,false,false,false,false,false,true,
9472,1229,4,48,2024-03-02T16:20:16.464000+00:00,95.717,30.638,41.369,23.71,HARD,3,15,0,14,true,false,false,false,false,false,true,
9472,1229,4,49,2024-03-02T16:21:52.235000+00:00,95.674,30.64,41.34,23.694,HARD,3,16,0,15,true,false,false,false,false,false,true,
9472,1229,4,50,2024-03-02T16:23:28.003000+00:00,95.657,30.563,41.375,23.719,HARD,3,17,0,16,true,false,false,false,false,false,true,
9472,1229,4,51,2024-03-02T16:25:03.574000+00:00,96.038,30.786,41.516,23.736,HARD,3,18,0,17,true,false,false,false,false,false,true,
9472,1229,4,52,2024-03-02T16:26:39.548000+00:00,95.922,30.655,41.461,23.806,HARD,3,19,0,18,true,false,false,false,false,false,true,
9472,1229,4,53,2024-03-02T16:28:15.586000+00:00,95.782,30.666,41.392,23.724,HARD,3,20,0,19,true,false,false,false,false,false,true,
9472,1229,4,54,2024-03-02T16:29:51.390000+00:00,95.934,30.672,41.387,23.875,HARD,3,21,0,20,true,false,false,false,false,false,true,
9472,1229,4,55,2024-03-02T16:31:27.363000+00:00,96.223,31.035,41.372,23.816,HARD,3,22,0,21,true,false,false,false,false,false,true,
9472,1229,4,56,2024-03-02T16:33:03.513000+00:00,95.976,30.691,41.471,23.814,HARD,3,23,0,22,true,false,false,false,true,false,false,deleted_lap
9472,1229,4,57,2024-03-02T16:34:39.417000+00:00,96.582,30.771,41.992,23.819,HARD,3,24,0,23,true,false,false,false,false,false,true,
9472,1229,10,1,2024-03-02T15:03:42.341000+00:00,107.68,39.583,43.704,24.393,SOFT,1,1,0,0,true,true,false,false,false,true,false,standing_start;neutralised
9472,1229,10,2,2024-03-02T15:05:30.020000+00:00,99.059,31.86,42.743,24.456,SOFT,1,2,0,1,true,false,false,false,false,false,true,
9472,1229,10,3,2024-03-02T15:07:09.187000+00:00,98.744,31.254,42.848,24.642,SOFT,1,3,0,2,true,false,false,false,false,false,true,
9472,1229,10,4,2024-03-02T15:08:47.834000+00:00,98.503,31.305,42.705,24.493,SOFT,1,4,0,3,true,false,false,false,false,false,true,
9472,1229,10,5,2024-03-02T15:10:26.498000+00:00,98.664,31.344,42.718,24.602,SOFT,1,5,0,4,true,false,false,false,false,false,true,
9472,1229,10,6,2024-03-02T15:12:05.094000+00:00,99.099,31.457,42.995,24.647,SOFT,1,6,0,5,true,false,false,false,false,false,true,
9472,1229,10,7,2024-03-02T15:13:44.100000+00:00,99.078,31.353,43.11,24.615,SOFT,1,7,0,6,true,false,false,false,false,false,true,
9472,1229,10,8,2024-03-02T15:15:23.253000+00:00,99.287,31.21,43.311,24.766,SOFT,1,8,0,7,true,false,false,false,false,false,true,
9472,1229,10,9,2024-03-02T15:17:02.598000+00:00,99.452,31.4,43.321,24.731,SOFT,1,9,0,8,true,false,false,false,false,false,true,
9472,1229,10,10,2024-03-02T15:18:42.035000+00:00,98.929,31.383,43.016,24.53,SOFT,1,10,0,9,true,false,false,false,false,true,false,neutralised
9472,1229,10,11,2024-03-02T15:20:20.748000+00:00,98.656,31.329,42.886,24.441,SOFT,1,11,0,10,true,false,false,false,false,false,true,
9472,1229,10,12,2024-03-02T15:21:59.507000+00:00,101.456,31.328,42.787,27.341,SOFT,1,12,0,11,true,false,true,false,false,false,false,pit_in
9472,1229,10,13,2024-03-02T15:23:41.046000+00:00,124.565,57.71,42.728,24.127,HARD,2,1,0,0,true,false,false,true,false,false,false,pit_out
9472,1229,10,14,2024-03-02T15:25:45.604000+00:00,97.689,31.44,42.233,24.016,HARD,2,2,0,1,true,false,false,false,false,false,true,
9472,1229,10,15,2024-03-02T15:27:23.268000+00:00,97.492,30.978,42.383,24.131,HARD,2,3,0,2,true,false,false,false,false,false,true,
9472,1229,10,16,2024-03-02T15:29:00.742000+00:00,97.521,30.874,42.396,24.251,HARD,2,4,0,3,true,false,false,false,false,false,true,
9472,1229,10,17,2024-03-02T15:30:38.229000+00:00,97.949,31.153,42.548,24.248,HARD,2,5,0,4,true,false,false,false,false,false,true,
9472,1229,10,18,2024-03-02T15:32:16.230000+00:00,97.791,30.98,42.45,24.361,HARD,2,6,0,5,true,false,false,false,false,false,true,
9472,1229,10,19,2024-03-02T15:33:54.035000+00:00,97.702,30.968,42.47,24.264,HARD,2,7,0,6,true,false,false,false,false,false,true,
9472,1229,10,20,2024-03-02T15:35:31.612000+00:00,98.036,31.193,42.487,24.356,HARD,2,8,0,7,true,false,false,false,false,false,true,
9472,1229,10,21,2024-03-02T15:37:09.630000+00:00,98.094,31.173,42.541,24.38,HARD,2,9,0,8,true,false,false,false,false,false,true,
9472,1229,10,22,2024-03-02T15:38:47.756000+00:00,97.868,31.145,42.536,24.187,HARD,2,10,0,9,true,false,false,false,false,false,true,
9472,1229,10,23,2024-03-02T15:40:25.592000+00:00,98.104,31.195,42.586,24.323,HARD,2,11,0,10,true,false,false,false,false,false,true,
9472,1229,10,24,2024-03-02T15:42:03.799000+00:00,98.192,31.232,42.57,24.39,HARD,2,12,0,11,true,false,false,false,false,false,true,
9472,1229,10,25,2024-03-02T15:43:41.898000+00:00,98.16,31.096,42.716,24.348,HARD,2,13,0,12,true,false,false,false,false,false,true,
9472,1229,10,26,2024-03-02T15:45:20.291000+00:00,98.379,31.256,42.673,24.45,HARD,2,14,0,13,true,false,false,false,false,false,true,
9472,1229,10,27,2024-03-02T15:46:58.437000+00:00,98.4,31.171,42.747,24.482,HARD,2,15,0,14,true,false,false,false,false,false,true,
9472,1229,10,28,2024-03-02T15:48:36.991000+00:00,98.615,31.351,42.788,24.476,HARD,2,16,0,15,true,false,false,false,false,false,true,
9472,1229,10,29,2024-03-02T15:50:15.428000+00:00,98.55,31.301,42.807,24.442,HARD,2,17,0,16,true,false,false,false,false,false,true,
9472,1229,10,30,2024-03-02T15:51:53.997000+00:00,98.832,31.368,42.942,24.522,HARD,2,18,0,17,true,false,false,false,false,false,true,
9472,1229,10,31,2024-03-02T15:53:32.808000+00:00,100.432,31.182,42.455,26.795,HARD,2,19,0,18,true,false,true,false,false,false,false,pit_in
9472,1229,10,32,2024-03-02T15:55:13.184000+00:00,119.77,53.98,41.978,23.812,HARD,3,1,0,0,true,false,false,true,false,false,false,pit_out
9472,1229,10,33,2024-03-02T15:57:13.109000+00:00,96.112,30.887,41.506,23.719,HARD,3,2,0,1,true,false,false,false,false,false,true,
9472,1229,10,34,2024-03-02T15:58:49.282000+00:00,96.622,31.142,41.747,23.733,HARD,3,3,0,2,true,false,false,false,false,false,true,
9472,1229,10,35,2024-03-02T16:00:25.901000+00:00,96.313,31.058,41.573,23.682,HARD,3,4,0,3,true,false,false,false,false,false,true,
9472,1229,10,36,2024-03-02T16:02:02.129000+00:00,96.45,31.034,41.612,23.804,HARD,3,5,0,4,true,false,false,false,false,false,true,
9472,1229,10,37,2024-03-02T16:03:38.575000+00:00,96.629,31.148,41.595,23.886,HARD,3,6,0,5,true,false,false,false,false,false,true,
9472,1229,10,38,2024-03-02T16:05:15.172000+00:00,96.802,31.122,41.764,23.916,HARD,3,7,0,6,true,false,false,false,false,false,true,
9472,1229,10,39,2024-03-02T16:06:51.984000+00:00,96.537,31.022,41.7,23.815,HARD,3,8,0,7,true,false,false,false,false,false,true,
9472,1229,10,40,2024-03-02T16:08:28.501000+00:00,96.742,31.023,41.793,23.926,HARD,3,9,0,8,true,false,false,false,false,false,true,
9472,1229,10,41,2024-03-02T16:10:05.328000+00:00,96.571,30.968,41.751,23.852,HARD,3,10,0,9,true,false,false,false,false,false,true,
9472,1229,10,42,2024-03-02T16:11:41.871000+00:00,96.631,30.98,41.74,23.911,HARD,3,11,0,10,true,false,false,false,false,false,true,
9472,1229,10,43,2024-03-02T16:13:18.480000+00:00,99.291,31.165,41.852,26.274,HARD,3,12,0,11,true,false,true,false,false,false,false,pit_in
9472,1229,10,44,2024-03-02T16:14:57.833000+00:00,116.481,51.887,41.099,23.495,SOFT,4,1,0,0,true,false,false,true,true,false,false,pit_out;deleted_lap
9472,1229,10,45,2024-03-02T16:16:54.302000+00:00,94.805,30.509,40.913,23.383,SOFT,4,2,0,1,true,false,false,false,false,false,true,
9472,1229,10,46,2024-03-02T16:18:29.135000+00:00,95.293,30.758,41.137,23.398,SOFT,4,3,0,2,true,false,false,false,false,false,true,
9472,1229,10,47,2024-03-02T16:20:04.338000+00:00,95.341,30.735,41.065,23.541,SOFT,4,4,0,3,true,false,false,false,false,false,true,
9472,1229,10,48,2024-03-02T16:21:39.797000+00:00,95.411,30.776,41.156,23.479,SOFT,4,5,0,4,true,false,false,false,false,false,true,
9472,1229,10,49,2024-03-02T16:23:15.213000+00:00,95.511,30.71,41.288,23.513,SOFT,4,6,0,5,true,false,false,false,false,false,true,
9472,1229,10,50,2024-03-02T16:24:50.720000+00:00,95.228,30.647,41.016,23.565,SOFT,4,7,0,6,true,false,false,false,false,false,true,
9472,1229,10,51,2024-03-02T16:26:25.918000+00:00,95.334,30.673,41.111,23.55,SOFT,4,8,0,7,true,false,false,false,false,false,true,
9472,1229,10,52,2024-03-02T16:28:01.555000+00:00,95.511,30.714,41.158,23.639,SOFT,4,9,0,8,true,false,false,false,false,false,true,
9472,1229,10,53,2024-03-02T16:29:36.773000+00:00,95.389,30.6,41.223,23.566,SOFT,4,10,0,9,true,false,false,false,false,false,true,
9472,1229,10,54,2024-03-02T16:31:12.065000+00:00,95.853,30.833,41.349,23.671,SOFT,4,11,0,10,true,false,false,false,false,false,true,
9472,1229,10,55,2024-03-02T16:32:47.975000+00:00,95.908,30.912,41.329,23.667,SOFT,4,12,0,11,true,false,false,false,true,false,false,deleted_lap
9472,1229,10,56,2024-03-02T16:34:23.875000+00:00,96.086,30.888,41.288,23.91,SOFT,4,13,0,12,true,false,false,false,false,false,true,
9472,1229,11,1,2024-03-02T15:03:42.341000+00:00,100.537,34.071,42.61,23.856,SOFT,1,1,3,3,true,true,false,false,false,true,false,standing_start;neutralised
9472,1229,11,2,2024-03-02T15:05:22.877000+00:00,96.541,30.678,41.867,23.996,SOFT,1,2,3,4,true,false,false,false,false,false,true,
9472,1229,11,3,2024-03-02T15:06:59.421000+00:00,97.297,30.596,42.478,24.223,SOFT,1,3,3,5,true,false,false,false,false,false,true,
9472,1229,11,4,2024-03-02T15:08:36.682000+00:00,97.722,30.716,42.623,24.383,SOFT,1,4,3,6,true,false,false,false,false,false,true,
9472,1229,11,5,2024-03-02T15:10:14.415000+00:00,98.044,30.997,42.754,24.293,SOFT,1,5,3,7,true,false,false,false,false,false,true,
9472,1229,11,6,2024-03-02T15:11:52.420000+00:00,97.823,30.843,42.702,24.278,SOFT,1,6,3,8,true,false,false,false,false,false,true,
9472,1229,11,7,2024-03-02T15:13:30.334000+00:00,97.821,31.013,42.682,24.126,SOFT,1,7,3,9,true,false,false,false,false,false,true,
9472,1229,11,8,2024-03-02T15:15:08.075000+00:00,97.838,31.305,42.428,24.105,SOFT,1,8,3,10,true,false,false,false,false,false,true,
9472,1229,11,9,2024-03-02T15:16:45.853000+00:00,97.596,31.145,42.395,24.056,SOFT,1,9,3,11,true,false,false,false,false,false,true,
9472,1229,11,10,2024-03-02T15:18:23.551000+00:00,97.63,31.178,42.322,24.13,SOFT,1,10,3,12,true,false,false,false,false,true,false,neutralised
9472,1229,11,11,2024-03-02T15:20:01.190000+00:00,97.836,31.054,42.473,24.309,SOFT,1,11,3,13,true,false,false,false,false,false,true,
9472,1229,11,12,2024-03-02T15:21:38.999000+00:00,100.277,30.891,42.506,26.88,SOFT,1,12,3,14,true,false,true,false,false,false,false,pit_in
9472,1229,11,13,2024-03-02T15:23:19.588000+00:00,117.624,51.896,41.803,23.925,HARD,2,1,0,0,true,false,false,true,false,false,false,pit_out
9472,1229,11,14,2024-03-02T15:25:16.864000+00:00,95.606,30.063,41.855,23.688,HARD,2,2,0,1,true,false,false,false,false,false,true,
9472,1229,11,15,2024-03-02T15:26:52.469000+00:00,96.815,30.785,41.795,24.235,HARD,2,3,0,2,true,false,false,false,false,false,true,
9472,1229,11,16,2024-03-02T15:28:29.313000+00:00,95.783,30.569,41.558,23.656,HARD,2,4,0,3,true,false,false,false,false,false,true,
9472,1229,11,17,2024-03-02T15:30:05.086000+00:00,96.454,30.922,41.823,23.709,HARD,2,5,0,4,true,false,false,false,false,false,true,
9472,1229,11,18,2024-03-02T15:31:41.574000+00:00,96.311,30.803,41.835,23.673,HARD,2,6,0,5,true,false,false,false,false,false,true,
9472,1229,11,19,2024-03-02T15:33:17.856000+00:00,96.038,30.702,41.633,23.703,HARD,2,7,0,6,true,false,false,false,false,false,true,
9472,1229,11,20,2024-03-02T15:34:53.893000+00:00,96.278,30.918,41.686,23.674,HARD,2,8,0,7,true,false,false,false,false,false,true,
9472,1229,11,21,2024-03-02T15:36:30.284000+00:00,96.165,30.849,41.61,23.706,HARD,2,9,0,8,true,false,false,false,false,false,true,
9472,1229,11,22,2024-03-02T15:38:06.392000+00:00,96.037,30.824,41.536,23.677,HARD,2,10,0,9,true,false,false,false,false,false,true,
9472,1229,11,23,2024-03-02T15:39:42.375000+00:00,96.249,30.84,41.729,23.68,HARD,2,11,0,10,true,false,false,false,false,false,true,
9472,1229,11,24,2024-03-02T15:41:18.571000+00:00,96.211,30.792,41.687,23.732,HARD,2,12,0,11,true,false,false,false,false,false,true,
9472,1229,11,25,2024-03-02T15:42:54.823000+00:00,96.344,30.878,41.719,23.747,HARD,2,13,0,12,true,false,false,false,false,false,true,
9472,1229,11,26,2024-03-02T15:44:31.226000+00:00,96.347,30.938,41.666,23.743,HARD,2,14,0,13,true,false,false,false,false,false,true,
9472,1229,11,27,2024-03-02T15:46:07.575000+00:00,96.233,30.853,41.543,23.837,HARD,2,15,0,14,true,false,false,false,false,false,true,
9472,1229,11,28,2024-03-02T15:47:43.763000+00:00,96.226,30.929,41.588,23.709,HARD,2,16,0,15,true,false,false,false,false,false,true,
9472,1229,11,29,2024-03-02T15:49:19.924000+00:00,96.437,30.926,41.749,23.762,HARD,2,17,0,16,true,false,false,false,false,false,true,
9472,1229,11,30,2024-03-02T15:50:56.483000+00:00,96.313,30.916,41.643,23.754,HARD,2,18,0,17,true,false,false,false,false,false,true,
9472,1229,11,31,2024-03-02T15:52:32.773000+00:00,96.339,30.843,41.752,23.744,HARD,2,19,0,18,true,false,false,false,false,false,true,
9472,1229,11,32,2024-03-02T15:54:09.049000+00:00,96.276,30.856,41.671,23.749,HARD,2,20,0,19,true,false,false,false,false,false,true,
9472,1229,11,33,2024-03-02T15:55:45.441000+00:00,96.564,30.907,41.752,23.905,HARD,2,21,0,20,true,false,false,false,false,false,true,
9472,1229,11,34,2024-03-02T15:57:21.887000+00:00,96.378,30.84,41.734,23.804,HARD,2,22,0,21,true,false,false,false,false,false,true,
9472,1229,11,35,2024-03-02T15:58:58.323000+00:00,96.776,30.938,41.91,23.928,HARD,2,23,0,22,true,false,false,false,false,false,true,
9472,1229,11,36,2024-03-02T16:00:35.159000+00:00,99.365,31.014,41.781,26.57,HARD,2,24,0,23,true,false,true,false,false,false,false,pit_in
9472,1229,11,37,2024-03-02T16:02:14.469000+00:00,115.808,51.096,41.214,23.498,SOFT,3,1,0,0,true,false,false,true,false,false,false,pit_out
9472,1229,11,38,2024-03-02T16:04:10.206000+00:00,94.804,30.581,40.931,23.292,SOFT,3,2,0,1,true,false,false,false,false,false,true,
9472,1229,11,39,2024-03-02T16:05:45.051000+00:00,94.607,30.563,40.893,23.151,SOFT,3,3,0,2,true,false,false,false,false,false,true,
9472,1229,11,40,2024-03-02T16:07:19.721000+00:00,94.364,30.4,40.772,23.192,SOFT,3,4,0,3,true,false,false,false,false,false,true,
9472,1229,11,41,2024-03-02T16:08:54.055000+00:00,94.4,30.351,40.884,23.165,SOFT,3,5,0,4,true,false,false,false,false,false,true,
9472,1229,11,42,2024-03-02T16:10:28.404000+00:00,94.525,30.299,40.985,23.241,SOFT,3,6,0,5,true,false,false,false,false,false,true,
9472,1229,11,43,2024-03-02T16:12:02.963000+00:00,94.797,30.403,41.148,23.246,SOFT,3,7,0,6,true,false,false,false,false,false,true,
9472,1229,11,44,2024-03-02T16:13:37.816000+00:00,94.799,30.389,41.028,23.382,SOFT,3,8,0,7,true,false,false,false,false,false,true,
9472,1229,11,45,2024-03-02T16:15:12.575000+00:00,94.592,30.338,40.986,23.268,SOFT,3,9,0,8,true,false,false,false,false,false,true,
9472,1229,11,46,2024-03-02T16:16:47.132000+00:00,94.844,30.41,41.109,23.325,SOFT,3,10,0,9,true,false,false,false,false,false,true,
9472,1229,11,47,2024-03-02T16:18:22.055000+00:00,94.73,30.281,41.074,23.375,SOFT,3,11,0,10,true,false,false,false,false,false,true,
9472,1229,11,48,2024-03-02T16:19:56.684000+00:00,94.885,30.358,41.147,23.38,SOFT,3,12,0,11,true,false,false,false,false,false,true,
9472,1229,11,49,2024-03-02T16:21:31.559000+00:00,94.966,30.4,41.133,23.433,SOFT,3,13,0,12,true,false,false,false,false,false,true,
9472,1229,11,50,2024-03-02T16:23:06.552000+00:00,95.082,30.366,41.337,23.379,SOFT,3,14,0,13,true,false,false,false,false,false,true,
9472,1229,11,51,2024-03-02T16:24:41.763000+00:00,94.94,30.36,41.144,23.436,SOFT,3,15,0,14,true,false,false,false,false,false,true,
9472,1229,11,52,2024-03-02T16:26:16.533000+00:00,95.183,30.577,41.129,23.477,SOFT,3,16,0,15,true,false,false,false,false,false,true,
9472,1229,11,53,2024-03-02T16:27:51.749000+00:00,95.842,30.638,41.522,23.682,SOFT,3,17,0,16,true,false,false,false,false,false,true,
9472,1229,11,54,2024-03-02T16:29:27.599000+00:00,95.459,30.578,41.382,23.499,SOFT,3,18,0,17,true,false,false,false,false,false,true,
9472,1229,11,55,2024-03-02T16:31:03.063000+00:00,95.611,30.683,41.42,23.508,SOFT,3,19,0,18,true,false,false,false,false,false,true,
9472,1229,11,56,2024-03-02T16:32:38.657000+00:00,95.568,30.539,41.406,23.623,SOFT,3,20,0,19,true,false,false,false,false,false,true,
9472,1229,11,57,2024-03-02T16:34:14.334000+00:00,95.746,30.521,41.6,23.625,SOFT,3,21,0,20,true,false,false,false,false,false,true,
9472,1229,14,1,2024-03-02T15:03:42.341000+00:00,102.058,34.628,43.268,24.162,SOFT,1,1,3,3,true,true,false,false,false,true,false,standing_start;neutralised
9472,1229,14,2,2024-03-02T15:05:24.398000+00:00,98.02,31.203,42.896,23.921,SOFT,1,2,3,4,true,false,false,false,false,false,true,
9472,1229,14,3,2024-03-02T15:07:02.457000+00:00,99.046,32.068,42.719,24.259,SOFT,1,3,3,5,true,false,false,false,false,false,true,
9472,1229,14,4,2024-03-02T15:08:41.450000+00:00,97.776,30.951,42.58,24.245,SOFT,1,4,3,6,true,false,false,false,false,false,true,
9472,1229,14,5,2024-03-02T15:10:19.284000+00:00,99.292,32.063,42.806,24.423,SOFT,1,5,3,7,true,false,false,false,false,false,true,
9472,1229,14,6,2024-03-02T15:11:58.534000+00:00,98.053,31.076,42.676,24.301,SOFT,1,6,3,8,true,false,false,false,false,false,true,
9472,1229,14,7,2024-03-02T15:13:36.615000+00:00,98.008,30.905,42.7,24.403,SOFT,1,7,3,9,true,false,false,false,false,false,true,
9472,1229,14,8,2024-03-02T15:15:14.725000+00:00,98.103,31.024,42.689,24.39,SOFT,1,8,3,10,true,false,false,false,false,false,true,
9472,1229,14,9,2024-03-02T15:16:52.794000+00:00,98.896,31.464,43.036,24.396,SOFT,1,9,3,11,true,false,false,false,false,false,true,
9472,1229,14,10,2024-03-02T15:18:31.590000+00:00,99.325,31.635,43.162,24.528,SOFT,1,10,3,12,true,false,false,false,false,true,false,neutralised
9472,1229,14,11,2024-03-02T15:20:11.035000+00:00,98.554,31.043,42.972,24.539,SOFT,1,11,3,13,true,false,false,false,false,false,true,
9472,1229,14,12,2024-03-02T15:21:49.570000+00:00,98.543,30.932,43.035,24.576,SOFT,1,12,3,14,true,false,false,false,false,false,true,
9472,1229,14,13,2024-03-02T15:23:28.001000+00:00,98.587,31.446,42.808,24.333,SOFT,1,13,3,15,true,false,false,false,false,false,true,
9472,1229,14,14,2024-03-02T15:25:06.699000+00:00,98.612,31.516,42.741,24.355,SOFT,1,14,3,16,true,false,false,false,false,false,true,
9472,1229,14,15,2024-03-02T15:26:45.326000+00:00,101.101,31.48,42.707,26.914,SOFT,1,15,3,17,true,false,true,false,false,false,false,pit_in
9472,1229,14,16,2024-03-02T15:28:26.320000+00:00,118.814,52.462,42.357,23.995,HARD,2,1,0,0,true,false,false,true,false,false,false,pit_out
9472,1229,14,17,2024-03-02T15:30:25.266000+00:00,96.97,30.546,42.572,23.852,HARD,2,2,0,1,true,false,false,false,false,false,true,
9472,1229,14,18,2024-03-02T15:32:02.084000+00:00,97.361,31.136,42.381,23.844,HARD,2,3,0,2,true,false,false,false,false,false,true,
9472,1229,14,19,2024-03-02T15:33:39.664000+00:00,97.072,30.967,42.236,23.869,HARD,2,4,0,3,true,false,false,false,false,false,true,
9472,1229,14,20,2024-03-02T15:35:16.631000+00:00,97.357,31.08,42.304,23.973,HARD,2,5,0,4,true,false,false,false,false,false,true,
9472,1229,14,21,2024-03-02T15:36:54.028000+00:00,97.342,30.978,42.385,23.979,HARD,2,6,0,5,true,false,false,false,false,false,true,
9472,1229,14,22,2024-03-02T15:38:31.461000+00:00,97.122,30.882,42.371,23.869,HARD,2,7,0,6,true,false,false,false,false,false,true,
9472,1229,14,23,2024-03-02T15:40:08.472000+00:00,97.265,30.946,42.451,23.868,HARD,2,8,0,7,true,false,false,false,false,false,true,
9472,1229,14,24,2024-03-02T15:41:45.663000+00:00,97.046,30.836,42.303,23.907,HARD,2,9,0,8,true,false,false,false,false,false,true,
9472,1229,14,25,2024-03-02T15:43:22.750000+00:00,97.179,30.925,42.232,24.022,HARD,2,10,0,9,true,false,false,false,false,false,true,
9472,1229,14,26,2024-03-02T15:44:59.944000+00:00,97.638,31.295,42.393,23.95,HARD,2,11,0,10,true,false,false,false,false,false,true,
9472,1229,14,27,2024-03-02T15:46:37.575000+00:00,96.945,31.0,42.032,23.913,HARD,2,12,0,11,true,false,false,false,false,false,true,
9472,1229,14,28,2024-03-02T15:48:14.504000+00:00,97.256,31.091,42.208,23.957,HARD,2,13,0,12,true,false,false,false,false,false,true,
9472,1229,14,29,2024-03-02T15:49:51.727000+00:00,97.104,30.948,42.237,23.919,HARD,2,14,0,13,true,false,false,false,false,false,true,
9472,1229,14,30,2024-03-02T15:51:28.922000+00:00,96.982,30.976,42.05,23.956,HARD,2,15,0,14,true,false,false,false,false,false,true,
9472,1229,14,31,2024-03-02T15:53:05.945000+00:00,96.957,30.866,42.192,23.899,HARD,2,16,0,15,true,false,false,false,false,false,true,
9472,1229,14,32,2024-03-02T15:54:42.778000+00:00,97.056,31.023,42.0,24.033,HARD,2,17,0,16,true,false,false,false,false,false,true,
9472,1229,14,33,2024-03-02T15:56:19.912000+00:00,97.202,31.106,42.136,23.96,HARD,2,18,0,17,true,false,false,false,false,false,true,
9472,1229,14,34,2024-03-02T15:57:57.190000+00:00,97.601,31.211,42.33,24.06,HARD,2,19,0,18,true,false,false,false,false,false,true,
9472,1229,14,35,2024-03-02T15:59:34.685000+00:00,97.273,31.078,42.219,23.976,HARD,2,20,0,19,true,false,false,false,false,false,true,
9472,1229,14,36,2024-03-02T16:01:11.896000+00:00,98.343,31.245,42.631,24.467,HARD,2,21,0,20,true,false,false,false,false,false,true,
9472,1229,14,37,2024-03-02T16:02:50.254000+00:00,96.799,30.5,42.284,24.015,HARD,2,22,0,21,true,false,false,false,false,false,true,
9472,1229,14,38,2024-03-02T16:04:27.131000+00:00,97.297,30.952,42.212,24.133,HARD,2,23,0,22,true,false,false,false,false,false,true,
9472,1229,14,39,2024-03-02T16:06:04.374000+00:00,97.946,31.253,42.438,24.255,HARD,2,24,0,23,true,false,false,false,false,false,true,
9472,1229,14,40,2024-03-02T16:07:42.391000+00:00,98.061,31.525,42.36,24.176,HARD,2,25,0,24,true,false,false,false,false,false,true,
9472,1229,14,41,2024-03-02T16:09:20.379000+00:00,100.261,31.046,42.415,26.8,HARD,2,26,0,25,true,false,true,false,false,false,false,pit_in
9472,1229,14,42,2024-03-02T16:11:00.650000+00:00,116.899,52.077,41.387,23.435,HARD,3,1,0,0,true,false,false,true,false,false,false,pit_out
9472,1229,14,43,2024-03-02T16:12:57.493000+00:00,95.107,30.517,41.055,23.535,HARD,3,2,0,1,true,false,false,false,false,false,true,
9472,1229,14,44,2024-03-02T16:14:32.650000+00:00,94.981,30.334,41.382,23.265,HARD,3,3,0,2,true,false,false,false,false,false,true,
9472,1229,14,45,2024-03-02T16:16:07.645000+00:00,94.872,30.536,41.011,23.325,HARD,3,4,0,3,true,false,false,false,false,false,true,
9472,1229,14,46,2024-03-02T16:17:42.564000+00:00,95.126,30.468,41.232,23.426,HARD,3,5,0,4,true,false,false,false,false,false,true,
9472,1229,14,47,2024-03-02T16:19:17.628000+00:00,95.225,30.596,41.183,23.446,HARD,3,6,0,5,true,false,false,false,false,false,true,
9472,1229,14,48,2024-03-02T16:20:52.842000+00:00,94.199,30.046,40.806,23.347,HARD,3,7,0,6,true,false,false,false,false,false,true,
9472,1229,14,49,2024-03-02T16:22:27.126000+00:00,94.571,30.4,40.783,23.388,HARD,3,8,0,7,true,false,false,false,false,false,true,
9472,1229,14,50,2024-03-02T16:24:01.674000+00:00,94.677,30.453,40.794,23.43,HARD,3,9,0,8,true,false,false,false,false,false,true,
9472,1229,14,51,2024-03-02T16:25:36.310000+00:00,94.916,30.543,40.924,23.449,HARD,3,10,0,9,true,false,false,false,false,false,true,
9472,1229,14,52,2024-03-02T16:27:11.199000+00:00,94.862,30.447,40.963,23.452,HARD,3,11,0,10,true,false,false,false,false,false,true,
9472,1229,14,53,2024-03-02T16:28:46.072000+00:00,95.249,30.498,41.106,23.645,HARD,3,12,0,11,true,false,false,false,false,false,true,
9472,1229,14,54,2024-03-02T16:30:21.317000+00:00,95.745,30.701,41.444,23.6,HARD,3,13,0,12,true,false,false,false,false,false,true,
9472,1229,14,55,2024-03-02T16:31:57.067000+00:00,95.066,30.478,41.126,23.462,HARD,3,14,0,13,true,false,false,false,false,false,true,
9472,1229,14,56,2024-03-02T16:33:32.101000+00:00,95.014,30.405,41.122,23.487,HARD,3,15,0,14,true,false,false,false,false,false,true,
9472,1229,14,57,2024-03-02T16:35:07.138000+00:00,95.276,30.59,41.134,23.552,HARD,3,16,0,15,true,false,false,false,false,false,true,
9472,1229,16,1,2024-03-02T15:03:42.341000+00:00,98.679,33.495,41.549,23.635,SOFT,1,1,3,3,true,true,false,false,false,true,false,standing_start;neutralised
9472,1229,16,2,2024-03-02T15:05:21.019000+00:00,96.862,31.166,41.864,23.832,SOFT,1,2,3,4,true,false,false,false,false,false,true,
9472,1229,16,3,2024-03-02T15:06:57.933000+00:00,98.062,31.223,42.856,23.983,SOFT,1,3,3,5,true,false,false,false,false,false,true,
9472,1229,16,4,2024-03-02T15:08:36.013000+00:00,97.752,30.958,42.784,24.01,SOFT,1,4,3,6,true,false,false,false,true,false,false,deleted_lap
9472,1229,16,5,2024-03-02T15:10:13.780000+00:00,98.131,31.192,42.872,24.067,SOFT,1,5,3,7,true,false,false,false,false,false,true,
9472,1229,16,6,2024-03-02T15:11:51.804000+00:00,97.782,30.936,42.751,24.095,SOFT,1,6,3,8,true,false,false,false,false,false,true,
9472,1229,16,7,2024-03-02T15:13:29.724000+00:00,98.957,31.008,43.761,24.188,SOFT,1,7,3,9,true,false,false,false,false,false,true,
9472,1229,16,8,2024-03-02T15:15:08.572000+00:00,98.136,31.2,42.753,24.183,SOFT,1,8,3,10,true,false,false,false,false,false,true,
9472,1229,16,9,2024-03-02T15:16:46.813000+00:00,97.844,31.147,42.533,24.164,SOFT,1,9,3,11,true,false,false,false,false,false,true,
9472,1229,16,10,2024-03-02T15:18:24.582000+00:00,97.884,30.988,42.534,24.362,SOFT,1,10,3,12,true,false,false,false,false,true,false,neutralised
9472,1229,16,11,2024-03-02T15:20:02.545000+00:00,101.737,32.241,42.647,26.849,SOFT,1,11,3,13,true,false,true,false,false,false,false,pit_in
9472,1229,16,12,2024-03-02T15:21:44.282000+00:00,117.471,51.178,42.371,23.922,HARD,2,1,0,0,true,false,false,true,false,false,false,pit_out
9472,1229,16,13,2024-03-02T15:23:41.713000+00:00,96.432,30.58,42.173,23.679,HARD,2,2,0,1,true,false,false,false,false,false,true,
9472,1229,16,14,2024-03-02T15:25:18.300000+00:00,96.756,30.787,42.232,23.737,HARD,2,3,0,2,true,false,false,false,false,false,true,
9472,1229,16,15,2024-03-02T15:26:54.922000+00:00,96.813,30.831,42.256,23.726,HARD,2,4,0,3,true,false,false,false,false,false,true,
9472,1229,16,16,2024-03-02T15:28:31.703000+00:00,96.673,30.606,42.32,23.747,HARD,2,5,0,4,true,false,false,false,false,false,true,
9472,1229,16,17,2024-03-02T15:30:08.227000+00:00,97.302,31.109,42.332,23.861,HARD,2,6,0,5,true,false,false,false,false,false,true,
9472,1229,16,18,2024-03-02T15:31:45.651000+00:00,97.438,31.18,42.467,23.791,HARD,2,7,0,6,true,false,false,false,false,false,true,
9472,1229,16,19,2024-03-02T15:33:23.136000+00:00,96.821,30.986,42.03,23.805,HARD,2,8,0,7,true,false,false,false,false,false,true,
9472,1229,16,20,2024-03-02T15:34:59.925000+00:00,96.794,30.839,42.103,23.852,HARD,2,9,0,8,true,false,false,false,false,false,true,
9472,1229,16,21,2024-03-02T15:36:36.698000+00:00,96.977,31.089,42.091,23.797,HARD,2,10,0,9,true,false,false,false,false,false,true,
9472,1229,16,22,2024-03-02T15:38:13.647000+00:00,96.796,30.994,41.976,23.826,HARD,2,11,0,10,true,false,false,false,false,false,true,
9472,1229,16,23,2024-03-02T15:39:50.476000+00:00,96.987,31.131,41.941,23.915,HARD,2,12,0,11,true,false,false,false,false,false,true,
9472,1229,16,24,2024-03-02T15:41:27.495000+00:00,96.924,31.083,41.904,23.937,HARD,2,13,0,12,true,false,false,false,false,false,true,
9472,1229,16,25,2024-03-02T15:43:04.442000+00:00,96.76,31.059,41.828,23.873,HARD,2,14,0,13,true,false,false,false,false,false,true,
9472,1229,16,26,2024-03-02T15:44:41.174000+00:00,96.81,30.991,41.901,23.918,HARD,2,15,0,14,true,false,false,false,false,false,true,
9472,1229,16,27,2024-03-02T15:46:18.033000+00:00,96.831,31.081,41.881,23.869,HARD,2,16,0,15,true,false,false,false,false,false,true,
9472,1229,16,28,2024-03-02T15:47:54.787000+00:00,96.907,31.019,41.971,23.917,HARD,2,17,0,16,true,false,false,false,false,false,true,
9472,1229,16,29,2024-03-02T15:49:31.662000+00:00,96.963,30.974,42.065,23.924,HARD,2,18,0,17,true,false,false,false,false,false,true,
9472,1229,16,30,2024-03-02T15:51:08.688000+00:00,97.158,31.134,42.03,23.994,HARD,2,19,0,18,true,false,false,false,false,false,true,
9472,1229,16,31,2024-03-02T15:52:45.777000+00:00,97.031,30.999,42.079,23.953,HARD,2,20,0,19,true,false,false,false,false,false,true,
9472,1229,16,32,2024-03-02T15:54:22.697000+00:00,96.941,31.153,41.922,23.866,HARD,2,21,0,20,true,false,false,false,false,false,true,
9472,1229,16,33,2024-03-02T15:55:59.834000+00:00,96.741,30.99,41.868,23.883,HARD,2,22,0,21,true,false,false,false,false,false,true,
9472,1229,16,34,2024-03-02T15:57:36.511000+00:00,99.614,31.219,41.932,26.463,HARD,2,23,0,22,true,false,true,false,false,false,false,pit_in
9472,1229,16,35,2024-03-02T15:59:16.179000+00:00,116.166,51.681,41.26,23.225,HARD,3,1,0,0,true,false,false,true,false,false,false,pit_out
9472,1229,16,36,2024-03-02T16:01:12.318000+00:00,94.09,30.063,40.65,23.377,HARD,3,2,0,1,true,false,false,false,false,false,true,
9472,1229,16,37,2024-03-02T16:02:46.475000+00:00,94.897,30.611,40.962,23.324,HARD,3,3,0,2,true,false,false,false,false,false,true,
9472,1229,16,38,2024-03-02T16:04:21.318000+00:00,94.783,30.55,40.953,23.28,HARD,3,4,0,3,true,false,false,false,false,false,true,
9472,1229,16,39,2024-03-02T16:05:56.155000+00:00,95.087,30.604,41.077,23.406,HARD,3,5,0,4,true,false,false,false,false,false,true,
9472,1229,16,40,2024-03-02T16:07:31.234000+00:00,94.859,30.507,40.836,23.516,HARD,3,6,0,5,true,false,false,false,false,false,true,
9472,1229,16,41,2024-03-02T16:09:05.969000+00:00,95.028,30.539,41.033,23.456,HARD,3,7,0,6,true,false,false,false,false,false,true,
9472,1229,16,42,2024-03-02T16:10:41.023000+00:00,94.982,30.413,41.067,23.502,HARD,3,8,0,7,true,false,false,false,false,false,true,
9472,1229,16,43,2024-03-02T16:12:16.114000+00:00,95.192,30.286,41.367,23.539,HARD,3,9,0,8,true,false,false,false,false,false,true,
9472,1229,16,44,2024-03-02T16:13:51.222000+00:00,95.051,30.468,41.124,23.459,HARD,3,10,0,9,true,false,false,false,false,false,true,
9472,1229,16,45,2024-03-02T16:15:26.233000+00:00,95.22,30.355,41.281,23.584,HARD,3,11,0,10,true,false,false,false,false,false,true,
9472,1229,16,46,2024-03-02T16:17:01.499000+00:00,95.058,30.238,41.4,23.42,HARD,3,12,0,11,true,false,false,false,false,false,true,
9472,1229,16,47,2024-03-02T16:18:36.521000+00:00,95.057,30.577,41.115,23.365,HARD,3,13,0,12,true,false,false,false,false,false,true,
9472,1229,16,48,2024-03-02T16:20:11.619000+00:00,95.308,30.64,41.183,23.485,HARD,3,14,0,13,true,false,false,false,false,false,true,
9472,1229,16,49,2024-03-02T16:21:47.040000+00:00,95.302,30.689,41.12,23.493,HARD,3,15,0,14,true,false,false,false,false,false,true,
9472,1229,16,50,2024-03-02T16:23:22.246000+00:00,95.383,30.639,41.285,23.459,HARD,3,16,0,15,true,false,false,false,false,false,true,
9472,1229,16,51,2024-03-02T16:24:57.621000+00:00,95.418,30.721,41.116,23.581,HARD,3,17,0,16,true,false,false,false,false,false,true,
9472,1229,16,52,2024-03-02T16:26:33.105000+00:00,95.394,30.693,41.156,23.545,HARD,3,18,0,17,true,false,false,false,false,false,true,
9472,1229,16,53,2024-03-02T16:28:08.474000+00:00,95.48,30.777,41.227,23.476,HARD,3,19,0,18,true,false,false,false,false,false,true,
9472,1229,16,54,2024-03-02T16:29:43.963000+00:00,95.265,30.7,41.077,23.488,HARD,3,20,0,19,true,false,false,false,false,false,true,
9472,1229,16,55,2024-03-02T16:31:19.188000+00:00,95.785,30.857,41.308,23.62,HARD,3,21,0,20,true,false,false,false,false,false,true,
9472,1229,16,56,2024-03-02T16:32:55.041000+00:00,95.924,30.744,41.565,23.615,HARD,3,22,0,21,true,false,false,false,false,false,true,
9472,1229,16,57,2024-03-02T16:34:30.893000+00:00,96.324,30.856,41.655,23.813,HARD,3,23,0,22,true,false,false,false,false,false,true,
9472,1229,18,1,2024-03-02T15:03:42.341000+00:00,110.537,41.8,44.4,24.337,SOFT,1,1,0,0,true,true,false,false,false,true,false,standing_start;neutralised
9472,1229,18,2,2024-03-02T15:05:32.877000+00:00,97.987,31.319,42.653,24.015,SOFT,1,2,0,1,true,false,false,false,false,false,true,
9472,1229,18,3,2024-03-02T15:07:11.091000+00:00,98.279,31.279,42.79,24.21,SOFT,1,3,0,2,true,false,false,false,false,false,true,
9472,1229,18,4,2024-03-02T15:08:49.291000+00:00,98.364,30.944,43.227,24.193,SOFT,1,4,0,3,true,false,false,false,false,false,true,
9472,1229,18,5,2024-03-02T15:10:27.632000+00:00,98.725,30.987,43.577,24.161,SOFT,1,5,0,4,true,false,false,false,false,false,true,
9472,1229,18,6,2024-03-02T15:12:06.338000+00:00,98.925,31.554,43.188,24.183,SOFT,1,6,0,5,true,false,false,false,false,false,true,
9472,1229,18,7,2024-03-02T15:13:45.354000+00:00,98.769,31.302,43.186,24.281,SOFT,1,7,0,6,true,false,false,false,false,false,true,
9472,1229,18,8,2024-03-02T15:15:24.026000+00:00,98.857,30.963,43.37,24.524,SOFT,1,8,0,7,true,false,false,false,false,false,true,
9472,1229,18,9,2024-03-02T15:17:02.856000+00:00,102.112,31.431,43.451,27.23,SOFT,1,9,0,8,true,false,true,false,false,false,false,pit_in
9472,1229,18,10,2024-03-02T15:18:45.037000+00:00,117.815,51.912,42.22,23.683,HARD,2,1,0,0,true,false,false,true,false,true,false,pit_out;neutralised
9472,1229,18,11,2024-03-02T15:20:42.802000+00:00,96.494,30.684,42.077,23.733,HARD,2,2,0,1,true,false,false,false,false,false,true,
9472,1229,18,12,2024-03-02T15:22:19.385000+00:00,97.175,30.961,42.338,23.876,HARD,2,3,0,2,true,false,false,false,false,false,true,
9472,1229,18,13,2024-03-02T15:23:56.497000+00:00,97.289,30.988,42.395,23.906,HARD,2,4,0,3,true,false,false,false,false,false,true,
9472,1229,18,14,2024-03-02T15:25:33.710000+00:00,97.624,31.039,42.588,23.997,HARD,2,5,0,4,true,false,false,false,false,false,true,
9472,1229,18,15,2024-03-02T15:27:11.408000+00:00,97.533,30.928,42.631,23.974,HARD,2,6,0,5,true,false,false,false,false,false,true,
9472,1229,18,16,2024-03-02T15:28:48.848000+00:00,98.027,31.238,42.753,24.036,HARD,2,7,0,6,true,false,false,false,false,false,true,
9472,1229,18,17,2024-03-02T15:30:26.910000+00:00,98.777,31.663,42.958,24.156,HARD,2,8,0,7,true,false,false,false,false,false,true,
9472,1229,18,18,2024-03-02T15:32:05.759000+00:00,97.417,30.775,42.503,24.139,HARD,2,9,0,8,true,false,false,false,false,false,true,
9472,1229,18,19,2024-03-02T15:33:43.194000+00:00,97.554,30.774,42.598,24.182,HARD,2,10,0,9,true,false,false,false,false,false,true,
9472,1229,18,20,2024-03-02T15:35:20.751000+00:00,97.859,31.219,42.499,24.141,HARD,2,11,0,10,true,false,false,false,false,false,true,
9472,1229,18,21,2024-03-02T15:36:58.630000+00:00,98.022,31.191,42.686,24.145,HARD,2,12,0,11,true,false,false,false,false,false,true,
9472,1229,18,22,2024-03-02T15:38:36.600000+00:00,98.175,31.109,42.935,24.131,HARD,2,13,0,12,true,false,false,false,false,false,true,
9472,1229,18,23,2024-03-02T15:40:14.803000+00:00,97.826,31.057,42.668,24.101,HARD,2,14,0,13,true,false,false,false,false,false,true,
9472,1229,18,24,2024-03-02T15:41:52.539000+00:00,98.138,31.071,42.831,24.236,HARD,2,15,0,14,true,false,false,false,false,false,true,
9472,1229,18,25,2024-03-02T15:43:30.785000+00:00,97.994,31.105,42.77,24.119,HARD,2,16,0,15,true,false,false,false,false,false,true,
9472,1229,18,26,2024-03-02T15:45:08.677000+00:00,98.133,31.156,42.759,24.218,HARD,2,17,0,16,true,false,false,false,false,false,true,
9472,1229,18,27,2024-03-02T15:46:46.827000+00:00,100.71,31.196,42.791,26.723,HARD,2,18,0,17,true,false,true,false,false,false,false,pit_in
9472,1229,18,28,2024-03-02T15:48:27.503000+00:00,116.64,51.64,41.554,23.446,HARD,3,1,0,0,true,false,false,true,false,false,false,pit_out
9472,1229,18,29,2024-03-02T15:50:24.326000+00:00,95.854,30.749,41.609,23.496,HARD,3,2,0,1,true,false,false,false,false,false,true,
9472,1229,18,30,2024-03-02T15:52:00.091000+00:00,95.632,30.429,41.682,23.521,HARD,3,3,0,2,true,false,false,false,false,false,true,
9472,1229,18,31,2024-03-02T15:53:35.670000+00:00,96.202,30.622,41.79,23.79,HARD,3,4,0,3,true,false,false,false,false,false,true,
9472,1229,18,32,2024-03-02T15:55:11.874000+00:00,95.821,30.248,41.8,23.773,HARD,3,5,0,4,true,false,false,false,false,false,true,
9472,1229,18,33,2024-03-02T15:56:47.793000+00:00,96.349,30.607,42.088,23.654,HARD,3,6,0,5,true,false,false,false,false,false,true,
9472,1229,18,34,2024-03-02T15:58:24.160000+00:00,96.332,30.969,41.709,23.654,HARD,3,7,0,6,true,false,false,false,false,false,true,
9472,1229,18,35,2024-03-02T16:00:00.516000+00:00,96.242,30.837,41.766,23.639,HARD,3,8,0,7,true,false,false,false,false,false,true,
9472,1229,18,36,2024-03-02T16:01:36.672000+00:00,96.086,30.694,41.748,23.644,HARD,3,9,0,8,true,false,false,false,false,false,true,
9472,1229,18,37,2024-03-02T16:03:12.668000+00:00,95.987,30.676,41.775,23.536,HARD,3,10,0,9,true,false,false,false,false,false,true,
9472,1229,18,38,2024-03-02T16:04:48.629000+00:00,96.364,30.776,41.926,23.662,HARD,3,11,0,10,true,false,false,false,false,false,true,
9472,1229,18,39,2024-03-02T16:06:25.202000+00:00,96.353,30.792,41.959,23.602,HARD,3,12,0,11,true,false,false,false,false,false,true,
9472,1229,18,40,2024-03-02T16:08:01.510000+00:00,96.485,30.896,41.927,23.662,HARD,3,13,0,12,true,false,false,false,false,false,true,
9472,1229,18,41,2024-03-02T16:09:37.899000+00:00,96.322,30.877,41.749,23.696,HARD,3,14,0,13,true,false,false,false,false,false,true,
9472,1229,18,42,2024-03-02T16:11:14.251000+00:00,96.343,30.774,41.917,23.652,HARD,3,15,0,14,true,false,false,false,false,false,true,
9472,1229,18,43,2024-03-02T16:12:50.652000+00:00,96.304,30.843,41.859,23.602,HARD,3,16,0,15,true,false,false,false,false,false,true,
9472,1229,18,44,2024-03-02T16:14:26.942000+00:00,96.564,30.788,42.023,23.753,HARD,3,17,0,16,true,false,false,false,false,false,true,
9472,1229,18,45,2024-03-02T16:16:03.464000+00:00,96.243,30.712,41.834,23.697,HARD,3,18,0,17,true,false,false,false,false,false,true,
9472,1229,18,46,2024-03-02T16:17:39.703000+00:00,96.379,30.808,41.882,23.689,HARD,3,19,0,18,true,false,false,false,false,false,true,
9472,1229,18,47,2024-03-02T16:19:16.194000+00:00,96.298,30.835,41.744,23.719,HARD,3,20,0,19,true,false,false,false,false,false,true,
9472,1229,18,48,2024-03-02T16:20:52.403000+00:00,97.325,31.346,42.156,23.823,HARD,3,21,0,20,true,false,false,false,false,false,true,
9472,1229,18,49,2024-03-02T16:22:29.797000+00:00,96.871,30.92,42.119,23.832,HARD,3,22,0,21,true,false,false,false,false,false,true,
9472,1229,18,50,2024-03-02T16:24:06.637000+00:00,96.541,30.808,41.978,23.755,HARD,3,23,0,22,true,false,false,false,false,false,true,
9472,1229,18,51,2024-03-02T16:25:43.121000+00:00,96.763,30.882,42.075,23.806,HARD,3,24,0,23,true,false,false,false,false,false,true,
9472,1229,18,52,2024-03-02T16:27:19.882000+00:00,96.934,31.144,42.016,23.774,HARD,3,25,0,24,true,false,false,false,false,false,true,
9472,1229,18,53,2024-03-02T16:28:56.868000+00:00,96.64,30.894,42.017,23.729,HARD,3,26,0,25,true,false,false,false,false,false,true,
9472,1229,18,54,2024-03-02T16:30:33.541000+00:00,96.693,30.938,41.971,23.784,HARD,3,27,0,26,true,false,false,false,false,false,true,
9472,1229,18,55,2024-03-02T16:32:10.179000+00:00,96.68,30.92,41.999,23.761,HARD,3,28,0,27,true,false,false,false,false,false,true,
9472,1229,18,56,2024-03-02T16:33:46.830000+00:00,96.582,30.87,41.951,23.761,HARD,3,29,0,28,true,false,false,false,false,false,true,
9472,1229,18,57,2024-03-02T16:35:23.428000+00:00,97.335,30.994,42.237,24.104,HARD,3,30,0,29,true,false,false,false,false,false,true,
9472,1229,20,1,2024-03-02T15:03:42.341000+00:00,104.851,36.264,44.375,24.212,SOFT,1,1,0,0,true,true,false,false,false,true,false,standing_start;neutralised
9472,1229,20,2,2024-03-02T15:05:27.191000+00:00,98.911,31.591,43.075,24.245,SOFT,1,2,0,1,true,false,false,false,false,false,true,
9472,1229,20,3,2024-03-02T15:07:06.129000+00:00,98.399,30.969,43.118,24.312,SOFT,1,3,0,2,true,false,false,false,false,false,true,
9472,1229,20,4,2024-03-02T15:08:44.453000+00:00,98.497,30.993,42.992,24.512,SOFT,1,4,0,3,true,false,false,false,false,false,true,
9472,1229,20,5,2024-03-02T15:10:22.918000+00:00,98.576,31.066,43.108,24.402,SOFT,1,5,0,4,true,false,false,false,false,false,true,
9472,1229,20,6,2024-03-02T15:12:01.544000+00:00,98.529,30.952,43.041,24.536,SOFT,1,6,0,5,true,false,false,false,false,false,true,
9472,1229,20,7,2024-03-02T15:13:40.046000+00:00,100.058,32.132,43.112,24.814,SOFT,1,7,0,6,true,false,false,false,false,false,true,
9472,1229,20,8,2024-03-02T15:15:20.089000+00:00,99.172,31.557,43.072,24.543,SOFT,1,8,0,7,true,false,false,false,false,false,true,
9472,1229,20,9,2024-03-02T15:16:59.332000+00:00,98.861,31.383,42.932,24.546,SOFT,1,9,0,8,true,false,false,false,false,false,true,
9472,1229,20,10,2024-03-02T15:18:38.135000+00:00,98.747,31.307,42.925,24.515,SOFT,1,10,0,9,true,false,false,false,false,true,false,neutralised
9472,1229,20,11,2024-03-02T15:20:16.971000+00:00,101.088,31.311,42.714,27.063,SOFT,1,11,0,10,true,false,true,false,false,false,false,pit_in
9472,1229,20,12,2024-03-02T15:21:57.941000+00:00,119.682,53.306,42.365,24.011,HARD,2,1,0,0,true,false,false,true,false,false,false,pit_out
9472,1229,20,13,2024-03-02T15:23:57.680000+00:00,96.89,30.905,41.951,24.034,HARD,2,2,0,1,true,false,false,false,false,false,true,
9472,1229,20,14,2024-03-02T15:25:34.459000+00:00,97.59,30.826,42.424,24.34,HARD,2,3,0,2,true,false,false,false,false,false,true,
9472,1229,20,15,2024-03-02T15:27:12.091000+00:00,98.332,31.154,42.886,24.292,HARD,2,4,0,3,true,false,false,false,false,false,true,
9472,1229,20,16,2024-03-02T15:28:50.418000+00:00,97.749,30.774,42.696,24.279,HARD,2,5,0,4,true,false,false,false,false,false,true,
9472,1229,20,17,2024-03-02T15:30:28.161000+00:00,98.282,30.953,42.957,24.372,HARD,2,6,0,5,true,false,false,false,false,false,true,
9472,1229,20,18,2024-03-02T15:32:06.501000+00:00,97.583,30.69,42.526,24.367,HARD,2,7,0,6,true,false,false,false,false,false,true,
9472,1229,20,19,2024-03-02T15:33:44.091000+00:00,97.792,30.82,42.677,24.295,HARD,2,8,0,7,true,false,false,false,false,false,true,
9472,1229,20,20,2024-03-02T15:35:21.854000+00:00,98.062,31.168,42.636,24.258,HARD,2,9,0,8,true,false,false,false,false,false,true,
9472,1229,20,21,2024-03-02T15:36:59.963000+00:00,98.01,31.041,42.738,24.231,HARD,2,10,0,9,true,false,false,false,false,false,true,
9472,1229,20,22,2024-03-02T15:38:37.999000+00:00,98.147,31.214,42.628,24.305,HARD,2,11,0,10,true,false,false,false,false,false,true,
9472,1229,20,23,2024-03-02T15:40:16.079000+00:00,98.293,31.284,42.627,24.382,HARD,2,12,0,11,true,false,false,false,false,false,true,
9472,1229,20,24,2024-03-02T15:41:54.478000+00:00,98.156,31.155,42.693,24.308,HARD,2,13,0,12,true,false,false,false,false,false,true,
9472,1229,20,25,2024-03-02T15:43:32.514000+00:00,98.29,31.368,42.696,24.226,HARD,2,14,0,13,true,false,false,false,false,false,true,
9472,1229,20,26,2024-03-02T15:45:10.935000+00:00,98.093,31.173,42.528,24.392,HARD,2,15,0,14,true,false,false,false,false,false,true,
9472,1229,20,27,2024-03-02T15:46:49.040000+00:00,98.226,31.201,42.67,24.355,HARD,2,16,0,15,true,false,false,false,false,false,true,
9472,1229,20,28,2024-03-02T15:48:27.003000+00:00,97.936,31.209,42.495,24.232,HARD,2,17,0,16,true,false,false,false,false,false,true,
9472,1229,20,29,2024-03-02T15:50:05.109000+00:00,97.965,31.197,42.504,24.264,HARD,2,18,0,17,true,false,false,false,false,false,true,
9472,1229,20,30,2024-03-02T15:51:43.074000+00:00,98.04,31.138,42.655,24.247,HARD,2,19,0,18,true,false,false,false,false,false,true,
9472,1229,20,31,2024-03-02T15:53:21.168000+00:00,98.0,31.181,42.628,24.191,HARD,2,20,0,19,true,false,false,false,false,false,true,
9472,1229,20,32,2024-03-02T15:54:59.087000+00:00,100.565,31.273,42.416,26.876,HARD,2,21,0,20,true,false,true,false,false,false,false,pit_in
9472,1229,20,33,2024-03-02T15:56:39.737000+00:00,116.655,51.473,41.575,23.607,HARD,3,1,0,0,true,false,false,true,false,false,false,pit_out
9472,1229,20,34,2024-03-02T15:58:36.398000+00:00,95.57,30.532,41.409,23.629,HARD,3,2,0,1,true,false,false,false,false,false,true,
9472,1229,20,35,2024-03-02T16:00:12.060000+00:00,95.698,30.538,41.44,23.72,HARD,3,3,0,2,true,false,false,false,false,false,true,
9472,1229,20,36,2024-03-02T16:01:47.554000+00:00,95.851,30.227,41.898,23.726,HARD,3,4,0,3,true,false,false,false,false,false,true,
9472,1229,20,37,2024-03-02T16:03:23.492000+00:00,95.741,30.546,41.491,23.704,HARD,3,5,0,4,true,false,false,false,false,false,true,
9472,1229,20,38,2024-03-02T16:04:59.136000+00:00,96.042,30.724,41.576,23.742,HARD,3,6,0,5,true,false,false,false,false,false,true,
9472,1229,20,39,2024-03-02T16:06:35.380000+00:00,95.876,30.654,41.474,23.748,HARD,3,7,0,6,true,false,false,false,false,false,true,
9472,1229,20,40,2024-03-02T16:08:11.112000+00:00,96.071,30.623,41.738,23.71,HARD,3,8,0,7,true,false,false,false,false,false,true,
9472,1229,20,41,2024-03-02T16:09:47.198000+00:00,96.34,30.645,41.845,23.85,HARD,3,9,0,8,true,false,false,false,false,false,true,
9472,1229,20,42,2024-03-02T16:11:23.525000+00:00,96.31,30.72,41.743,23.847,HARD,3,10,0,9,true,false,false,false,false,false,true,
9472,1229,20,43,2024-03-02T16:12:59.874000+00:00,96.232,30.709,41.74,23.783,HARD,3,11,0,10,true,false,false,false,false,false,true,
9472,1229,20,44,2024-03-02T16:14:36.059000+00:00,96.249,30.647,41.679,23.923,HARD,3,12,0,11,true,false,false,false,false,false,true,
9472,1229,20,45,2024-03-02T16:16:12.365000+00:00,96.349,30.692,41.776,23.881,HARD,3,13,0,12,true,false,false,false,false,false,true,
9472,1229,20,46,2024-03-02T16:17:48.695000+00:00,96.446,30.713,41.779,23.954,HARD,3,14,0,13,true,false,false,false,false,false,true,
9472,1229,20,47,2024-03-02T16:19:25.029000+00:00,96.454,30.753,41.74,23.961,HARD,3,15,0,14,true,false,false,false,false,false,true,
9472,1229,20,48,2024-03-02T16:21:02.034000+00:00,96.679,30.865,41.817,23.997,HARD,3,16,0,15,true,false,false,false,false,false,true,
9472,1229,20,49,2024-03-02T16:22:38.250000+00:00,96.842,30.909,41.991,23.942,HARD,3,17,0,16,true,false,false,false,false,false,true,
9472,1229,20,50,2024-03-02T16:24:15.036000+00:00,97.035,30.969,42.041,24.025,HARD,3,18,0,17,true,false,false,false,false,false,true,
9472,1229,20,51,2024-03-02T16:25:52.106000+00:00,96.929,30.98,42.05,23.899,HARD,3,19,0,18,true,false,false,false,false,false,true,
9472,1229,20,52,2024-03-02T16:27:29.064000+00:00,96.93,30.91,41.964,24.056,HARD,3,20,0,19,true,false,false,false,false,false,true,
9472,1229,20,53,2024-03-02T16:29:06.010000+00:00,97.958,30.951,43.013,23.994,HARD,3,21,0,20,true,false,false,false,false,false,true,
9472,1229,20,54,2024-03-02T16:30:43.920000+00:00,96.89,30.682,42.093,24.115,HARD,3,22,0,21,true,false,false,false,false,false,true,
9472,1229,20,55,2024-03-02T16:32:20.753000+00:00,97.457,31.014,42.356,24.087,HARD,3,23,0,22,true,false,false,false,false,false,true,
9472,1229,20,56,2024-03-02T16:33:58.264000+00:00,97.584,31.04,42.465,24.079,HARD,3,24,0,23,true,false,false,false,false,false,true,
9472,1229,22,1,2024-03-02T15:03:42.341000+00:00,103.848,35.661,43.842,24.345,SOFT,1,1,0,0,true,true,false,false,false,true,false,standing_start;neutralised
9472,1229,22,2,2024-03-02T15:05:26.188000+00:00,98.689,31.675,42.717,24.297,SOFT,1,2,0,1,true,false,false,false,false,false,true,
9472,1229,22,3,2024-03-02T15:07:04.993000+00:00,98.431,30.989,43.073,24.369,SOFT,1,3,0,2,true,false,false,false,false,false,true,
9472,1229,22,4,2024-03-02T15:08:43.327000+00:00,98.31,31.025,42.992,24.293,SOFT,1,4,0,3,true,false,false,false,false,false,true,
9472,1229,22,5,2024-03-02T15:10:21.674000+00:00,98.321,31.023,42.98,24.318,SOFT,1,5,0,4,true,false,false,false,false,false,true,
9472,1229,22,6,2024-03-02T15:12:00.082000+00:00,98.361,31.132,42.949,24.28,SOFT,1,6,0,5,true,false,false,false,false,false,true,
9472,1229,22,7,2024-03-02T15:13:38.399000+00:00,98.364,31.121,42.887,24.356,SOFT,1,7,0,6,true,false,false,false,false,false,true,
9472,1229,22,8,2024-03-02T15:15:16.764000+00:00,98.513,31.298,42.871,24.344,SOFT,1,8,0,7,true,false,false,false,false,false,true,
9472,1229,22,9,2024-03-02T15:16:55.234000+00:00,98.554,31.329,42.861,24.364,SOFT,1,9,0,8,true,false,false,false,false,false,true,
9472,1229,22,10,2024-03-02T15:18:33.869000+00:00,98.912,31.476,43.062,24.374,SOFT,1,10,0,9,true,false,false,false,true,true,false,deleted_lap;neutralised
9472,1229,22,11,2024-03-02T15:20:12.682000+00:00,98.799,31.342,43.015,24.442,SOFT,1,11,0,10,true,false,false,false,false,false,true,
9472,1229,22,12,2024-03-02T15:21:51.504000+00:00,98.769,31.398,43.001,24.37,SOFT,1,12,0,11,true,false,false,false,false,false,true,
9472,1229,22,13,2024-03-02T15:23:30.182000+00:00,98.86,31.511,42.985,24.364,SOFT,1,13,0,12,true,false,false,false,false,false,true,
9472,1229,22,14,2024-03-02T15:25:09.093000+00:00,101.138,31.394,42.967,26.777,SOFT,1,14,0,13,true,false,true,false,false,false,false,pit_in
9472,1229,22,15,2024-03-02T15:26:50.268000+00:00,119.588,52.618,42.949,24.021,HARD,2,1,0,0,true,false,false,true,false,false,false,pit_out
9472,1229,22,16,2024-03-02T15:28:49.899000+00:00,97.516,30.895,42.677,23.944,HARD,2,2,0,1,true,false,false,false,false,false,true,
9472,1229,22,17,2024-03-02T15:30:27.374000+00:00,97.482,30.908,42.625,23.949,HARD,2,3,0,2,true,false,false,false,false,false,true,
9472,1229,22,18,2024-03-02T15:32:04.756000+00:00,97.359,30.973,42.336,24.05,HARD,2,4,0,3,true,false,false,false,false,false,true,
9472,1229,22,19,2024-03-02T15:33:42.194000+00:00,97.396,31.096,42.262,24.038,HARD,2,5,0,4,true,false,false,false,false,false,true,
9472,1229,22,20,2024-03-02T15:35:19.661000+00:00,97.766,31.229,42.359,24.178,HARD,2,6,0,5,true,false,false,false,false,false,true,
9472,1229,22,21,2024-03-02T15:36:57.391000+00:00,97.777,31.144,42.57,24.063,HARD,2,7,0,6,true,false,false,false,false,false,true,
9472,1229,22,22,2024-03-02T15:38:35.134000+00:00,97.837,31.173,42.531,24.133,HARD,2,8,0,7,true,false,false,false,false,false,true,
9472,1229,22,23,2024-03-02T15:40:12.950000+00:00,97.671,31.096,42.405,24.17,HARD,2,9,0,8,true,false,false,false,false,false,true,
9472,1229,22,24,2024-03-02T15:41:50.721000+00:00,97.634,31.145,42.276,24.213,HARD,2,10,0,9,true,false,false,false,false,false,true,
9472,1229,22,25,2024-03-02T15:43:28.420000+00:00,97.851,31.05,42.613,24.188,HARD,2,11,0,10,true,false,false,false,false,false,true,
9472,1229,22,26,2024-03-02T15:45:06.152000+00:00,98.058,31.252,42.54,24.266,HARD,2,12,0,11,true,false,false,false,false,false,true,
9472,1229,22,27,2024-03-02T15:46:44.254000+00:00,98.083,31.195,42.468,24.42,HARD,2,13,0,12,true,false,false,false,true,false,false,deleted_lap
9472,1229,22,28,2024-03-02T15:48:22.363000+00:00,98.164,31.266,42.608,24.29,HARD,2,14,0,13,true,false,false,false,false,false,true,
9472,1229,22,29,2024-03-02T15:50:00.438000+00:00,97.777,31.161,42.542,24.074,HARD,2,15,0,14,true,false,false,false,false,false,true,
9472,1229,22,30,2024-03-02T15:51:38.198000+00:00,97.477,31.158,42.314,24.005,HARD,2,16,0,15,true,false,false,false,false,false,true,
9472,1229,22,31,2024-03-02T15:53:15.776000+00:00,97.468,31.151,42.349,23.968,HARD,2,17,0,16,true,false,false,false,false,false,true,
9472,1229,22,32,2024-03-02T15:54:53.228000+00:00,97.847,31.448,42.329,24.07,HARD,2,18,0,17,true,false,false,false,false,false,true,
9472,1229,22,33,2024-03-02T15:56:30.990000+00:00,97.498,31.221,42.222,24.055,HARD,2,19,0,18,true,false,false,false,false,false,true,
9472,1229,22,34,2024-03-02T15:58:08.559000+00:00,100.835,31.415,42.711,26.709,HARD,2,20,0,19,true,false,true,false,false,false,false,pit_in
9472,1229,22,35,2024-03-02T15:59:49.437000+00:00,117.417,52.138,41.771,23.508,HARD,3,1,0,0,true,false,false,true,false,false,false,pit_out
9472,1229,22,36,2024-03-02T16:01:46.840000+00:00,97.706,31.984,41.954,23.768,HARD,3,2,0,1,true,false,false,false,false,false,true,
9472,1229,22,37,2024-03-02T16:03:24.464000+00:00,95.833,30.48,41.686,23.667,HARD,3,3,0,2,true,false,false,false,false,false,true,
9472,1229,22,38,2024-03-02T16:05:00.350000+00:00,97.046,30.732,42.39,23.924,HARD,3,4,0,3,true,false,false,false,false,false,true,
9472,1229,22,39,2024-03-02T16:06:37.398000+00:00,96.125,30.733,41.684,23.708,HARD,3,5,0,4,true,false,false,false,false,false,true,
9472,1229,22,40,2024-03-02T16:08:13.525000+00:00,96.263,30.886,41.751,23.626,HARD,3,6,0,5,true,false,false,false,false,false,true,
9472,1229,22,41,2024-03-02T16:09:49.850000+00:00,96.179,30.801,41.719,23.659,HARD,3,7,0,6,true,false,false,false,false,false,true,
9472,1229,22,42,2024-03-02T16:11:25.885000+00:00,95.981,30.697,41.532,23.752,HARD,3,8,0,7,true,false,false,false,false,false,true,
9472,1229,22,43,2024-03-02T16:13:01.981000+00:00,95.956,30.713,41.533,23.71,HARD,3,9,0,8,true,false,false,false,false,false,true,
9472,1229,22,44,2024-03-02T16:14:37.932000+00:00,96.144,30.776,41.594,23.774,HARD,3,10,0,9,true,false,false,false,false,false,true,
9472,1229,22,45,2024-03-02T16:16:14.062000+00:00,95.964,30.648,41.47,23.846,HARD,3,11,0,10,true,false,false,false,false,false,true,
9472,1229,22,46,2024-03-02T16:17:49.996000+00:00,96.187,30.807,41.593,23.787,HARD,3,12,0,11,true,false,false,false,false,false,true,
9472,1229,22,47,2024-03-02T16:19:26.137000+00:00,96.396,30.794,41.765,23.837,HARD,3,13,0,12,true,false,false,false,false,false,true,
9472,1229,22,48,2024-03-02T16:21:02.671000+00:00,96.554,30.848,41.679,24.027,HARD,3,14,0,13,true,false,false,false,false,false,true,
9472,1229,22,49,2024-03-02T16:22:39.236000+00:00,96.695,30.67,42.043,23.982,HARD,3,15,0,14,true,false,false,false,false,false,true,
9472,1229,22,50,2024-03-02T16:24:15.808000+00:00,96.827,30.762,42.171,23.894,HARD,3,16,0,15,true,false,false,false,false,false,true,
9472,1229,22,51,2024-03-02T16:25:52.708000+00:00,97.067,30.949,42.066,24.052,HARD,3,17,0,16,true,false,false,false,false,false,true,
9472,1229,22,52,2024-03-02T16:27:29.740000+00:00,99.042,31.511,43.537,23.994,HARD,3,18,0,17,true,false,false,false,false,false,true,
9472,1229,22,53,2024-03-02T16:29:08.874000+00:00,96.838,30.739,42.138,23.961,HARD,3,19,0,18,true,false,false,false,false,false,true,
9472,1229,22,54,2024-03-02T16:30:45.648000+00:00,96.672,30.741,41.883,24.048,HARD,3,20,0,19,true,false,false,false,false,false,true,
9472,1229,22,55,2024-03-02T16:32:22.344000+00:00,97.269,30.81,42.254,24.205,HARD,3,21,0,20,true,false,false,false,false,false,true,
9472,1229,22,56,2024-03-02T16:33:59.498000+00:00,97.473,30.742,42.53,24.201,HARD,3,22,0,21,true,false,false,false,false,false,true,
9472,1229,23,1,2024-03-02T15:03:42.341000+00:00,104.246,35.861,44.007,24.378,SOFT,1,1,0,0,true,true,false,false,false,true,false,standing_start;neutralised
9472,1229,23,2,2024-03-02T15:05:26.586000+00:00,98.826,31.419,43.106,24.301,SOFT,1,2,0,1,true,false,false,false,false,false,true,
9472,1229,23,3,2024-03-02T15:07:05.531000+00:00,98.507,31.002,43.081,24.424,SOFT,1,3,0,2,true,false,false,false,false,false,true,
9472,1229,23,4,2024-03-02T15:08:44.072000+00:00,98.422,31.023,43.007,24.392,SOFT,1,4,0,3,true,false,false,false,false,false,true,
9472,1229,23,5,2024-03-02T15:10:22.387000+00:00,98.509,31.049,43.027,24.433,SOFT,1,5,0,4,true,false,false,false,false,false,true,
9472,1229,23,6,2024-03-02T15:12:00.934000+00:00,98.575,31.034,43.141,24.4,SOFT,1,6,0,5,true,false,false,false,false,false,true,
9472,1229,23,7,2024-03-02T15:13:39.536000+00:00,98.971,31.498,43.186,24.287,SOFT,1,7,0,6,true,false,false,false,false,false,true,
9472,1229,23,8,2024-03-02T15:15:18.421000+00:00,98.66,31.493,42.899,24.268,SOFT,1,8,0,7,true,false,false,false,false,false,true,
9472,1229,23,9,2024-03-02T15:16:57.147000+00:00,98.652,31.458,42.976,24.218,SOFT,1,9,0,8,true,false,false,false,false,false,true,
9472,1229,23,10,2024-03-02T15:18:35.817000+00:00,98.952,31.624,42.955,24.373,SOFT,1,10,0,9,true,false,false,false,false,true,false,neutralised
9472,1229,23,11,2024-03-02T15:20:14.778000+00:00,98.835,31.49,42.923,24.422,SOFT,1,11,0,10,true,false,false,false,false,false,true,
9472,1229,23,12,2024-03-02T15:21:53.603000+00:00,98.934,31.51,43.065,24.359,SOFT,1,12,0,11,true,false,false,false,false,false,true,
9472,1229,23,13,2024-03-02T15:23:32.467000+00:00,98.823,31.569,42.884,24.37,SOFT,1,13,0,12,true,false,false,false,false,false,true,
9472,1229,23,14,2024-03-02T15:25:11.288000+00:00,98.977,31.598,42.931,24.448,SOFT,1,14,0,13,true,false,false,false,false,false,true,
9472,1229,23,15,2024-03-02T15:26:50.290000+00:00,101.171,31.51,42.741,26.92,SOFT,1,15,0,14,true,false,true,false,false,false,false,pit_in
9472,1229,23,16,2024-03-02T15:28:31.478000+00:00,119.341,52.731,42.591,24.019,HARD,2,1,0,0,true,false,false,true,false,false,false,pit_out
9472,1229,23,17,2024-03-02T15:30:30.851000+00:00,97.392,30.812,42.564,24.016,HARD,2,2,0,1,true,false,false,false,false,false,true,
9472,1229,23,18,2024-03-02T15:32:08.194000+00:00,97.59,31.214,42.369,24.007,HARD,2,3,0,2,true,false,false,false,false,false,true,
9472,1229,23,19,2024-03-02T15:33:45.833000+00:00,97.763,31.357,42.448,23.958,HARD,2,4,0,3,true,false,false,false,false,false,true,
9472,1229,23,20,2024-03-02T15:35:23.534000+00:00,97.701,31.328,42.379,23.994,HARD,2,5,0,4,true,false,false,false,false,false,true,
9472,1229,23,21,2024-03-02T15:37:01.254000+00:00,97.918,31.227,42.44,24.251,HARD,2,6,0,5,true,false,false,false,false,false,true,
9472,1229,23,22,2024-03-02T15:38:39.203000+00:00,98.031,31.199,42.733,24.099,HARD,2,7,0,6,true,false,false,false,false,false,true,
9472,1229,23,23,2024-03-02T15:40:17.198000+00:00,97.869,31.296,42.361,24.212,HARD,2,8,0,7,true,false,false,false,false,false,true,
9472,1229,23,24,2024-03-02T15:41:55.045000+00:00,98.204,31.035,42.857,24.312,HARD,2,9,0,8,true,false,false,false,false,false,true,
9472,1229,23,25,2024-03-02T15:43:33.298000+00:00,98.226,31.095,42.952,24.179,HARD,2,10,0,9,true,false,false,false,false,false,true,
9472,1229,23,26,2024-03-02T15:45:11.637000+00:00,98.1,31.041,42.821,24.238,HARD,2,11,0,10,true,false,false,false,false,false,true,
9472,1229,23,27,2024-03-02T15:46:49.675000+00:00,98.296,31.029,43.069,24.198,HARD,2,12,0,11,true,false,false,false,false,false,true,
9472,1229,23,28,2024-03-02T15:48:28.047000+00:00,98.048,31.108,42.692,24.248,HARD,2,13,0,12,true,false,false,false,false,false,true,
9472,1229,23,29,2024-03-02T15:50:05.928000+00:00,97.879,31.127,42.585,24.167,HARD,2,14,0,13,true,false,false,false,false,false,true,
9472,1229,23,30,2024-03-02T15:51:43.826000+00:00,97.968,31.045,42.634,24.289,HARD,2,15,0,14,true,false,false,false,false,false,true,
9472,1229,23,31,2024-03-02T15:53:21.851000+00:00,98.135,31.093,42.811,24.231,HARD,2,16,0,15,true,false,false,false,false,false,true,
9472,1229,23,32,2024-03-02T15:55:00.293000+00:00,98.183,31.143,42.707,24.333,HARD,2,17,0,16,true,false,false,false,false,false,true,
9472,1229,23,33,2024-03-02T15:56:38.088000+00:00,98.346,31.537,42.677,24.132,HARD,2,18,0,17,true,false,false,false,false,false,true,
9472,1229,23,34,2024-03-02T15:58:16.540000+00:00,97.75,31.413,42.368,23.969,HARD,2,19,0,18,true,false,false,false,false,false,true,
9472,1229,23,35,2024-03-02T15:59:54.284000+00:00,97.767,31.295,42.496,23.976,HARD,2,20,0,19,true,false,false,false,false,false,true,
9472,1229,23,36,2024-03-02T16:01:31.930000+00:00,100.333,31.337,42.433,26.563,HARD,2,21,0,20,true,false,true,false,false,false,false,pit_in
9472,1229,23,37,2024-03-02T16:03:12.274000+00:00,117.632,52.093,41.867,23.672,HARD,3,1,0,0,true,false,false,true,false,false,false,pit_out
9472,1229,23,38,2024-03-02T16:05:09.985000+00:00,96.129,30.735,41.742,23.652,HARD,3,2,0,1,true,false,false,false,false,false,true,
9472,1229,23,39,2024-03-02T16:06:46.091000+00:00,95.856,30.737,41.65,23.469,HARD,3,3,0,2,true,false,false,false,false,false,true,
9472,1229,23,40,2024-03-02T16:08:21.965000+00:00,95.723,30.707,41.503,23.513,HARD,3,4,0,3,true,false,false,false,false,false,true,
9472,1229,23,41,2024-03-02T16:09:57.693000+00:00,95.885,30.746,41.557,23.582,HARD,3,5,0,4,true,false,false,false,false,false,true,
9472,1229,23,42,2024-03-02T16:11:33.585000+00:00,95.799,30.759,41.498,23.542,HARD,3,6,0,5,true,false,false,false,false,false,true,
9472,1229,23,43,2024-03-02T16:13:09.368000+00:00,95.766,30.76,41.472,23.534,HARD,3,7,0,6,true,false,false,false,false,false,true,
9472,1229,23,44,2024-03-02T16:14:45.111000+00:00,95.783,30.683,41.497,23.603,HARD,3,8,0,7,true,false,false,false,false,false,true,
9472,1229,23,45,2024-03-02T16:16:20.966000+00:00,95.758,30.607,41.495,23.656,HARD,3,9,0,8,true,false,false,false,false,false,true,
9472,1229,23,46,2024-03-02T16:17:56.678000+00:00,96.008,30.685,41.635,23.688,HARD,3,10,0,9,true,false,false,false,false,false,true,
9472,1229,23,47,2024-03-02T16:19:32.749000+00:00,96.026,30.827,41.57,23.629,HARD,3,11,0,10,true,false,false,false,true,false,false,deleted_lap
9472,1229,23,48,2024-03-02T16:21:08.670000+00:00,96.135,30.823,41.628,23.684,HARD,3,12,0,11,true,false,false,false,false,false,true,
9472,1229,23,49,2024-03-02T16:22:44.876000+00:00,97.102,30.816,42.435,23.851,HARD,3,13,0,12,true,false,false,false,true,false,false,deleted_lap
9472,1229,23,50,2024-03-02T16:24:21.942000+00:00,97.616,31.683,42.121,23.812,HARD,3,14,0,13,true,false,false,false,false,false,true,
9472,1229,23,51,2024-03-02T16:25:59.611000+00:00,97.493,30.773,42.878,23.842,HARD,3,15,0,14,true,false,false,false,false,false,true,
9472,1229,23,52,2024-03-02T16:27:37.083000+00:00,96.218,30.895,41.58,23.743,HARD,3,16,0,15,true,false,false,false,false,false,true,
9472,1229,23,53,2024-03-02T16:29:13.342000+00:00,96.308,30.817,41.683,23.808,HARD,3,17,0,16,true,false,false,false,false,false,true,
9472,1229,23,54,2024-03-02T16:30:49.550000+00:00,96.334,30.799,41.741,23.794,HARD,3,18,0,17,true,false,false,false,false,false,true,
9472,1229,23,55,2024-03-02T16:32:25.952000+00:00,96.593,30.861,41.91,23.822,HARD,3,19,0,18,true,false,false,false,false,false,true,
9472,1229,23,56,2024-03-02T16:34:02.560000+00:00,96.922,30.875,42.085,23.962,HARD,3,20,0,19,true,false,false,false,false,false,true,
9472,1229,24,1,2024-03-02T15:03:42.341000+00:00,105.213,37.343,43.576,24.294,SOFT,1,1,0,0,true,true,false,false,false,true,false,standing_start;neutralised
9472,1229,24,2,2024-03-02T15:05:27.553000+00:00,98.92,31.452,43.135,24.333,SOFT,1,2,0,1,true,false,false,false,false,false,true,
9472,1229,24,3,2024-03-02T15:07:06.448000+00:00,98.582,31.044,43.084,24.454,SOFT,1,3,0,2,true,false,false,false,false,false,true,
9472,1229,24,4,2024-03-02T15:08:45.105000+00:00,98.428,30.977,43.004,24.447,SOFT,1,4,0,3,true,false,false,false,false,false,true,
9472,1229,24,5,2024-03-02T15:10:23.479000+00:00,98.798,31.116,43.178,24.504,SOFT,1,5,0,4,true,false,false,false,false,false,true,
9472,1229,24,6,2024-03-02T15:12:02.417000+00:00,98.488,30.86,43.064,24.564,SOFT,1,6,0,5,true,false,false,false,false,false,true,
9472,1229,24,7,2024-03-02T15:13:40.801000+00:00,99.517,31.488,43.47,24.559,SOFT,1,7,0,6,true,false,false,false,false,false,true,
9472,1229,24,8,2024-03-02T15:15:20.426000+00:00,99.646,31.786,43.138,24.722,SOFT,1,8,0,7,true,false,false,false,false,false,true,
9472,1229,24,9,2024-03-02T15:16:59.925000+00:00,101.849,31.33,43.094,27.425,SOFT,1,9,0,8,true,false,true,false,false,false,false,pit_in
9472,1229,24,10,2024-03-02T15:18:41.933000+00:00,119.328,53.287,42.225,23.816,HARD,2,1,0,0,true,false,false,true,false,true,false,pit_out;neutralised
9472,1229,24,11,2024-03-02T15:20:41.091000+00:00,96.365,30.815,41.738,23.812,HARD,2,2,0,1,true,false,false,false,false,false,true,
9472,1229,24,12,2024-03-02T15:22:17.447000+00:00,96.995,31.006,42.207,23.782,HARD,2,3,0,2,true,false,false,false,false,false,true,
9472,1229,24,13,2024-03-02T15:23:54.484000+00:00,97.436,30.982,42.435,24.019,HARD,2,4,0,3,true,false,false,false,false,false,true,
9472,1229,24,14,2024-03-02T15:25:31.903000+00:00,97.482,31.086,42.431,23.965,HARD,2,5,0,4,true,false,false,false,false,false,true,
9472,1229,24,15,2024-03-02T15:27:09.327000+00:00,97.5,31.03,42.429,24.041,HARD,2,6,0,5,true,false,false,false,false,false,true,
9472,1229,24,16,2024-03-02T15:28:46.855000+00:00,97.659,31.166,42.398,24.095,HARD,2,7,0,6,true,false,false,false,false,false,true,
9472,1229,24,17,2024-03-02T15:30:24.608000+00:00,98.475,31.431,42.856,24.188,HARD,2,8,0,7,true,false,false,false,false,false,true,
9472,1229,24,18,2024-03-02T15:32:03.062000+00:00,97.552,30.919,42.585,24.048,HARD,2,9,0,8,true,false,false,false,false,false,true,
9472,1229,24,19,2024-03-02T15:33:40.534000+00:00,97.652,30.887,42.658,24.107,HARD,2,10,0,9,true,false,false,false,false,false,true,
9472,1229,24,20,2024-03-02T15:35:18.352000+00:00,97.749,31.239,42.477,24.033,HARD,2,11,0,10,true,false,false,false,false,false,true,
9472,1229,24,21,2024-03-02T15:36:56.088000+00:00,97.947,31.22,42.705,24.022,HARD,2,12,0,11,true,false,false,false,false,false,true,
9472,1229,24,22,2024-03-02T15:38:33.933000+00:00,97.852,31.171,42.584,24.097,HARD,2,13,0,12,true,false,false,false,false,false,true,
9472,1229,24,23,2024-03-02T15:40:11.864000+00:00,97.788,31.092,42.647,24.049,HARD,2,14,0,13,true,false,false,false,false,false,true,
9472,1229,24,24,2024-03-02T15:41:49.651000+00:00,97.894,31.14,42.602,24.152,HARD,2,15,0,14,true,false,false,false,false,false,true,
9472,1229,24,25,2024-03-02T15:43:27.547000+00:00,97.883,31.246,42.532,24.105,HARD,2,16,0,15,true,false,false,false,false,false,true,
9472,1229,24,26,2024-03-02T15:45:05.392000+00:00,97.995,31.266,42.658,24.071,HARD,2,17,0,16,true,false,false,false,false,false,true,
9472,1229,24,27,2024-03-02T15:46:43.373000+00:00,98.053,31.367,42.594,24.092,HARD,2,18,0,17,true,false,false,false,false,false,true,
9472,1229,24,28,2024-03-02T15:48:21.492000+00:00,100.675,31.279,42.58,26.816,HARD,2,19,0,18,true,false,true,false,false,false,false,pit_in
9472,1229,24,29,2024-03-02T15:50:02.148000+00:00,117.076,52.137,41.43,23.509,HARD,3,1,0,0,true,false,false,true,false,false,false,pit_out
9472,1229,24,30,2024-03-02T15:51:59.185000+00:00,95.458,30.674,41.19,23.594,HARD,3,2,0,1,true,false,false,false,false,false,true,
9472,1229,24,31,2024-03-02T15:53:34.762000+00:00,96.297,30.846,41.644,23.807,HARD,3,3,0,2,true,false,false,false,false,false,true,
9472,1229,24,32,2024-03-02T15:55:10.879000+00:00,96.048,30.646,41.735,23.667,HARD,3,4,0,3,true,false,false,false,false,false,true,
9472,1229,24,33,2024-03-02T15:56:47.028000+00:00,97.971,31.535,42.387,24.049,HARD,3,5,0,4,true,false,false,false,false,false,true,
9472,1229,24,34,2024-03-02T15:58:24.865000+00:00,96.518,30.678,41.938,23.902,HARD,3,6,0,5,true,false,false,false,false,false,true,
9472,1229,24,35,2024-03-02T16:00:01.522000+00:00,96.546,30.612,41.954,23.98,HARD,3,7,0,6,true,false,false,false,false,false,true,
9472,1229,24,36,2024-03-02T16:01:37.947000+00:00,96.931,31.09,41.967,23.874,HARD,3,8,0,7,true,false,false,false,false,false,true,
9472,1229,24,37,2024-03-02T16:03:15.061000+00:00,96.805,30.874,42.13,23.801,HARD,3,9,0,8,true,false,false,false,false,false,true,
9472,1229,24,38,2024-03-02T16:04:51.723000+00:00,96.857,30.915,42.149,23.793,HARD,3,10,0,9,true,false,false,false,false,false,true,
9472,1229,24,39,2024-03-02T16:06:28.541000+00:00,96.637,30.904,42.006,23.727,HARD,3,11,0,10,true,false,false,false,false,false,true,
9472,1229,24,40,2024-03-02T16:08:05.196000+00:00,96.683,30.839,42.094,23.75,HARD,3,12,0,11,true,false,false,false,false,false,true,
9472,1229,24,41,2024-03-02T16:09:42.037000+00:00,96.695,30.827,42.096,23.772,HARD,3,13,0,12,true,false,false,false,false,false,true,
9472,1229,24,42,2024-03-02T16:11:18.659000+00:00,96.652,31.038,41.86,23.754,HARD,3,14,0,13,true,false,false,false,false,false,true,
9472,1229,24,43,2024-03-02T16:12:55.181000+00:00,96.771,30.877,42.071,23.823,HARD,3,15,0,14,true,false,false,false,false,false,true,
9472,1229,24,44,2024-03-02T16:14:32.091000+00:00,97.417,31.361,42.115,23.941,HARD,3,16,0,15,true,false,false,false,false,false,true,
9472,1229,24,45,2024-03-02T16:16:09.411000+00:00,96.68,30.867,41.919,23.894,HARD,3,17,0,16,true,false,false,false,false,false,true,
9472,1229,24,46,2024-03-02T16:17:46.133000+00:00,96.741,30.966,41.922,23.853,HARD,3,18,0,17,true,false,false,false,false,false,true,
9472,1229,24,47,2024-03-02T16:19:22.899000+00:00,96.561,30.934,41.792,23.835,HARD,3,19,0,18,true,false,false,false,false,false,true,
9472,1229,24,48,2024-03-02T16:20:59.445000+00:00,96.654,30.98,41.82,23.854,HARD,3,20,0,19,true,false,false,false,false,false,true,
9472,1229,24,49,2024-03-02T16:22:36.050000+00:00,96.72,30.9,41.995,23.825,HARD,3,21,0,20,true,false,false,false,false,false,true,
9472,1229,24,50,2024-03-02T16:24:12.795000+00:00,96.792,31.035,41.87,23.887,HARD,3,22,0,21,true,false,false,false,false,false,true,
9472,1229,24,51,2024-03-02T16:25:49.619000+00:00,97.042,31.065,42.026,23.951,HARD,3,23,0,22,true,false,false,false,false,false,true,
9472,1229,24,52,2024-03-02T16:27:26.664000+00:00,97.394,31.205,42.19,23.999,HARD,3,24,0,23,true,false,false,false,false,false,true,
9472,1229,24,53,2024-03-02T16:29:04.067000+00:00,97.141,31.11,42.136,23.895,HARD,3,25,0,24,true,false,false,false,false,false,true,
9472,1229,24,54,2024-03-02T16:30:41.267000+00:00,98.389,31.253,43.116,24.02,HARD,3,26,0,25,true,false,false,false,false,false,true,
9472,1229,24,55,2024-03-02T16:32:19.620000+00:00,97.383,31.123,42.185,24.075,HARD,3,27,0,26,true,false,false,false,false,false,true,
9472,1229,24,56,2024-03-02T16:33:56.961000+00:00,97.333,31.22,42.156,23.957,HARD,3,28,0,27,true,false,false,false,false,false,true,
9472,1229,27,1,2024-03-02T15:03:42.341000+00:00,113.929,40.618,45.619,27.692,SOFT,1,1,0,0,true,true,true,false,false,true,false,standing_start;pit_in;neutralised
9472,1229,27,2,2024-03-02T15:05:36.269000+00:00,130.911,64.092,42.838,23.981,HARD,2,1,0,0,true,false,false,true,false,false,false,pit_out
9472,1229,27,3,2024-03-02T15:07:47.290000+00:00,97.317,30.97,42.434,23.913,HARD,2,2,0,1,true,false,false,false,false,false,true,
9472,1229,27,4,2024-03-02T15:09:24.588000+00:00,97.349,30.901,42.469,23.979,HARD,2,3,0,2,true,false,false,false,false,false,true,
9472,1229,27,5,2024-03-02T15:11:01.949000+00:00,97.663,30.928,42.706,24.029,HARD,2,4,0,3,true,false,false,false,false,false,true,
9472,1229,27,6,2024-03-02T15:12:39.609000+00:00,97.896,31.013,42.852,24.031,HARD,2,5,0,4,true,false,false,false,false,false,true,
9472,1229,27,7,2024-03-02T15:14:17.531000+00:00,97.682,30.976,42.75,23.956,HARD,2,6,0,5,true,false,false,false,false,false,true,
9472,1229,27,8,2024-03-02T15:15:55.237000+00:00,97.82,31.038,42.737,24.045,HARD,2,7,0,6,true,false,false,false,false,false,true,
9472,1229,27,9,2024-03-02T15:17:32.972000+00:00,97.883,31.041,42.691,24.151,HARD,2,8,0,7,true,false,false,false,false,true,false,neutralised
9472,1229,27,10,2024-03-02T15:19:10.914000+00:00,98.37,31.372,42.839,24.159,HARD,2,9,0,8,true,false,false,false,false,true,false,neutralised
9472,1229,27,11,2024-03-02T15:20:49.151000+00:00,97.638,31.0,42.573,24.065,HARD,2,10,0,9,true,false,false,false,false,false,true,
9472,1229,27,12,2024-03-02T15:22:26.890000+00:00,97.706,30.977,42.629,24.1,HARD,2,11,0,10,true,false,false,false,false,false,true,
9472,1229,27,13,2024-03-02T15:24:04.536000+00:00,97.801,31.025,42.677,24.099,HARD,2,12,0,11,true,false,false,false,false,false,true,
9472,1229,27,14,2024-03-02T15:25:42.372000+00:00,97.879,30.998,42.63,24.251,HARD,2,13,0,12,true,false,false,false,false,false,true,
9472,1229,27,15,2024-03-02T15:27:20.329000+00:00,98.11,31.168,42.609,24.333,HARD,2,14,0,13,true,false,false,false,false,false,true,
9472,1229,27,16,2024-03-02T15:28:58.432000+00:00,97.796,31.184,42.535,24.077,HARD,2,15,0,14,true,false,false,false,false,false,true,
9472,1229,27,17,2024-03-02T15:30:36.112000+00:00,97.891,31.181,42.572,24.138,HARD,2,16,0,15,true,false,false,false,false,false,true,
9472,1229,27,18,2024-03-02T15:32:14.045000+00:00,98.216,31.05,42.946,24.22,HARD,2,17,0,16,true,false,false,false,false,false,true,
9472,1229,27,19,2024-03-02T15:33:52.305000+00:00,97.862,31.07,42.542,24.25,HARD,2,18,0,17,true,false,false,false,false,false,true,
9472,1229,27,20,2024-03-02T15:35:30.115000+00:00,100.798,31.287,42.578,26.933,HARD,2,19,0,18,true,false,true,false,false,false,false,pit_in
9472,1229,27,21,2024-03-02T15:37:10.892000+00:00,118.699,51.92,42.869,23.91,HARD,3,1,0,0,true,false,false,true,false,false,false,pit_out
9472,1229,27,22,2024-03-02T15:39:09.628000+00:00,96.858,30.754,42.343,23.761,HARD,3,2,0,1,true,false,false,false,false,false,true,
9472,1229,27,23,2024-03-02T15:40:46.560000+00:00,96.725,30.667,42.271,23.787,HARD,3,3,0,2,true,false,false,false,false,false,true,
9472,1229,27,24,2024-03-02T15:42:23.282000+00:00,96.626,30.673,42.224,23.729,HARD,3,4,0,3,true,false,false,false,false,false,true,
9472,1229,27,25,2024-03-02T15:43:59.869000+00:00,96.652,30.667,42.124,23.861,HARD,3,5,0,4,true,false,false,false,false,false,true,
9472,1229,27,26,2024-03-02T15:45:36.511000+00:00,96.548,30.619,42.152,23.777,HARD,3,6,0,5,true,false,false,false,false,false,true,
9472,1229,27,27,2024-03-02T15:47:12.970000+00:00,96.647,30.719,41.983,23.945,HARD,3,7,0,6,true,false,false,false,false,false,true,
9472,1229,27,28,2024-03-02T15:48:49.656000+00:00,97.254,31.001,42.31,23.943,HARD,3,8,0,7,true,false,false,false,false,false,true,
9472,1229,27,29,2024-03-02T15:50:27.021000+00:00,96.837,30.844,42.049,23.944,HARD,3,9,0,8,true,false,false,false,false,false,true,
9472,1229,27,30,2024-03-02T15:52:03.821000+00:00,96.691,30.738,41.973,23.98,HARD,3,10,0,9,true,false,false,false,false,false,true,
9472,1229,27,31,2024-03-02T15:53:40.475000+00:00,96.578,30.717,41.966,23.895,HARD,3,11,0,10,true,false,false,false,false,false,true,
9472,1229,27,32,2024-03-02T15:55:17.012000+00:00,96.935,30.961,41.987,23.987,HARD,3,12,0,11,true,false,false,false,false,false,true,
9472,1229,27,33,2024-03-02T15:56:53.866000+00:00,96.784,30.819,41.983,23.982,HARD,3,13,0,12,true,false,false,false,false,false,true,
9472,1229,27,34,2024-03-02T15:58:30.792000+00:00,96.692,30.777,41.947,23.968,HARD,3,14,0,13,true,false,false,false,false,false,true,
9472,1229,27,35,2024-03-02T16:00:07.559000+00:00,96.959,30.812,42.04,24.107,HARD,3,15,0,14,true,false,false,false,false,false,true,
9472,1229,27,36,2024-03-02T16:01:44.289000+00:00,96.795,30.86,41.931,24.004,HARD,3,16,0,15,true,false,false,false,false,false,true,
9472,1229,27,37,2024-03-02T16:03:21.152000+00:00,96.723,30.847,41.94,23.936,HARD,3,17,0,16,true,false,false,false,false,false,true,
9472,1229,27,38,2024-03-02T16:04:57.918000+00:00,100.083,32.593,42.653,24.837,HARD,3,18,0,17,true,false,false,false,false,false,true,
9472,1229,27,39,2024-03-02T16:06:38.093000+00:00,97.476,30.911,42.495,24.07,HARD,3,19,0,18,true,false,false,false,false,false,true,
9472,1229,27,40,2024-03-02T16:08:15.527000+00:00,97.088,,42.126,24.051,HARD,3,20,0,19,false,false,false,false,false,false,false,missing_timing
9472,1229,27,41,2024-03-02T16:09:52.708000+00:00,99.569,30.889,42.038,26.642,HARD,3,21,0,20,true,false,true,false,false,false,false,pit_in
9472,1229,27,42,2024-03-02T16:11:32.243000+00:00,116.108,50.894,41.664,23.55,SOFT,4,1,0,0,true,false,false,true,false,false,false,pit_out
9472,1229,27,43,2024-03-02T16:13:28.286000+00:00,95.76,30.369,41.852,23.539,SOFT,4,2,0,1,true,false,false,false,false,false,true,
9472,1229,27,44,2024-03-02T16:15:04.002000+00:00,95.59,30.232,41.871,23.487,SOFT,4,3,0,2,true,false,false,false,false,false,true,
9472,1229,27,45,2024-03-02T16:16:39.522000+00:00,95.119,30.234,41.321,23.564,SOFT,4,4,0,3,true,false,false,false,false,false,true,
9472,1229,27,46,2024-03-02T16:18:14.684000+00:00,94.834,30.17,41.145,23.519,SOFT,4,5,0,4,true,false,false,false,false,false,true,
9472,1229,27,47,2024-03-02T16:19:49.689000+00:00,95.226,30.362,41.251,23.613,SOFT,4,6,0,5,true,false,false,false,false,false,true,
9472,1229,27,48,2024-03-02T16:21:24.766000+00:00,95.146,30.228,41.355,23.563,SOFT,4,7,0,6,true,false,false,false,false,false,true,
9472,1229,27,49,2024-03-02T16:22:59.921000+00:00,95.494,30.323,41.489,23.682,SOFT,4,8,0,7,true,false,false,false,false,false,true,
9472,1229,27,50,2024-03-02T16:24:35.505000+00:00,95.167,30.13,41.402,23.635,SOFT,4,9,0,8,true,false,false,false,false,false,true,
9472,1229,27,51,2024-03-02T16:26:10.559000+00:00,95.529,30.411,41.374,23.744,SOFT,4,10,0,9,true,false,false,false,false,false,true,
9472,1229,27,52,2024-03-02T16:27:46.189000+00:00,95.921,30.525,41.612,23.784,SOFT,4,11,0,10,true,false,false,false,false,false,true,
9472,1229,27,53,2024-03-02T16:29:22.022000+00:00,95.994,30.629,41.595,23.77,SOFT,4,12,0,11,true,false,false,false,false,false,true,
9472,1229,27,54,2024-03-02T16:30:58.101000+00:00,95.786,30.557,41.436,23.793,SOFT,4,13,0,12,true,false,false,false,false,false,true,
9472,1229,27,55,2024-03-02T16:32:33.937000+00:00,95.736,30.629,41.384,23.723,SOFT,4,14,0,13,true,false,false,false,false,false,true,
9472,1229,27,56,2024-03-02T16:34:09.616000+00:00,95.602,30.546,41.304,23.752,SOFT,4,15,0,14,true,false,false,false,false,false,true,
9472,1229,31,1,2024-03-02T15:03:42.341000+00:00,107.083,39.278,43.42,24.385,SOFT,1,1,0,0,true,true,false,false,false,true,false,standing_start;neutralised
9472,1229,31,2,2024-03-02T15:05:29.423000+00:00,99.094,32.005,42.719,24.37,SOFT,1,2,0,1,true,false,false,false,false,false,true,
9472,1229,31,3,2024-03-02T15:07:08.536000+00:00,98.771,31.255,43.007,24.509,SOFT,1,3,0,2,true,false,false,false,false,false,true,
9472,1229,31,4,2024-03-02T15:08:47.391000+00:00,98.625,31.246,42.915,24.464,SOFT,1,4,0,3,true,false,false,false,false,false,true,
9472,1229,31,5,2024-03-02T15:10:25.925000+00:00,98.64,31.171,42.891,24.578,SOFT,1,5,0,4,true,false,false,false,false,false,true,
9472,1229,31,6,2024-03-02T15:12:04.606000+00:00,98.874,31.245,42.978,24.651,SOFT,1,6,0,5,true,false,false,false,false,false,true,
9472,1229,31,7,2024-03-02T15:13:43.401000+00:00,99.152,31.404,43.089,24.659,SOFT,1,7,0,6,true,false,false,false,false,false,true,
9472,1229,31,8,2024-03-02T15:15:22.699000+00:00,99.422,31.252,43.382,24.788,SOFT,1,8,0,7,true,false,false,false,false,false,true,
9472,1229,31,9,2024-03-02T15:17:01.994000+00:00,99.312,31.189,43.409,24.714,SOFT,1,9,0,8,true,false,false,false,false,false,true,
9472,1229,31,10,2024-03-02T15:18:41.340000+00:00,101.642,31.308,42.956,27.378,SOFT,1,10,0,9,true,false,true,false,false,true,false,pit_in;neutralised
9472,1229,31,11,2024-03-02T15:20:22.824000+00:00,119.014,52.676,42.347,23.991,HARD,2,1,0,0,true,false,false,true,false,false,false,pit_out
9472,1229,31,12,2024-03-02T15:22:21.966000+00:00,97.599,31.175,42.399,24.025,HARD,2,2,0,1,true,false,false,false,false,false,true,
9472,1229,31,13,2024-03-02T15:23:59.651000+00:00,97.363,31.319,42.14,23.904,HARD,2,3,0,2,true,false,false,false,false,false,true,
9472,1229,31,14,2024-03-02T15:25:36.904000+00:00,97.537,31.174,42.329,24.034,HARD,2,4,0,3,true,false,false,false,false,false,true,
9472,1229,31,15,2024-03-02T15:27:14.411000+00:00,97.843,31.282,42.383,24.178,HARD,2,5,0,4,true,false,false,false,false,false,true,
9472,1229,31,16,2024-03-02T15:28:52.320000+00:00,97.902,31.35,42.448,24.104,HARD,2,6,0,5,true,false,false,false,false,false,true,
9472,1229,31,17,2024-03-02T15:30:30.104000+00:00,98.911,31.653,43.083,24.175,HARD,2,7,0,6,true,false,false,false,false,false,true,
9472,1229,31,18,2024-03-02T15:32:09.135000+00:00,98.12,31.12,42.845,24.155,HARD,2,8,0,7,true,false,false,false,false,false,true,
9472,1229,31,19,2024-03-02T15:33:47.226000+00:00,98.332,31.57,42.478,24.284,HARD,2,9,0,8,true,false,false,false,false,false,true,
9472,1229,31,20,2024-03-02T15:35:25.673000+00:00,98.185,31.445,42.472,24.268,HARD,2,10,0,9,true,false,false,false,false,false,true,
9472,1229,31,21,2024-03-02T15:37:03.773000+00:00,99.363,31.9,43.094,24.369,HARD,2,11,0,10,true,false,false,false,false,false,true,
9472,1229,31,22,2024-03-02T15:38:43.144000+00:00,98.655,31.553,42.777,24.325,HARD,2,12,0,11,true,false,false,false,false,false,true,
9472,1229,31,23,2024-03-02T15:40:21.786000+00:00,98.407,31.49,42.677,24.24,HARD,2,13,0,12,true,false,false,false,false,false,true,
9472,1229,31,24,2024-03-02T15:42:00.215000+00:00,98.42,31.474,42.691,24.255,HARD,2,14,0,13,true,false,false,false,false,false,true,
9472,1229,31,25,2024-03-02T15:43:38.634000+00:00,98.494,31.546,42.7,24.248,HARD,2,15,0,14,true,false,false,false,false,false,true,
9472,1229,31,26,2024-03-02T15:45:17.255000+00:00,98.665,31.521,42.891,24.253,HARD,2,16,0,15,true,false,false,false,false,false,true,
9472,1229,31,27,2024-03-02T15:46:55.750000+00:00,98.549,31.543,42.749,24.257,HARD,2,17,0,16,true,false,false,false,false,false,true,
9472,1229,31,28,2024-03-02T15:48:34.320000+00:00,98.372,31.492,42.678,24.202,HARD,2,18,0,17,true,false,false,false,false,false,true,
9472,1229,31,29,2024-03-02T15:50:12.684000+00:00,98.556,31.562,42.663,24.331,HARD,2,19,0,18,true,false,false,false,false,false,true,
9472,1229,31,30,2024-03-02T15:51:51.294000+00:00,101.21,31.546,42.7,26.964,HARD,2,20,0,19,true,false,true,false,false,false,false,pit_in
9472,1229,31,31,2024-03-02T15:53:32.529000+00:00,119.322,52.935,42.397,23.99,HARD,3,1,0,0,true,false,false,true,false,false,false,pit_out
9472,1229,31,32,2024-03-02T15:55:31.848000+00:00,96.887,31.059,41.959,23.869,HARD,3,2,0,1,true,false,false,false,false,false,true,
9472,1229,31,33,2024-03-02T15:57:08.646000+00:00,96.704,30.989,41.875,23.84,HARD,3,3,0,2,true,false,false,false,false,false,true,
9472,1229,31,34,2024-03-02T15:58:45.414000+00:00,96.226,30.898,41.549,23.779,HARD,3,4,0,3,true,false,false,false,false,false,true,
9472,1229,31,35,2024-03-02T16:00:21.630000+00:00,96.354,31.008,41.594,23.752,HARD,3,5,0,4,true,false,false,false,false,false,true,
9472,1229,31,36,2024-03-02T16:01:57.997000+00:00,97.229,31.212,42.148,23.869,HARD,3,6,0,5,true,false,false,false,false,false,true,
9472,1229,31,37,2024-03-02T16:03:35.199000+00:00,96.58,31.059,41.755,23.766,HARD,3,7,0,6,true,false,false,false,false,false,true,
9472,1229,31,38,2024-03-02T16:05:11.746000+00:00,96.814,31.07,41.869,23.875,HARD,3,8,0,7,true,false,false,false,false,false,true,
9472,1229,31,39,2024-03-02T16:06:48.529000+00:00,96.552,31.088,41.717,23.747,HARD,3,9,0,8,true,false,false,false,false,false,true,
9472,1229,31,40,2024-03-02T16:08:25.243000+00:00,96.608,31.053,41.754,23.801,HARD,3,10,0,9,true,false,false,false,false,false,true,
9472,1229,31,41,2024-03-02T16:10:01.749000+00:00,96.621,31.034,41.826,23.761,HARD,3,11,0,10,true,false,false,false,false,false,true,
9472,1229,31,42,2024-03-02T16:11:38.442000+00:00,96.592,31.025,41.766,23.801,HARD,3,12,0,11,true,false,false,false,false,false,true,
9472,1229,31,43,2024-03-02T16:13:14.889000+00:00,96.679,31.035,41.852,23.792,HARD,3,13,0,12,true,false,false,false,false,false,true,
9472,1229,31,44,2024-03-02T16:14:51.684000+00:00,96.649,31.094,41.772,23.783,HARD,3,14,0,13,true,false,false,false,false,false,true,
9472,1229,31,45,2024-03-02T16:16:28.293000+00:00,98.049,31.188,43.027,23.834,HARD,3,15,0,14,true,false,false,false,false,false,true,
9472,1229,31,46,2024-03-02T16:18:06.358000+00:00,96.975,31.151,42.048,23.776,HARD,3,16,0,15,true,false,false,false,false,false,true,
9472,1229,31,47,2024-03-02T16:19:43.361000+00:00,96.656,31.026,41.861,23.769,HARD,3,17,0,16,true,false,false,false,false,false,true,
9472,1229,31,48,2024-03-02T16:21:19.998000+00:00,97.117,31.177,42.045,23.895,HARD,3,18,0,17,true,false,false,false,false,false,true,
9472,1229,31,49,2024-03-02T16:22:57.091000+00:00,97.726,31.483,42.304,23.939,HARD,3,19,0,18,true,false,false,false,false,false,true,
9472,1229,31,50,2024-03-02T16:24:34.906000+00:00,97.784,31.552,42.293,23.939,HARD,3,20,0,19,true,false,false,false,false,false,true,
9472,1229,31,51,2024-03-02T16:26:12.693000+00:00,97.091,31.083,42.138,23.87,HARD,3,21,0,20,true,false,false,false,false,false,true,
9472,1229,31,52,2024-03-02T16:27:49.828000+00:00,98.631,31.094,42.116,25.421,HARD,3,22,0,21,true,false,false,false,false,false,true,
9472,1229,31,53,2024-03-02T16:29:28.346000+00:00,97.145,31.023,42.181,23.941,HARD,3,23,0,22,true,false,false,false,false,false,true,
9472,1229,31,54,2024-03-02T16:31:05.424000+00:00,98.707,32.402,42.373,23.932,HARD,3,24,0,23,true,false,false,false,false,false,true,
9472,1229,31,55,2024-03-02T16:32:44.165000+00:00,97.393,31.146,42.266,23.981,HARD,3,25,0,24,true,false,false,false,false,false,true,
9472,1229,31,56,2024-03-02T16:34:21.985000+00:00,97.415,31.133,42.224,24.058,HARD,3,26,0,25,true,false,false,false,false,false,true,
9472,1229,44,1,2024-03-02T15:03:42.341000+00:00,103.452,35.45,43.609,24.393,SOFT,1,1,3,3,true,true,false,false,false,true,false,standing_start;neutralised
9472,1229,44,2,2024-03-02T15:05:25.792000+00:00,98.273,31.287,42.893,24.093,SOFT,1,2,3,4,true,false,false,false,false,false,true,
9472,1229,44,3,2024-03-02T15:07:04.200000+00:00,98.303,31.062,43.099,24.142,SOFT,1,3,3,5,true,false,false,false,false,false,true,
9472,1229,44,4,2024-03-02T15:08:42.487000+00:00,98.287,30.983,43.146,24.158,SOFT,1,4,3,6,true,false,false,false,false,false,true,
9472,1229,44,5,2024-03-02T15:10:20.703000+00:00,98.35,31.14,43.01,24.2,SOFT,1,5,3,7,true,false,false,false,false,false,true,
9472,1229,44,6,2024-03-02T15:11:59.143000+00:00,98.183,31.124,42.887,24.172,SOFT,1,6,3,8,true,false,false,false,false,false,true,
9472,1229,44,7,2024-03-02T15:13:37.347000+00:00,97.839,30.829,42.823,24.187,SOFT,1,7,3,9,true,false,false,false,false,false,true,
9472,1229,44,8,2024-03-02T15:15:15.137000+00:00,98.221,31.079,42.886,24.256,SOFT,1,8,3,10,true,false,false,false,false,false,true,
9472,1229,44,9,2024-03-02T15:16:53.452000+00:00,98.645,31.088,43.171,24.386,SOFT,1,9,3,11,true,false,false,false,false,false,true,
9472,1229,44,10,2024-03-02T15:18:32.076000+00:00,98.037,30.931,42.821,24.285,SOFT,1,10,3,12,true,false,false,false,false,true,false,neutralised
9472,1229,44,11,2024-03-02T15:20:09.948000+00:00,98.236,31.279,42.819,24.138,SOFT,1,11,3,13,true,false,false,false,false,false,true,
9472,1229,44,12,2024-03-02T15:21:48.265000+00:00,100.889,31.206,42.881,26.802,SOFT,1,12,3,14,true,false,true,false,false,false,false,pit_in
9472,1229,44,13,2024-03-02T15:23:29.125000+00:00,118.645,52.396,42.491,23.758,HARD,2,1,0,0,true,false,false,true,false,false,false,pit_out
9472,1229,44,14,2024-03-02T15:25:27.851000+00:00,97.178,31.073,42.404,23.701,HARD,2,2,0,1,true,false,false,false,false,false,true,
9472,1229,44,15,2024-03-02T15:27:04.916000+00:00,97.264,31.095,42.315,23.854,HARD,2,3,0,2,true,false,false,false,false,false,true,
9472,1229,44,16,2024-03-02T15:28:42.195000+00:00,97.091,31.165,42.207,23.719,HARD,2,4,0,3,true,false,false,false,false,false,true,
9472,1229,44,17,2024-03-02T15:30:19.310000+00:00,97.111,30.738,42.64,23.733,HARD,2,5,0,4,true,false,false,false,false,false,true,
9472,1229,44,18,2024-03-02T15:31:56.534000+00:00,96.85,30.825,42.221,23.804,HARD,2,6,0,5,true,false,false,false,false,false,true,
9472,1229,44,19,2024-03-02T15:33:33.304000+00:00,96.694,30.848,42.131,23.715,HARD,2,7,0,6,true,false,false,false,false,false,true,
9472,1229,44,20,2024-03-02T15:35:10.110000+00:00,96.264,30.768,41.794,23.702,HARD,2,8,0,7,true,false,false,false,false,false,true,
9472,1229,44,21,2024-03-02T15:36:46.273000+00:00,96.51,30.757,42.003,23.75,HARD,2,9,0,8,true,false,false,false,false,false,true,
9472,1229,44,22,2024-03-02T15:38:22.863000+00:00,96.633,30.733,42.141,23.759,HARD,2,10,0,9,true,false,false,false,false,false,true,
9472,1229,44,23,2024-03-02T15:39:59.469000+00:00,96.717,30.884,42.063,23.77,HARD,2,11,0,10,true,false,false,false,false,false,true,
9472,1229,44,24,2024-03-02T15:41:36.136000+00:00,96.666,30.826,42.1,23.74,HARD,2,12,0,11,true,false,false,false,false,false,true,
9472,1229,44,25,2024-03-02T15:43:12.785000+00:00,96.919,31.037,42.09,23.792,HARD,2,13,0,12,true,false,false,false,false,false,true,
9472,1229,44,26,2024-03-02T15:44:49.842000+00:00,96.714,30.847,42.095,23.772,HARD,2,14,0,13,true,false,false,false,false,false,true,
9472,1229,44,27,2024-03-02T15:46:26.503000+00:00,97.201,30.891,42.39,23.92,HARD,2,15,0,14,true,false,false,false,true,false,false,deleted_lap
9472,1229,44,28,2024-03-02T15:48:03.649000+00:00,96.692,30.907,41.948,23.837,HARD,2,16,0,15,true,false,false,false,false,false,true,
9472,1229,44,29,2024-03-02T15:49:40.397000+00:00,96.786,30.897,42.023,23.866,HARD,2,17,0,16,true,false,false,false,false,false,true,
9472,1229,44,30,2024-03-02T15:51:17.081000+00:00,97.244,30.945,42.37,23.929,HARD,2,18,0,17,true,false,false,false,false,false,true,
9472,1229,44,31,2024-03-02T15:52:54.392000+00:00,96.975,30.837,42.175,23.963,HARD,2,19,0,18,true,false,false,false,false,false,true,
9472,1229,44,32,2024-03-02T15:54:31.271000+00:00,97.325,31.076,42.235,24.014,HARD,2,20,0,19,true,false,false,false,false,false,true,
9472,1229,44,33,2024-03-02T15:56:08.561000+00:00,99.696,30.937,42.399,26.36,HARD,2,21,0,20,true,false,true,false,false,false,false,pit_in
9472,1229,44,34,2024-03-02T15:57:48.320000+00:00,114.974,50.966,40.903,23.105,HARD,3,1,0,0,true,false,false,true,false,false,false,pit_out
9472,1229,44,35,2024-03-02T15:59:43.463000+00:00,95.489,30.776,41.304,23.409,HARD,3,2,0,1,true,false,false,false,false,false,true,
9472,1229,44,36,2024-03-02T16:01:18.768000+00:00,95.279,30.303,41.653,23.323,HARD,3,3,0,2,true,false,false,false,false,false,true,
9472,1229,44,37,2024-03-02T16:02:54.111000+00:00,95.597,30.384,41.575,23.638,HARD,3,4,0,3,true,false,false,false,false,false,true,
9472,1229,44,38,2024-03-02T16:04:29.729000+00:00,94.966,30.06,41.423,23.483,HARD,3,5,0,4,true,false,false,false,false,false,true,
9472,1229,44,39,2024-03-02T16:06:04.688000+00:00,94.722,30.17,41.159,23.393,HARD,3,6,0,5,true,false,false,false,false,false,true,
9472,1229,44,40,2024-03-02T16:07:39.415000+00:00,95.041,30.443,41.198,23.4,HARD,3,7,0,6,true,false,false,false,false,false,true,
9472,1229,44,41,2024-03-02T16:09:14.712000+00:00,94.94,30.463,41.116,23.361,HARD,3,8,0,7,true,false,false,false,false,false,true,
9472,1229,44,42,2024-03-02T16:10:49.383000+00:00,94.996,30.426,41.13,23.44,HARD,3,9,0,8,true,false,false,false,false,false,true,
9472,1229,44,43,2024-03-02T16:12:24.321000+00:00,94.935,30.437,41.134,23.364,HARD,3,10,0,9,true,false,false,false,false,false,true,
9472,1229,44,44,2024-03-02T16:13:59.266000+00:00,95.169,30.494,41.229,23.446,HARD,3,11,0,10,true,false,false,false,false,false,true,
9472,1229,44,45,2024-03-02T16:15:34.413000+00:00,95.184,30.483,41.299,23.402,HARD,3,12,0,11,true,false,false,false,false,false,true,
9472,1229,44,46,2024-03-02T16:17:09.643000+00:00,95.285,30.569,41.258,23.458,HARD,3,13,0,12,true,false,false,false,false,false,true,
9472,1229,44,47,2024-03-02T16:18:44.938000+00:00,95.226,30.514,41.311,23.401,HARD,3,14,0,13,true,false,false,false,true,false,false,deleted_lap
9472,1229,44,48,2024-03-02T16:20:20.234000+00:00,96.165,30.691,41.926,23.548,HARD,3,15,0,14,true,false,false,false,false,false,true,
9472,1229,44,49,2024-03-02T16:21:56.388000+00:00,95.914,30.616,41.819,23.479,HARD,3,16,0,15,true,false,false,false,false,false,true,
9472,1229,44,50,2024-03-02T16:23:32.313000+00:00,95.612,30.655,41.454,23.503,HARD,3,17,0,16,true,false,false,false,false,false,true,
9472,1229,44,51,2024-03-02T16:25:07.925000+00:00,95.532,30.597,41.403,23.532,HARD,3,18,0,17,true,false,false,false,false,false,true,
9472,1229,44,52,2024-03-02T16:26:43.435000+00:00,95.479,30.578,41.382,23.519,HARD,3,19,0,18,true,false,false,false,false,false,true,
9472,1229,44,53,2024-03-02T16:28:18.918000+00:00,95.55,30.643,41.252,23.655,HARD,3,20,0,19,true,false,false,false,false,false,true,
9472,1229,44,54,2024-03-02T16:29:54.421000+00:00,95.974,30.792,41.706,23.476,HARD,3,21,0,20,true,false,false,false,false,false,true,
9472,1229,44,55,2024-03-02T16:31:30.458000+00:00,95.633,30.602,41.487,23.544,HARD,3,22,0,21,true,false,false,false,false,false,true,
9472,1229,44,56,2024-03-02T16:33:06.007000+00:00,95.706,30.597,41.564,23.545,HARD,3,23,0,22,true,false,false,false,false,false,true,
9472,1229,44,57,2024-03-02T16:34:41.739000+00:00,96.138,30.687,41.847,23.604,HARD,3,24,0,23,true,false,false,false,false,false,true,
9472,1229,55,1,2024-03-02T15:03:42.341000+00:00,101.034,34.408,42.861,23.765,SOFT,1,1,3,3,true,true,false,false,false,true,false,standing_start;neutralised
9472,1229,55,2,2024-03-02T15:05:23.374000+00:00,97.236,30.974,42.366,23.896,SOFT,1,2,3,4,true,false,false,false,false,false,true,
9472,1229,55,3,2024-03-02T15:07:00.599000+00:00,97.08,31.049,42.179,23.852,SOFT,1,3,3,5,true,false,false,false,false,false,true,
9472,1229,55,4,2024-03-02T15:08:37.735000+00:00,97.264,30.957,42.373,23.934,SOFT,1,4,3,6,true,false,false,false,false,false,true,
9472,1229,55,5,2024-03-02T15:10:14.948000+00:00,98.032,30.967,42.821,24.244,SOFT,1,5,3,7,true,false,false,false,false,false,true,
9472,1229,55,6,2024-03-02T15:11:53.110000+00:00,97.741,30.879,42.803,24.059,SOFT,1,6,3,8,true,false,false,false,false,false,true,
9472,1229,55,7,2024-03-02T15:13:30.813000+00:00,98.26,30.847,43.148,24.265,SOFT,1,7,3,9,true,false,false,false,false,false,true,
9472,1229,55,8,2024-03-02T15:15:09.048000+00:00,98.183,31.341,42.701,24.141,SOFT,1,8,3,10,true,false,false,false,false,false,true,
9472,1229,55,9,2024-03-02T15:16:47.231000+00:00,98.03,30.99,42.868,24.172,SOFT,1,9,3,11,true,false,false,false,false,false,true,
9472,1229,55,10,2024-03-02T15:18:25.188000+00:00,97.608,30.819,42.638,24.151,SOFT,1,10,3,12,true,false,false,false,false,true,false,neutralised
9472,1229,55,11,2024-03-02T15:20:02.878000+00:00,97.656,31.266,42.386,24.004,SOFT,1,11,3,13,true,false,false,false,false,false,true,
9472,1229,55,12,2024-03-02T15:21:40.496000+00:00,97.65,31.089,42.46,24.101,SOFT,1,12,3,14,true,false,false,false,false,false,true,
9472,1229,55,13,2024-03-02T15:23:18.127000+00:00,97.243,31.025,42.212,24.006,SOFT,1,13,3,15,true,false,false,false,false,false,true,
9472,1229,55,14,2024-03-02T15:24:55.375000+00:00,99.753,31.011,42.119,26.623,SOFT,1,14,3,16,true,false,true,false,false,false,false,pit_in
9472,1229,55,15,2024-03-02T15:26:35.190000+00:00,117.225,51.656,42.013,23.556,HARD,2,1,0,0,true,false,false,true,false,false,false,pit_out
9472,1229,55,16,2024-03-02T15:28:32.415000+00:00,96.376,30.412,42.131,23.833,HARD,2,2,0,1,true,false,false,false,false,false,true,
9472,1229,55,17,2024-03-02T15:30:08.672000+00:00,95.507,30.202,41.758,23.547,HARD,2,3,0,2,true,false,false,false,false,false,true,
9472,1229,55,18,2024-03-02T15:31:44.184000+00:00,96.088,30.59,41.964,23.534,HARD,2,4,0,3,true,false,false,false,false,false,true,
9472,1229,55,19,2024-03-02T15:33:20.251000+00:00,96.236,30.805,41.897,23.534,HARD,2,5,0,4,true,false,false,false,false,false,true,
9472,1229,55,20,2024-03-02T15:34:56.624000+00:00,96.034,30.786,41.66,23.588,HARD,2,6,0,5,true,false,false,false,false,false,true,
9472,1229,55,21,2024-03-02T15:36:32.579000+00:00,96.104,30.796,41.752,23.556,HARD,2,7,0,6,true,false,false,false,false,false,true,
9472,1229,55,22,2024-03-02T15:38:08.718000+00:00,96.008,30.686,41.77,23.552,HARD,2,8,0,7,true,false,false,false,false,false,true,
9472,1229,55,23,2024-03-02T15:39:44.773000+00:00,96.149,30.738,41.797,23.614,HARD,2,9,0,8,true,false,false,false,false,false,true,
9472,1229,55,24,2024-03-02T15:41:20.891000+00:00,96.2,30.698,41.881,23.621,HARD,2,10,0,9,true,false,false,false,false,false,true,
9472,1229,55,25,2024-03-02T15:42:57.074000+00:00,96.22,30.724,41.907,23.589,HARD,2,11,0,10,true,false,false,false,false,false,true,
9472,1229,55,26,2024-03-02T15:44:33.258000+00:00,96.221,30.714,41.878,23.629,HARD,2,12,0,11,true,false,false,false,false,false,true,
9472,1229,55,27,2024-03-02T15:46:09.627000+00:00,96.272,30.807,41.836,23.629,HARD,2,13,0,12,true,false,false,false,false,false,true,
9472,1229,55,28,2024-03-02T15:47:45.755000+00:00,96.534,30.901,41.965,23.668,HARD,2,14,0,13,true,false,false,false,false,false,true,
9472,1229,55,29,2024-03-02T15:49:22.302000+00:00,96.6,30.852,41.97,23.778,HARD,2,15,0,14,true,false,false,false,false,false,true,
9472,1229,55,30,2024-03-02T15:50:58.869000+00:00,96.337,30.746,41.897,23.694,HARD,2,16,0,15,true,false,false,false,false,false,true,
9472,1229,55,31,2024-03-02T15:52:35.311000+00:00,96.537,30.851,41.959,23.727,HARD,2,17,0,16,true,false,false,false,false,false,true,
9472,1229,55,32,2024-03-02T15:54:11.818000+00:00,96.762,30.873,42.115,23.774,HARD,2,18,0,17,true,false,false,false,false,false,true,
9472,1229,55,33,2024-03-02T15:55:48.562000+00:00,96.556,30.833,41.987,23.736,HARD,2,19,0,18,true,false,false,false,false,false,true,
9472,1229,55,34,2024-03-02T15:57:25.132000+00:00,96.551,30.858,41.933,23.76,HARD,2,20,0,19,true,false,false,false,false,false,true,
9472,1229,55,35,2024-03-02T15:59:01.692000+00:00,99.274,30.872,42.117,26.285,HARD,2,21,0,20,true,false,true,false,false,false,false,pit_in
9472,1229,55,36,2024-03-02T16:00:40.929000+00:00,115.62,50.852,41.528,23.24,HARD,3,1,0,0,true,false,false,true,false,false,false,pit_out
9472,1229,55,37,2024-03-02T16:02:36.585000+00:00,95.302,30.695,41.39,23.217,HARD,3,2,0,1,true,false,false,false,false,false,true,
9472,1229,55,38,2024-03-02T16:04:11.792000+00:00,95.1,30.631,41.329,23.14,HARD,3,3,0,2,true,false,false,false,false,false,true,
9472,1229,55,39,2024-03-02T16:05:46.917000+00:00,94.709,30.481,41.066,23.162,HARD,3,4,0,3,true,false,false,false,false,false,true,
9472,1229,55,40,2024-03-02T16:07:21.661000+00:00,94.739,30.382,41.146,23.211,HARD,3,5,0,4,true,false,false,false,false,false,true,
9472,1229,55,41,2024-03-02T16:08:56.441000+00:00,95.041,30.638,41.205,23.198,HARD,3,6,0,5,true,false,false,false,false,false,true,
9472,1229,55,42,2024-03-02T16:10:31.440000+00:00,94.861,30.448,41.195,23.218,HARD,3,7,0,6,true,false,false,false,false,false,true,
9472,1229,55,43,2024-03-02T16:12:06.345000+00:00,94.795,30.387,41.201,23.207,HARD,3,8,0,7,true,false,false,false,false,false,true,
9472,1229,55,44,2024-03-02T16:13:41.129000+00:00,94.507,30.35,40.971,23.186,HARD,3,9,0,8,true,false,false,false,false,false,true,
9472,1229,55,45,2024-03-02T16:15:15.714000+00:00,94.79,30.398,41.123,23.269,HARD,3,10,0,9,true,false,false,false,false,false,true,
9472,1229,55,46,2024-03-02T16:16:50.393000+00:00,94.853,30.466,41.116,23.271,HARD,3,11,0,10,true,false,false,false,false,false,true,
9472,1229,55,47,2024-03-02T16:18:25.312000+00:00,94.901,30.455,41.086,23.36,HARD,3,12,0,11,true,false,false,false,false,false,true,
9472,1229,55,48,2024-03-02T16:20:00.228000+00:00,94.981,30.602,41.028,23.351,HARD,3,13,0,12,true,false,false,false,false,false,true,
9472,1229,55,49,2024-03-02T16:21:35.199000+00:00,95.44,30.499,41.58,23.361,HARD,3,14,0,13,true,false,false,false,false,false,true,
9472,1229,55,50,2024-03-02T16:23:10.557000+00:00,95.142,30.468,41.331,23.343,HARD,3,15,0,14,true,false,false,false,false,false,true,
9472,1229,55,51,2024-03-02T16:24:45.766000+00:00,95.282,30.502,41.387,23.393,HARD,3,16,0,15,true,false,false,false,false,false,true,
9472,1229,55,52,2024-03-02T16:26:20.950000+00:00,95.083,30.522,41.259,23.302,HARD,3,17,0,16,true,false,false,false,false,false,true,
9472,1229,55,53,2024-03-02T16:27:56.175000+00:00,95.211,30.491,41.288,23.432,HARD,3,18,0,17,true,false,false,false,false,false,true,
9472,1229,55,54,2024-03-02T16:29:31.299000+00:00,95.309,30.555,41.277,23.477,HARD,3,19,0,18,true,false,false,false,false,false,true,
9472,1229,55,55,2024-03-02T16:31:06.647000+00:00,95.407,30.699,41.192,23.516,HARD,3,20,0,19,true,false,false,false,false,false,true,
9472,1229,55,56,2024-03-02T16:32:41.989000+00:00,95.305,30.593,41.18,23.532,HARD,3,21,0,20,true,false,false,false,false,false,true,
9472,1229,55,57,2024-03-02T16:34:17.271000+00:00,95.327,30.55,41.125,23.652,HARD,3,22,0,21,true,false,false,false,false,false,true,
9472,1229,63,1,2024-03-02T15:03:42.341000+00:00,99.682,33.889,42.099,23.694,SOFT,1,1,3,3,true,true,false,false,false,true,false,standing_start;neutralised
9472,1229,63,2,2024-03-02T15:05:22.022000+00:00,96.635,30.829,42.038,23.768,SOFT,1,2,3,4,true,false,false,false,false,false,true,
9472,1229,63,3,2024-03-02T15:06:58.696000+00:00,96.406,30.367,42.202,23.837,SOFT,1,3,3,5,true,false,false,false,false,false,true,
9472,1229,63,4,2024-03-02T15:08:35.058000+00:00,97.738,31.135,42.609,23.994,SOFT,1,4,3,6,true,false,false,false,false,false,true,
9472,1229,63,5,2024-03-02T15:10:12.768000+00:00,98.116,31.636,42.573,23.907,SOFT,1,5,3,7,true,false,false,false,false,false,true,
9472,1229,63,6,2024-03-02T15:11:50.905000+00:00,97.784,31.36,42.508,23.916,SOFT,1,6,3,8,true,false,false,false,false,false,true,
9472,1229,63,7,2024-03-02T15:13:28.623000+00:00,98.082,31.48,42.577,24.025,SOFT,1,7,3,9,true,false,false,false,false,false,true,
9472,1229,63,8,2024-03-02T15:15:06.812000+00:00,97.862,31.238,42.646,23.978,SOFT,1,8,3,10,true,false,false,false,false,false,true,
9472,1229,63,9,2024-03-02T15:16:44.698000+00:00,97.73,31.12,42.578,24.032,SOFT,1,9,3,11,true,false,false,false,false,false,true,
9472,1229,63,10,2024-03-02T15:18:22.380000+00:00,97.782,31.247,42.538,23.997,SOFT,1,10,3,12,true,false,false,false,false,true,false,neutralised
9472,1229,63,11,2024-03-02T15:20:00.058000+00:00,100.515,31.392,42.646,26.477,SOFT,1,11,3,13,true,false,true,false,false,false,false,pit_in
9472,1229,63,12,2024-03-02T15:21:40.623000+00:00,118.46,52.57,42.189,23.701,HARD,2,1,0,0,true,false,false,true,false,false,false,pit_out
9472,1229,63,13,2024-03-02T15:23:39.099000+00:00,97.167,30.759,42.479,23.929,HARD,2,2,0,1,true,false,false,false,false,false,true,
9472,1229,63,14,2024-03-02T15:25:16.275000+00:00,97.571,30.851,42.74,23.98,HARD,2,3,0,2,true,false,false,false,false,false,true,
9472,1229,63,15,2024-03-02T15:26:53.936000+00:00,96.922,31.038,42.152,23.732,HARD,2,4,0,3,true,false,false,false,false,false,true,
9472,1229,63,16,2024-03-02T15:28:30.769000+00:00,96.683,31.03,42.084,23.569,HARD,2,5,0,4,true,false,false,false,false,false,true,
9472,1229,63,17,2024-03-02T15:30:07.342000+00:00,96.234,30.747,41.766,23.721,HARD,2,6,0,5,true,false,false,false,false,false,true,
9472,1229,63,18,2024-03-02T15:31:43.804000+00:00,97.819,31.462,42.532,23.825,HARD,2,7,0,6,true,false,false,false,false,false,true,
9472,1229,63,19,2024-03-02T15:33:21.541000+00:00,97.233,31.101,42.267,23.865,HARD,2,8,0,7,true,false,false,false,false,false,true,
9472,1229,63,20,2024-03-02T15:34:58.739000+00:00,96.732,30.862,42.099,23.771,HARD,2,9,0,8,true,false,false,false,false,false,true,
9472,1229,63,21,2024-03-02T15:36:35.429000+00:00,96.769,30.87,42.18,23.719,HARD,2,10,0,9,true,false,false,false,false,false,true,
9472,1229,63,22,2024-03-02T15:38:12.188000+00:00,96.992,30.84,42.313,23.839,HARD,2,11,0,10,true,false,false,false,false,false,true,
9472,1229,63,23,2024-03-02T15:39:49.229000+00:00,96.954,31.043,42.088,23.823,HARD,2,12,0,11,true,false,false,false,false,false,true,
9472,1229,63,24,2024-03-02T15:41:26.181000+00:00,96.736,30.867,42.107,23.762,HARD,2,13,0,12,true,false,false,false,false,false,true,
9472,1229,63,25,2024-03-02T15:43:02.968000+00:00,96.928,30.941,42.199,23.788,HARD,2,14,0,13,true,false,false,false,false,false,true,
9472,1229,63,26,2024-03-02T15:44:39.865000+00:00,96.801,30.867,42.161,23.773,HARD,2,15,0,14,true,false,false,false,false,false,true,
9472,1229,63,27,2024-03-02T15:46:16.674000+00:00,96.815,30.93,42.115,23.77,HARD,2,16,0,15,true,false,false,false,false,false,true,
9472,1229,63,28,2024-03-02T15:47:53.442000+00:00,96.911,30.98,42.149,23.782,HARD,2,17,0,16,true,false,false,false,false,false,true,
9472,1229,63,29,2024-03-02T15:49:30.401000+00:00,97.066,30.993,42.224,23.849,HARD,2,18,0,17,true,false,false,false,false,false,true,
9472,1229,63,30,2024-03-02T15:51:07.487000+00:00,97.186,31.03,42.221,23.935,HARD,2,19,0,18,true,false,false,false,false,false,true,
9472,1229,63,31,2024-03-02T15:52:44.710000+00:00,99.405,31.061,42.153,26.191,HARD,2,20,0,19,true,false,true,false,false,false,false,pit_in
9472,1229,63,32,2024-03-02T15:54:23.977000+00:00,117.267,52.151,41.641,23.475,HARD,3,1,0,0,true,false,false,true,false,false,false,pit_out
9472,1229,63,33,2024-03-02T15:56:21.332000+00:00,95.838,30.638,41.572,23.628,HARD,3,2,0,1,true,false,false,false,false,false,true,
9472,1229,63,34,2024-03-02T15:57:57.242000+00:00,95.241,30.286,41.651,23.304,HARD,3,3,0,2,true,false,false,false,false,false,true,
9472,1229,63,35,2024-03-02T15:59:32.340000+00:00,95.772,30.587,41.817,23.368,HARD,3,4,0,3,true,false,false,false,false,false,true,
9472,1229,63,36,2024-03-02T16:01:08.133000+00:00,95.434,30.608,41.494,23.332,HARD,3,5,0,4,true,false,false,false,false,false,true,
9472,1229,63,37,2024-03-02T16:02:43.566000+00:00,95.481,30.566,41.586,23.329,HARD,3,6,0,5,true,false,false,false,false,false,true,
9472,1229,63,38,2024-03-02T16:04:19.070000+00:00,95.479,30.6,41.469,23.41,HARD,3,7,0,6,true,false,false,false,false,false,true,
9472,1229,63,39,2024-03-02T16:05:54.624000+00:00,95.204,30.547,41.329,23.328,HARD,3,8,0,7,true,false,false,false,false,false,true,
9472,1229,63,40,2024-03-02T16:07:29.749000+00:00,95.065,30.39,41.347,23.328,HARD,3,9,0,8,true,false,false,false,false,false,true,
9472,1229,63,41,2024-03-02T16:09:04.828000+00:00,95.093,30.541,41.25,23.302,HARD,3,10,0,9,true,false,false,false,false,false,true,
9472,1229,63,42,2024-03-02T16:10:39.923000+00:00,95.136,30.57,41.196,23.37,HARD,3,11,0,10,true,false,false,false,false,false,true,
9472,1229,63,43,2024-03-02T16:12:15.140000+00:00,95.193,30.626,41.237,23.33,HARD,3,12,0,11,true,false,false,false,false,false,true,
9472,1229,63,44,2024-03-02T16:13:50.330000+00:00,95.162,30.573,41.252,23.337,HARD,3,13,0,12,true,false,false,false,false,false,true,
9472,1229,63,45,2024-03-02T16:15:25.457000+00:00,95.276,30.599,41.328,23.349,HARD,3,14,0,13,true,false,false,false,false,false,true,
9472,1229,63,46,2024-03-02T16:17:00.856000+00:00,96.657,30.649,42.244,23.764,HARD,3,15,0,14,true,false,false,false,true,false,false,deleted_lap
9472,1229,63,47,2024-03-02T16:18:37.350000+00:00,95.805,30.525,41.724,23.556,HARD,3,16,0,15,true,false,false,false,false,false,true,
9472,1229,63,48,2024-03-02T16:20:13.148000+00:00,96.059,30.794,41.795,23.47,HARD,3,17,0,16,true,false,false,false,false,false,true,
9472,1229,63,49,2024-03-02T16:21:49.305000+00:00,95.954,30.723,41.727,23.504,HARD,3,18,0,17,true,false,false,false,false,false,true,
9472,1229,63,50,2024-03-02T16:23:25.188000+00:00,96.181,30.691,41.93,23.56,HARD,3,19,0,18,true,false,false,false,false,false,true,
9472,1229,63,51,2024-03-02T16:25:01.400000+00:00,95.852,30.639,41.734,23.479,HARD,3,20,0,19,true,false,false,false,false,false,true,
9472,1229,63,52,2024-03-02T16:26:37.299000+00:00,96.186,30.678,41.927,23.581,HARD,3,21,0,20,true,false,false,false,false,false,true,
9472,1229,63,53,2024-03-02T16:28:13.377000+00:00,95.979,30.752,41.74,23.487,HARD,3,22,0,21,true,false,false,false,false,false,true,
9472,1229,63,54,2024-03-02T16:29:49.387000+00:00,96.013,30.744,41.687,23.582,HARD,3,23,0,22,true,false,false,false,false,false,true,
9472,1229,63,55,2024-03-02T16:31:25.398000+00:00,96.151,30.818,41.709,23.624,HARD,3,24,0,23,true,false,false,false,false,false,true,
9472,1229,63,56,2024-03-02T16:33:01.473000+00:00,96.35,30.808,41.885,23.657,HARD,3,25,0,24,true,false,false,false,false,false,true,
9472,1229,63,57,2024-03-02T16:34:38.198000+00:00,96.44,30.765,42.018,23.657,HARD,3,26,0,25,true,false,false,false,false,false,true,
9472,1229,77,1,2024-03-02T15:03:42.341000+00:00,108.853,40.994,43.737,24.122,SOFT,1,1,0,0,true,true,false,false,false,true,false,standing_start;neutralised
9472,1229,77,2,2024-03-02T15:05:31.193000+00:00,98.259,31.351,42.663,24.245,SOFT,1,2,0,1,true,false,false,false,false,false,true,
9472,1229,77,3,2024-03-02T15:07:09.750000+00:00,98.837,31.119,43.321,24.397,SOFT,1,3,0,2,true,false,false,false,false,false,true,
9472,1229,77,4,2024-03-02T15:08:48.424000+00:00,98.643,31.127,43.121,24.395,SOFT,1,4,0,3,true,false,false,false,false,false,true,
9472,1229,77,5,2024-03-02T15:10:27.119000+00:00,100.087,31.083,44.295,24.709,SOFT,1,5,0,4,true,false,false,false,false,false,true,
9472,1229,77,6,2024-03-02T15:12:07.153000+00:00,99.206,31.184,43.504,24.518,SOFT,1,6,0,5,true,false,false,false,false,false,true,
9472,1229,77,7,2024-03-02T15:13:46.456000+00:00,98.654,31.034,43.072,24.548,SOFT,1,7,0,6,true,false,false,false,false,false,true,
9472,1229,77,8,2024-03-02T15:15:25.115000+00:00,98.968,30.959,43.356,24.653,SOFT,1,8,0,7,true,false,false,false,false,false,true,
9472,1229,77,9,2024-03-02T15:17:04.011000+00:00,99.425,31.373,43.349,24.703,SOFT,1,9,0,8,true,false,false,false,false,false,true,
9472,1229,77,10,2024-03-02T15:18:43.373000+00:00,99.112,31.409,43.189,24.514,SOFT,1,10,0,9,true,false,false,false,false,true,false,neutralised
9472,1229,77,11,2024-03-02T15:20:22.466000+00:00,99.187,31.524,43.182,24.481,SOFT,1,11,0,10,true,false,false,false,false,false,true,
9472,1229,77,12,2024-03-02T15:22:01.819000+00:00,103.145,31.822,43.874,27.449,SOFT,1,12,0,11,true,false,true,false,false,false,false,pit_in
9472,1229,77,13,2024-03-02T15:23:44.914000+00:00,121.081,54.41,42.543,24.128,HARD,2,1,0,0,true,false,false,true,false,false,false,pit_out
9472,1229,77,14,2024-03-02T15:25:45.976000+00:00,96.454,30.501,42.067,23.886,HARD,2,2,0,1,true,false,false,false,false,false,true,
9472,1229,77,15,2024-03-02T15:27:22.430000+00:00,97.287,31.063,42.254,23.97,HARD,2,3,0,2,true,false,false,false,false,false,true,
9472,1229,77,16,2024-03-02T15:28:59.697000+00:00,97.718,31.204,42.422,24.092,HARD,2,4,0,3,true,false,false,false,false,false,true,
9472,1229,77,17,2024-03-02T15:30:37.457000+00:00,97.765,31.183,42.454,24.128,HARD,2,5,0,4,true,false,false,false,false,false,true,
9472,1229,77,18,2024-03-02T15:32:15.210000+00:00,97.918,31.142,42.597,24.179,HARD,2,6,0,5,true,false,false,false,false,false,true,
9472,1229,77,19,2024-03-02T15:33:53.037000+00:00,97.662,30.897,42.483,24.282,HARD,2,7,0,6,true,false,false,false,false,false,true,
9472,1229,77,20,2024-03-02T15:35:30.809000+00:00,98.285,31.078,42.852,24.355,HARD,2,8,0,7,true,false,false,false,false,false,true,
9472,1229,77,21,2024-03-02T15:37:09.085000+00:00,97.73,31.02,42.534,24.176,HARD,2,9,0,8,true,false,false,false,false,false,true,
9472,1229,77,22,2024-03-02T15:38:46.796000+00:00,97.998,31.34,42.454,24.204,HARD,2,10,0,9,true,false,false,false,false,false,true,
9472,1229,77,23,2024-03-02T15:40:24.676000+00:00,98.18,31.375,42.575,24.23,HARD,2,11,0,10,true,false,false,false,false,false,true,
9472,1229,77,24,2024-03-02T15:42:03.030000+00:00,98.146,31.186,42.705,24.255,HARD,2,12,0,11,true,false,false,false,false,false,true,
9472,1229,77,25,2024-03-02T15:43:41.117000+00:00,98.262,31.299,42.697,24.266,HARD,2,13,0,12,true,false,false,false,false,false,true,
9472,1229,77,26,2024-03-02T15:45:19.272000+00:00,98.308,31.266,42.752,24.29,HARD,2,14,0,13,true,false,false,false,false,false,true,
9472,1229,77,27,2024-03-02T15:46:57.612000+00:00,98.426,31.325,42.741,24.36,HARD,2,15,0,14,true,false,false,false,false,false,true,
9472,1229,77,28,2024-03-02T15:48:36.051000+00:00,98.595,31.285,42.889,24.421,HARD,2,16,0,15,true,false,false,false,false,false,true,
9472,1229,77,29,2024-03-02T15:50:14.579000+00:00,98.654,31.344,42.981,24.329,HARD,2,17,0,16,true,false,false,false,false,false,true,
9472,1229,77,30,2024-03-02T15:51:53.373000+00:00,101.252,31.469,42.763,27.02,HARD,2,18,0,17,true,false,true,false,false,false,false,pit_in
9472,1229,77,31,2024-03-02T15:53:34.689000+00:00,170.266,,42.63,23.793,HARD,3,1,0,0,false,false,false,true,false,false,false,missing_timing;pit_out
9472,1229,77,32,2024-03-02T15:56:24.923000+00:00,96.763,30.988,42.106,23.669,HARD,3,2,0,1,true,false,false,false,false,false,true,
9472,1229,77,33,2024-03-02T15:58:01.651000+00:00,96.202,30.95,41.558,23.694,HARD,3,3,0,2,true,false,false,false,false,false,true,
9472,1229,77,34,2024-03-02T15:59:37.854000+00:00,98.009,32.25,42.108,23.651,HARD,3,4,0,3,true,false,false,false,false,false,true,
9472,1229,77,35,2024-03-02T16:01:15.792000+00:00,96.578,30.892,41.986,23.7,HARD,3,5,0,4,true,false,false,false,false,false,true,
9472,1229,77,36,2024-03-02T16:02:52.351000+00:00,96.792,30.8,41.963,24.029,HARD,3,6,0,5,true,false,false,false,false,false,true,
9472,1229,77,37,2024-03-02T16:04:29.158000+00:00,98.008,31.511,42.24,24.257,HARD,3,7,0,6,true,false,false,false,false,false,true,
9472,1229,77,38,2024-03-02T16:06:07.159000+00:00,97.774,31.497,42.346,23.931,HARD,3,8,0,7,true,false,false,false,false,false,true,
9472,1229,77,39,2024-03-02T16:07:44.933000+00:00,97.189,31.047,42.287,23.855,HARD,3,9,0,8,true,false,false,false,false,false,true,
9472,1229,77,40,2024-03-02T16:09:22.152000+00:00,97.393,30.903,42.672,23.818,HARD,3,10,0,9,true,false,false,false,false,false,true,
9472,1229,77,41,2024-03-02T16:10:59.647000+00:00,96.437,30.804,41.851,23.782,HARD,3,11,0,10,true,false,false,false,false,false,true,
9472,1229,77,42,2024-03-02T16:12:36.028000+00:00,96.374,30.9,41.717,23.757,HARD,3,12,0,11,true,false,false,false,false,false,true,
9472,1229,77,43,2024-03-02T16:14:12.368000+00:00,96.569,30.907,41.761,23.901,HARD,3,13,0,12,true,false,false,false,false,false,true,
9472,1229,77,44,2024-03-02T16:15:48.962000+00:00,96.63,30.844,41.917,23.869,HARD,3,14,0,13,true,false,false,false,false,false,true,
9472,1229,77,45,2024-03-02T16:17:25.625000+00:00,96.663,30.916,41.985,23.762,HARD,3,15,0,14,true,false,false,false,false,false,true,
9472,1229,77,46,2024-03-02T16:19:02.196000+00:00,96.297,30.825,41.72,23.752,HARD,3,16,0,15,true,false,false,false,false,false,true,
9472,1229,77,47,2024-03-02T16:20:38.514000+00:00,96.604,30.873,41.907,23.824,HARD,3,17,0,16,true,false,false,false,false,false,true,
9472,1229,77,48,2024-03-02T16:22:15.172000+00:00,96.765,30.913,41.993,23.859,HARD,3,18,0,17,true,false,false,false,false,false,true,
9472,1229,77,49,2024-03-02T16:23:51.943000+00:00,96.91,31.028,42.029,23.853,HARD,3,19,0,18,true,false,false,false,false,false,true,
9472,1229,77,50,2024-03-02T16:25:28.861000+00:00,96.91,31.025,41.997,23.888,HARD,3,20,0,19,true,false,false,false,false,false,true,
9472,1229,77,51,2024-03-02T16:27:05.764000+00:00,96.819,31.019,41.936,23.864,HARD,3,21,0,20,true,false,false,false,false,false,true,
9472,1229,77,52,2024-03-02T16:28:42.685000+00:00,96.949,30.997,41.98,23.972,HARD,3,22,0,21,true,false,false,false,false,false,true,
9472,1229,77,53,2024-03-02T16:30:19.418000+00:00,99.035,30.979,42.128,25.928,HARD,3,23,0,22,true,false,false,false,false,false,true,
9472,1229,77,54,2024-03-02T16:31:58.475000+00:00,97.095,30.705,42.292,24.098,HARD,3,24,0,23,true,false,false,false,false,false,true,
9472,1229,77,55,2024-03-02T16:33:35.694000+00:00,97.205,31.026,42.195,23.984,HARD,3,25,0,24,true,false,false,false,false,false,true,
9472,1229,77,56,2024-03-02T16:35:12.822000+00:00,97.956,31.235,42.521,24.2,HARD,3,26,0,25,true,false,false,false,false,false,true,
9472,1229,81,1,2024-03-02T15:03:42.341000+00:00,102.96,35.247,43.573,24.14,SOFT,1,1,3,3,true,true,false,false,false,true,false,standing_start;neutralised
9472,1229,81,2,2024-03-02T15:05:25.300000+00:00,98.382,31.429,42.789,24.164,SOFT,1,2,3,4,true,false,false,false,false,false,true,
9472,1229,81,3,2024-03-02T15:07:03.737000+00:00,98.258,31.147,42.993,24.118,SOFT,1,3,3,5,true,false,false,false,false,false,true,
9472,1229,81,4,2024-03-02T15:08:42.010000+00:00,97.897,31.113,42.572,24.212,SOFT,1,4,3,6,true,false,false,false,false,false,true,
9472,1229,81,5,2024-03-02T15:10:19.912000+00:00,97.859,30.894,42.78,24.185,SOFT,1,5,3,7,true,false,false,false,false,false,true,
9472,1229,81,6,2024-03-02T15:11:57.638000+00:00,97.955,31.412,42.35,24.193,SOFT,1,6,3,8,true,false,false,false,false,false,true,
9472,1229,81,7,2024-03-02T15:13:35.738000+00:00,97.984,31.164,42.581,24.239,SOFT,1,7,3,9,true,false,false,false,false,false,true,
9472,1229,81,8,2024-03-02T15:15:13.609000+00:00,97.956,31.179,42.533,24.244,SOFT,1,8,3,10,true,false,false,false,false,false,true,
9472,1229,81,9,2024-03-02T15:16:51.643000+00:00,98.096,31.211,42.534,24.351,SOFT,1,9,3,11,true,false,false,false,false,false,true,
9472,1229,81,10,2024-03-02T15:18:29.706000+00:00,98.073,31.294,42.462,24.317,SOFT,1,10,3,12,true,false,false,false,false,true,false,neutralised
9472,1229,81,11,2024-03-02T15:20:07.846000+00:00,98.397,31.276,42.727,24.394,SOFT,1,11,3,13,true,false,false,false,false,false,true,
9472,1229,81,12,2024-03-02T15:21:46.243000+00:00,100.739,31.364,42.679,26.696,SOFT,1,12,3,14,true,false,true,false,false,false,false,pit_in
9472,1229,81,13,2024-03-02T15:23:26.832000+00:00,118.689,52.735,42.241,23.713,HARD,2,1,0,0,true,false,false,true,false,false,false,pit_out
9472,1229,81,14,2024-03-02T15:25:25.542000+00:00,96.796,30.92,42.057,23.819,HARD,2,2,0,1,true,false,false,false,false,false,true,
9472,1229,81,15,2024-03-02T15:27:02.452000+00:00,96.823,31.008,41.928,23.887,HARD,2,3,0,2,true,false,false,false,false,false,true,
9472,1229,81,16,2024-03-02T15:28:39.182000+00:00,96.427,30.706,41.849,23.872,HARD,2,4,0,3,true,false,false,false,false,false,true,
9472,1229,81,17,2024-03-02T15:30:15.550000+00:00,96.872,30.863,42.13,23.879,HARD,2,5,0,4,true,false,false,false,false,false,true,
9472,1229,81,18,2024-03-02T15:31:52.578000+00:00,97.095,30.958,42.15,23.987,HARD,2,6,0,5,true,false,false,false,false,false,true,
9472,1229,81,19,2024-03-02T15:33:29.643000+00:00,96.577,30.84,41.863,23.874,HARD,2,7,0,6,true,false,false,false,false,false,true,
9472,1229,81,20,2024-03-02T15:35:06.210000+00:00,96.644,30.982,41.794,23.868,HARD,2,8,0,7,true,false,false,false,false,false,true,
9472,1229,81,21,2024-03-02T15:36:42.834000+00:00,96.733,30.904,41.943,23.886,HARD,2,9,0,8,true,false,false,false,false,false,true,
9472,1229,81,22,2024-03-02T15:38:19.659000+00:00,96.555,30.87,41.812,23.873,HARD,2,10,0,9,true,false,false,false,false,false,true,
9472,1229,81,23,2024-03-02T15:39:56.149000+00:00,96.68,30.953,41.883,23.844,HARD,2,11,0,10,true,false,false,false,false,false,true,
9472,1229,81,24,2024-03-02T15:41:32.778000+00:00,96.884,31.104,41.813,23.967,HARD,2,12,0,11,true,false,false,false,false,false,true,
9472,1229,81,25,2024-03-02T15:43:09.734000+00:00,97.008,31.017,42.028,23.963,HARD,2,13,0,12,true,false,false,false,false,false,true,
9472,1229,81,26,2024-03-02T15:44:46.723000+00:00,96.882,30.94,42.004,23.938,HARD,2,14,0,13,true,false,false,false,false,false,true,
9472,1229,81,27,2024-03-02T15:46:23.673000+00:00,96.905,31.034,41.892,23.979,HARD,2,15,0,14,true,false,false,false,false,false,true,
9472,1229,81,28,2024-03-02T15:48:00.491000+00:00,96.905,31.028,41.888,23.989,HARD,2,16,0,15,true,false,false,false,false,false,true,
9472,1229,81,29,2024-03-02T15:49:37.484000+00:00,97.179,31.07,42.068,24.041,HARD,2,17,0,16,true,false,false,false,false,false,true,
9472,1229,81,30,2024-03-02T15:51:14.548000+00:00,97.177,31.02,42.067,24.09,HARD,2,18,0,17,true,false,false,false,false,false,true,
9472,1229,81,31,2024-03-02T15:52:51.800000+00:00,97.57,30.979,42.516,24.075,HARD,2,19,0,18,true,false,false,false,false,false,true,
9472,1229,81,32,2024-03-02T15:54:29.304000+00:00,97.163,30.956,42.2,24.007,HARD,2,20,0,19,true,false,false,false,false,false,true,
9472,1229,81,33,2024-03-02T15:56:06.542000+00:00,97.088,31.023,42.039,24.026,HARD,2,21,0,20,true,false,false,false,false,false,true,
9472,1229,81,34,2024-03-02T15:57:43.519000+00:00,99.211,30.933,41.867,26.411,HARD,2,22,0,21,true,false,true,false,false,false,false,pit_in
9472,1229,81,35,2024-03-02T15:59:22.693000+00:00,119.703,53.392,42.529,23.782,HARD,3,1,0,0,true,false,false,true,false,false,false,pit_out
9472,1229,81,36,2024-03-02T16:01:22.454000+00:00,95.153,30.577,41.125,23.451,HARD,3,2,0,1,true,false,false,false,false,false,true,
9472,1229,81,37,2024-03-02T16:02:57.644000+00:00,94.774,30.469,40.772,23.533,HARD,3,3,0,2,true,false,false,false,true,false,false,deleted_lap
9472,1229,81,38,2024-03-02T16:04:32.414000+00:00,95.298,30.613,41.055,23.63,HARD,3,4,0,3,true,false,false,false,true,false,false,deleted_lap
9472,1229,81,39,2024-03-02T16:06:07.770000+00:00,94.983,30.196,41.091,23.696,HARD,3,5,0,4,true,false,false,false,false,false,true,
9472,1229,81,40,2024-03-02T16:07:42.787000+00:00,95.005,30.329,41.07,23.606,HARD,3,6,0,5,true,false,false,false,false,false,true,
9472,1229,81,41,2024-03-02T16:09:17.635000+00:00,95.109,30.504,41.055,23.55,HARD,3,7,0,6,true,false,false,false,false,false,true,
9472,1229,81,42,2024-03-02T16:10:52.836000+00:00,95.341,30.605,41.21,23.526,HARD,3,8,0,7,true,false,false,false,false,false,true,
9472,1229,81,43,2024-03-02T16:12:28.242000+00:00,95.258,30.52,41.188,23.55,HARD,3,9,0,8,true,false,false,false,false,false,true,
9472,1229,81,44,2024-03-02T16:14:03.437000+00:00,95.238,30.489,41.161,23.588,HARD,3,10,0,9,true,false,false,false,false,false,true,
9472,1229,81,45,2024-03-02T16:15:38.674000+00:00,95.306,30.589,41.14,23.577,HARD,3,11,0,10,true,false,false,false,false,false,true,
9472,1229,81,46,2024-03-02T16:17:13.949000+00:00,95.296,30.594,41.178,23.524,HARD,3,12,0,11,true,false,false,false,false,false,true,
9472,1229,81,47,2024-03-02T16:18:49.248000+00:00,95.376,30.504,41.194,23.678,HARD,3,13,0,12,true,false,false,false,false,false,true,
9472,1229,81,48,2024-03-02T16:20:24.634000+00:00,95.702,30.651,41.365,23.686,HARD,3,14,0,13,true,false,false,false,false,false,true,
9472,1229,81,49,2024-03-02T16:22:00.340000+00:00,95.653,30.619,41.313,23.721,HARD,3,15,0,14,true,false,false,false,false,false,true,
9472,1229,81,50,2024-03-02T16:23:35.926000+00:00,95.984,30.79,41.405,23.789,HARD,3,16,0,15,true,false,false,false,true,false,false,deleted_lap
9472,1229,81,51,2024-03-02T16:25:11.951000+00:00,95.8,30.74,41.312,23.748,HARD,3,17,0,16,true,false,false,false,false,false,true,
9472,1229,81,52,2024-03-02T16:26:47.817000+00:00,96.024,30.765,41.526,23.733,HARD,3,18,0,17,true,false,false,false,false,false,true,
9472,1229,81,53,2024-03-02T16:28:23.925000+00:00,95.739,30.77,41.299,23.67,HARD,3,19,0,18,true,false,false,false,false,false,true,
9472,1229,81,54,2024-03-02T16:29:59.604000+00:00,96.107,30.976,41.431,23.7,HARD,3,20,0,19,true,false,false,false,false,false,true,
9472,1229,81,55,2024-03-02T16:31:35.612000+00:00,95.973,30.879,41.373,23.721,HARD,3,21,0,20,true,false,false,false,false,false,true,
9472,1229,81,56,2024-03-02T16:33:11.663000+00:00,96.1,30.82,41.515,23.765,HARD,3,22,0,21,true,false,false,false,false,false,true,
9472,1229,81,57,2024-03-02T16:34:47.748000+00:00,95.92,30.738,41.401,23.781,HARD,3,23,0,22,true,false,false,false,false,false,true,
