session_key,meeting_key,driver_number,lap_number,date_start,lap_duration,duration_sector_1,duration_sector_2,duration_sector_3,compound,stint_number,lap_in_stint,tyre_age_at_start,tyre_age,has_complete_timing,is_start_lap,is_pit_in_lap,is_pit_out_lap,is_deleted,is_neutralised,is_valid_for_pace,exclusion_reason,has_position_data,position_at_start,position_at_end,position_update_count,position_changed,interval_min,interval_median,interval_max,interval_sample_count,gap_to_leader_min,gap_to_leader_median,gap_to_leader_max,gap_to_leader_sample_count,has_related_position_change,related_position_change_count
9472,1229,1,1,2024-03-02T15:03:42.341000+00:00,97.759,32.877,41.266,23.616,SOFT,1,1,3,3,true,true,false,false,false,true,false,standing_start;neutralised,true,1,1,10,false,0.0,0.0,0.0,2,0.0,0.0,0.0,2,true,18
9472,1229,1,2,2024-03-02T15:05:20.099000+00:00,96.296,30.916,41.661,23.719,SOFT,1,2,3,4,true,false,false,false,false,false,true,,true,1,1,0,false,0.0,0.0,0.0,1,0.0,0.0,0.0,1,false,0
9472,1229,1,3,2024-03-02T15:06:56.378000+00:00,96.753,30.999,41.966,23.788,SOFT,1,3,3,5,true,false,false,false,false,false,true,,true,1,1,0,false,0.0,0.0,0.0,1,0.0,0.0,0.0,1,false,0
9472,1229,1,4,2024-03-02T15:08:33.130000+00:00,96.647,30.931,41.892,23.824,SOFT,1,4,3,6,true,false,false,false,false,false,true,,true,1,1,0,false,0.0,0.0,0.0,1,0.0,0.0,0.0,1,false,0
9472,1229,1,5,2024-03-02T15:10:09.704000+00:00,97.173,31.255,42.056,23.862,SOFT,1,5,3,7,true,false,false,false,false,false,true,,true,1,1,0,false,0.0,0.0,0.0,1,0.0,0.0,0.0,1,false,0
9472,1229,1,6,2024-03-02T15:11:46.978000+00:00,97.092,31.041,42.187,23.864,SOFT,1,6,3,8,true,false,false,false,false,false,true,,true,1,1,0,false,0.0,0.0,0.0,1,0.0,0.0,0.0,1,false,0
9472,1229,1,7,2024-03-02T15:13:24.080000+00:00,97.038,31.015,42.118,23.905,SOFT,1,7,3,9,true,false,false,false,false,false,true,,true,1,1,0,false,0.0,0.0,0.0,1,0.0,0.0,0.0,1,false,0
9472,1229,1,8,2024-03-02T15:15:01.132000+00:00,97.024,31.041,42.077,23.906,SOFT,1,8,3,10,true,false,false,false,false,false,true,,true,1,1,0,false,0.0,0.0,0.0,1,0.0,0.0,0.0,1,false,0
9472,1229,1,9,2024-03-02T15:16:38.044000+00:00,97.229,31.1,42.166,23.963,SOFT,1,9,3,11,true,false,false,false,false,false,true,,true,1,1,0,false,0.0,0.0,0.0,1,0.0,0.0,0.0,1,false,0
9472,1229,1,10,2024-03-02T15:18:15.404000+00:00,96.96,30.986,42.009,23.965,SOFT,1,10,3,12,true,false,false,false,false,true,false,neutralised,true,1,1,0,false,0.0,0.0,0.0,1,0.0,0.0,0.0,1,false,0
9472,1229,1,11,2024-03-02T15:19:52.275000+00:00,97.085,30.974,42.142,23.969,SOFT,1,11,3,13,true,false,false,false,false,true,false,neutralised,true,1,1,0,false,0.0,0.0,0.0,1,0.0,0.0,0.0,1,false,0
9472,1229,1,12,2024-03-02T15:21:29.336000+00:00,97.045,30.966,42.091,23.988,SOFT,1,12,3,14,true,false,false,false,false,false,true,,true,1,1,0,false,0.0,0.0,0.0,1,0.0,0.0,0.0,1,false,0
9472,1229,1,13,2024-03-02T15:23:06.399000+00:00,97.03,30.964,42.055,24.011,SOFT,1,13,3,15,true,false,false,false,false,false,true,,true,1,1,0,false,0.0,0.0,0.0,1,0.0,0.0,0.0,1,false,0
9472,1229,1,14,2024-03-02T15:24:43.393000+00:00,97.028,30.938,42.042,24.048,SOFT,1,14,3,16,true,false,false,false,false,false,true,,true,1,1,0,false,0.0,0.0,0.0,1,0.0,0.0,0.0,1,false,0
9472,1229,1,15,2024-03-02T15:26:20.469000+00:00,97.011,30.887,42.058,24.066,SOFT,1,15,3,17,true,false,false,false,false,false,true,,true,1,1,0,false,0.0,0.0,0.0,1,0.0,0.0,0.0,1,false,0
9472,1229,1,16,2024-03-02T15:27:57.507000+00:00,97.168,31.048,42.032,24.088,SOFT,1,16,3,18,true,false,false,false,false,false,true,,true,1,1,0,false,0.0,0.0,0.0,1,0.0,0.0,0.0,1,false,0
9472,1229,1,17,2024-03-02T15:29:34.687000+00:00,99.896,31.006,42.06,26.83,SOFT,1,17,3,19,true,false,true,false,false,false,false,pit_in,true,1,1,0,false,0.0,0.0,0.0,1,0.0,0.0,0.0,1,false,0
9472,1229,1,18,2024-03-02T15:31:14.461000+00:00,117.854,52.815,41.511,23.528,HARD,2,1,0,0,true,false,false,true,false,false,false,pit_out,true,1,1,0,false,0.0,0.0,0.0,1,0.0,0.0,0.0,1,false,0
9472,1229,1,19,2024-03-02T15:33:12.478000+00:00,95.283,30.628,41.162,23.493,HARD,2,2,0,1,true,false,false,false,false,false,true,,true,1,1,0,false,0.0,0.0,0.0,1,0.0,0.0,0.0,1,false,0
9472,1229,1,20,2024-03-02T15:34:47.658000+00:00,95.16,30.585,41.1,23.475,HARD,2,3,0,2,true,false,false,false,false,false,true,,true,1,1,0,false,0.0,0.0,0.0,1,0.0,0.0,0.0,1,false,0
9472,1229,1,21,2024-03-02T15:36:22.851000+00:00,95.316,30.576,41.24,23.5,HARD,2,4,0,3,true,false,false,false,false,false,true,,true,1,1,0,false,0.0,0.0,0.0,1,0.0,0.0,0.0,1,false,0
9472,1229,1,22,2024-03-02T15:37:58.157000+00:00,95.204,30.56,41.142,23.502,HARD,2,5,0,4,true,false,false,false,false,false,true,,true,1,1,0,false,0.0,0.0,0.0,1,0.0,0.0,0.0,1,false,0
9472,1229,1,23,2024-03-02T15:39:33.340000+00:00,95.216,30.553,41.145,23.518,HARD,2,6,0,5,true,false,false,false,false,false,true,,true,1,1,0,false,0.0,0.0,0.0,1,0.0,0.0,0.0,1,false,0
9472,1229,1,24,2024-03-02T15:41:08.681000+00:00,95.289,30.548,41.257,23.484,HARD,2,7,0,6,true,false,false,false,false,false,true,,true,1,1,0,false,0.0,0.0,0.0,1,0.0,0.0,0.0,1,false,0
9472,1229,1,25,2024-03-02T15:42:43.916000+00:00,95.342,30.518,41.282,23.542,HARD,2,8,0,7,true,false,false,false,false,false,true,,true,1,1,0,false,0.0,0.0,0.0,1,0.0,0.0,0.0,1,false,0
9472,1229,1,26,2024-03-02T15:44:19.229000+00:00,95.223,30.522,41.14,23.561,HARD,2,9,0,8,true,false,false,false,false,false,true,,true,1,1,0,false,0.0,0.0,0.0,1,0.0,0.0,0.0,1,false,0
9472,1229,1,27,2024-03-02T15:45:54.455000+00:00,95.581,30.649,41.338,23.594,HARD,2,10,0,9,true,false,false,false,false,false,true,,true,1,1,0,false,0.0,0.0,0.0,1,0.0,0.0,0.0,1,false,0
9472,1229,1,28,2024-03-02T15:47:29.971000+00:00,95.477,30.588,41.272,23.617,HARD,2,11,0,10,true,false,false,false,false,false,true,,true,1,1,0,false,0.0,0.0,0.0,1,0.0,0.0,0.0,1,false,0
9472,1229,1,29,2024-03-02T15:49:05.560000+00:00,95.793,30.679,41.485,23.629,HARD,2,12,0,11,true,false,false,false,false,false,true,,true,1,1,0,false,0.0,0.0,0.0,1,0.0,0.0,0.0,1,false,0
9472,1229,1,30,2024-03-02T15:50:41.350000+00:00,95.771,30.657,41.47,23.644,HARD,2,13,0,12,true,false,false,false,false,false,true,,true,1,1,0,false,0.0,0.0,0.0,1,0.0,0.0,0.0,1,false,0
9472,1229,1,31,2024-03-02T15:52:17.140000+00:00,95.679,30.635,41.435,23.609,HARD,2,14,0,13,true,false,false,false,false,false,true,,true,1,1,0,false,0.0,0.0,0.0,1,0.0,0.0,0.0,1,false,0
9472,1229,1,32,2024-03-02T15:53:52.829000+00:00,95.886,30.669,41.519,23.698,HARD,2,15,0,14,true,false,false,false,false,false,true,,true,1,1,0,false,0.0,0.0,0.0,1,0.0,0.0,0.0,1,false,0
9472,1229,1,33,2024-03-02T15:55:28.580000+00:00,95.863,30.69,41.459,23.714,HARD,2,16,0,15,true,false,false,false,false,false,true,,true,1,1,0,false,0.0,0.0,0.0,1,0.0,0.0,0.0,1,false,0
9472,1229,1,34,2024-03-02T15:57:04.451000+00:00,96.133,30.685,41.661,23.787,HARD,2,17,0,16,true,false,false,false,false,false,true,,true,1,1,0,false,,,,0,,,,0,false,0
9472,1229,1,35,2024-03-02T15:58:40.909000+00:00,96.018,30.727,41.557,23.734,HARD,2,18,0,17,true,false,false,false,false,false,true,,true,1,1,0,false,0.0,0.0,0.0,1,0.0,0.0,0.0,1,false,0
9472,1229,1,36,2024-03-02T16:00:16.699000+00:00,96.205,30.794,41.561,23.85,HARD,2,19,0,18,true,false,false,false,false,false,true,,true,1,1,0,false,0.0,0.0,0.0,1,0.0,0.0,0.0,1,false,0
9472,1229,1,37,2024-03-02T16:01:52.940000+00:00,99.234,30.877,41.634,26.723,HARD,2,20,0,19,true,false,true,false,false,false,false,pit_in,true,1,1,0,false,0.0,0.0,0.0,1,0.0,0.0,0.0,1,false,0
9472,1229,1,38,2024-03-02T16:03:32.041000+00:00,116.445,51.526,41.562,23.357,SOFT,3,1,0,0,true,false,false,true,false,false,false,pit_out,true,1,1,0,false,0.0,0.0,0.0,1,0.0,0.0,0.0,1,false,0
9472,1229,1,39,2024-03-02T16:05:28.544000+00:00,92.608,29.741,39.916,22.951,SOFT,3,2,0,1,true,false,false,false,false,false,true,,true,1,1,0,false,0.0,0.0,0.0,1,0.0,0.0,0.0,1,false,0
9472,1229,1,40,2024-03-02T16:07:01.342000+00:00,96.589,31.014,42.023,23.552,SOFT,3,3,0,2,true,false,false,false,false,false,true,,true,1,1,0,false,0.0,0.0,0.0,1,0.0,0.0,0.0,1,false,0
9472,1229,1,41,2024-03-02T16:08:37.813000+00:00,95.29,30.697,41.281,23.312,SOFT,3,4,0,3,true,false,false,false,false,false,true,,true,1,1,0,false,0.0,0.0,0.0,1,0.0,0.0,0.0,1,false,0
9472,1229,1,42,2024-03-02T16:10:13.056000+00:00,94.667,30.477,40.996,23.194,SOFT,3,5,0,4,true,false,false,false,false,false,true,,true,1,1,0,false,0.0,0.0,0.0,1,0.0,0.0,0.0,1,false,0
9472,1229,1,43,2024-03-02T16:11:47.752000+00:00,94.151,30.132,40.772,23.247,SOFT,3,6,0,5,true,false,false,false,false,false,true,,true,1,1,0,false,0.0,0.0,0.0,1,0.0,0.0,0.0,1,false,0
9472,1229,1,44,2024-03-02T16:13:21.891000+00:00,94.531,30.348,40.805,23.378,SOFT,3,7,0,6,true,false,false,false,false,false,true,,true,1,1,0,false,0.0,0.0,0.0,1,0.0,0.0,0.0,1,false,0
9472,1229,1,45,2024-03-02T16:14:56.406000+00:00,94.249,30.18,40.825,23.244,SOFT,3,8,0,7,true,false,false,false,false,false,true,,true,1,1,0,false,0.0,0.0,0.0,1,0.0,0.0,0.0,1,false,0
9472,1229,1,46,2024-03-02T16:16:30.705000+00:00,94.193,30.301,40.682,23.21,SOFT,3,9,0,8,true,false,false,false,true,false,false,deleted_lap,true,1,1,0,false,0.0,0.0,0.0,1,0.0,0.0,0.0,1,false,0
9472,1229,1,47,2024-03-02T16:18:04.873000+00:00,94.239,30.267,40.704,23.268,SOFT,3,10,0,9,true,false,false,false,false,false,true,,true,1,1,0,false,0.0,0.0,0.0,1,0.0,0.0,0.0,1,false,0
9472,1229,1,48,2024-03-02T16:19:39.113000+00:00,94.35,30.245,40.738,23.367,SOFT,3,11,0,10,true,false,false,false,false,false,true,,true,1,1,0,false,0.0,0.0,0.0,1,0.0,0.0,0.0,1,false,0
9472,1229,1,49,2024-03-02T16:21:13.504000+00:00,94.403,30.246,40.804,23.353,SOFT,3,12,0,11,true,false,false,false,false,false,true,,true,1,1,0,false,0.0,0.0,0.0,1,0.0,0.0,0.0,1,false,0
9472,1229,1,50,2024-03-02T16:22:47.788000+00:00,94.783,30.229,40.928,23.626,SOFT,3,13,0,12,true,false,false,false,false,false,true,,true,1,1,0,false,0.0,0.0,0.0,1,0.0,0.0,0.0,1,false,0
9472,1229,1,51,2024-03-02T16:24:22.630000+00:00,94.34,30.003,40.834,23.503,SOFT,3,14,0,13,true,false,false,false,false,false,true,,true,1,1,0,false,0.0,0.0,0.0,1,0.0,0.0,0.0,1,false,0
9472,1229,1,52,2024-03-02T16:25:57.029000+00:00,94.906,30.333,40.919,23.654,SOFT,3,15,0,14,true,false,false,false,false,false,true,,true,1,1,0,false,0.0,0.0,0.0,1,0.0,0.0,0.0,1,false,0
9472,1229,1,53,2024-03-02T16:27:31.849000+00:00,95.6,30.528,41.382,23.69,SOFT,3,16,0,15,true,false,false,false,false,false,true,,true,1,1,0,false,0.0,0.0,0.0,1,0.0,0.0,0.0,1,false,0
9472,1229,1,54,2024-03-02T16:29:07.484000+00:00,95.334,30.427,41.227,23.68,SOFT,3,17,0,16,true,false,false,false,false,false,true,,true,1,1,0,false,0.0,0.0,0.0,1,0.0,0.0,0.0,1,false,0
9472,1229,1,55,2024-03-02T16:30:42.853000+00:00,95.184,30.493,41.22,23.471,SOFT,3,18,0,17,true,false,false,false,false,false,true,,true,1,1,0,false,0.0,0.0,0.0,1,0.0,0.0,0.0,1,false,0
9472,1229,1,56,2024-03-02T16:32:18.038000+00:00,94.671,30.256,40.87,23.545,SOFT,3,19,0,18,true,false,false,false,false,false,true,,true,1,1,0,false,0.0,0.0,0.0,1,0.0,0.0,0.0,1,false,0
9472,1229,1,57,2024-03-02T16:33:52.694000+00:00,94.923,30.384,40.91,23.629,SOFT,3,20,0,19,true,false,false,false,false,false,true,,true,1,1,0,false,,,,0,,,,0,false,0
9472,1229,2,1,2024-03-02T15:03:42.341000+00:00,106.397,39.057,43.162,24.178,SOFT,1,1,0,0,true,true,false,false,false,true,false,standing_start;neutralised,true,18,15,8,true,0.063,0.504,1.877,25,2.386,7.621,8.719,27,true,13
9472,1229,2,2,2024-03-02T15:05:28.737000+00:00,98.481,31.096,43.005,24.38,SOFT,1,2,0,1,true,false,false,false,false,false,true,,true,15,14,3,true,0.067,0.616,0.822,26,8.293,9.549,10.84,27,true,2
9472,1229,2,3,2024-03-02T15:07:07.169000+00:00,98.707,31.105,43.155,24.447,SOFT,1,3,0,2,true,false,false,false,false,false,true,,true,14,14,0,false,0.558,0.813,0.954,28,10.485,11.68,12.866,28,false,0
9472,1229,2,4,2024-03-02T15:08:45.974000+00:00,98.39,31.044,42.904,24.442,SOFT,1,4,0,3,true,false,false,false,false,false,true,,true,14,14,0,false,0.709,0.818,0.916,28,12.293,13.6475,14.545,28,false,0
9472,1229,2,5,2024-03-02T15:10:24.343000+00:00,98.757,31.048,43.209,24.5,SOFT,1,5,0,4,true,false,false,false,false,false,true,,true,14,14,0,false,0.567,0.716,0.866,28,14.01,15.143,16.118,28,false,0
9472,1229,2,6,2024-03-02T15:12:03.067000+00:00,98.582,31.037,42.981,24.564,SOFT,1,6,0,5,true,false,false,false,false,false,true,,true,14,14,0,false,0.757,0.841,0.967,28,15.767,16.757,17.609,28,false,0
9472,1229,2,7,2024-03-02T15:13:41.625000+00:00,99.464,31.373,43.491,24.6,SOFT,1,7,0,6,true,false,false,false,false,false,true,,true,14,14,0,false,0.441,0.7275,0.913,28,17.223,18.912,20.031,28,false,0
9472,1229,2,8,2024-03-02T15:15:21.091000+00:00,99.58,31.566,43.336,24.678,SOFT,1,8,0,7,true,false,false,false,false,false,true,,true,14,14,0,false,0.437,0.6705,0.814,28,19.675,21.405,22.583,28,false,0
9472,1229,2,9,2024-03-02T15:17:00.723000+00:00,99.366,31.398,43.299,24.669,SOFT,1,9,0,8,true,false,false,false,false,false,true,,true,14,13,1,true,0.643,0.8255,1.896,28,22.266,23.634,24.715,28,true,1
9472,1229,2,10,2024-03-02T15:18:39.989000+00:00,161.86,83.3,46.732,31.828,SOFT,1,10,0,9,true,false,true,false,false,true,false,pit_in;neutralised,true,13,20,7,true,1.91,22.005,29.489,27,24.558,78.411,86.447,27,true,6
9472,1229,2,11,2024-03-02T15:21:21.935000+00:00,132.438,64.866,42.959,24.613,HARD,2,1,0,0,true,false,false,true,false,false,false,pit_out,true,20,20,0,false,64.228,66.7665,67.462,26,,,,0,false,0
9472,1229,2,12,2024-03-02T15:23:34.319000+00:00,98.493,31.666,42.766,24.061,HARD,2,2,0,1,true,false,false,false,false,false,true,,true,20,20,0,false,67.687,90.8895,92.06,28,,,,0,false,0
9472,1229,2,13,2024-03-02T15:25:12.827000+00:00,100.989,31.427,43.601,25.961,HARD,2,3,0,2,true,false,false,false,false,false,true,,true,20,20,0,false,64.968,66.1445,68.146,26,,,,0,false,0
9472,1229,2,14,2024-03-02T15:26:53.936000+00:00,101.47,34.301,43.043,24.126,HARD,2,4,0,3,true,false,false,false,false,false,true,,true,20,20,0,false,68.609,71.4425,72.088,28,,,,0,false,0
9472,1229,2,15,2024-03-02T15:28:35.301000+00:00,97.594,31.044,42.414,24.136,HARD,2,5,0,4,true,false,false,false,false,false,true,,true,20,20,0,false,71.87,72.1765,72.333,28,,,,0,false,0
9472,1229,2,16,2024-03-02T15:30:12.933000+00:00,101.37,34.383,42.896,24.091,HARD,2,6,0,5,true,false,false,false,false,false,true,,true,20,20,0,false,72.256,75.783,76.215,28,,,,0,false,0
9472,1229,2,17,2024-03-02T15:31:54.254000+00:00,99.758,31.181,42.77,25.807,HARD,2,7,0,6,true,false,false,false,false,false,true,,true,20,20,0,false,75.879,76.189,77.884,28,139.532,139.551,139.57,2,false,0
9472,1229,2,18,2024-03-02T15:33:34.073000+00:00,98.077,31.257,42.709,24.111,HARD,2,8,0,7,true,false,false,false,false,false,true,,true,20,20,0,false,77.832,78.173,78.463,27,,,,0,false,0
9472,1229,2,19,2024-03-02T15:35:12.065000+00:00,97.742,31.201,42.532,24.009,HARD,2,9,0,8,true,false,false,false,false,false,true,,true,20,20,0,false,78.151,78.332,78.466,28,,,,0,false,0
9472,1229,2,20,2024-03-02T15:36:49.792000+00:00,97.82,31.11,42.663,24.047,HARD,2,10,0,9,true,false,false,false,false,false,true,,true,20,20,0,false,76.716,79.4965,79.657,28,,,,0,false,0
9472,1229,2,21,2024-03-02T15:38:27.658000+00:00,98.009,31.167,42.681,24.161,HARD,2,11,0,10,true,false,false,false,false,false,true,,true,20,20,0,false,55.552,55.989,56.445,26,,,,0,false,0
9472,1229,2,22,2024-03-02T15:40:05.682000+00:00,97.728,31.115,42.516,24.097,HARD,2,12,0,11,true,false,false,false,false,false,true,,true,20,20,0,false,56.008,56.508,56.915,28,,,,0,false,0
9472,1229,2,23,2024-03-02T15:41:43.435000+00:00,97.621,31.065,42.487,24.069,HARD,2,13,0,12,true,false,false,false,false,false,true,,true,20,20,0,false,56.89,57.445,57.855,28,,,,0,false,0
9472,1229,2,24,2024-03-02T15:43:21.051000+00:00,99.437,31.076,42.618,25.743,HARD,2,14,0,13,true,false,false,false,false,false,true,,true,20,20,0,false,57.763,58.3815,60.606,28,,,,0,false,0
9472,1229,2,25,2024-03-02T15:45:00.546000+00:00,99.093,32.025,42.881,24.187,HARD,2,15,0,14,true,false,false,false,false,false,true,,true,20,20,0,false,60.46,62.703,63.044,27,,,,0,false,0
9472,1229,2,26,2024-03-02T15:46:39.536000+00:00,97.859,31.152,42.533,24.174,HARD,2,16,0,15,true,false,false,false,false,false,true,,true,20,20,0,false,63.038,63.691,64.355,27,,,,0,false,0
9472,1229,2,27,2024-03-02T15:48:17.458000+00:00,98.288,31.178,42.806,24.304,HARD,2,17,0,16,true,false,false,false,false,false,true,,true,20,20,0,false,64.354,65.316,65.996,27,,,,0,false,0
9472,1229,2,28,2024-03-02T15:49:55.707000+00:00,100.535,31.128,42.603,26.804,HARD,2,18,0,17,true,false,true,false,false,false,false,pit_in,true,20,20,0,false,65.935,66.156,66.744,27,,,,0,false,0
9472,1229,2,29,2024-03-02T15:51:36.212000+00:00,121.581,52.601,45.132,23.848,HARD,3,1,0,0,true,false,false,true,false,false,false,pit_out,true,20,20,0,false,89.923,91.494,94.131,26,,,,0,false,0
9472,1229,2,30,2024-03-02T15:53:37.819000+00:00,95.715,30.623,41.483,23.609,HARD,3,2,0,1,true,false,false,false,false,false,true,,true,20,20,0,false,93.045,102.615,104.387,28,,,,0,false,0
9472,1229,2,31,2024-03-02T15:55:13.608000+00:00,96.713,30.539,42.489,23.685,HARD,3,3,0,2,true,false,false,false,false,false,true,,true,20,20,0,false,24.982,25.55,27.913,26,,,,0,false,0
9472,1229,2,32,2024-03-02T15:56:50.282000+00:00,96.563,30.82,41.868,23.875,HARD,3,4,0,3,true,false,false,false,false,false,true,,true,20,20,0,false,24.943,25.1425,25.381,28,,,,0,false,0
9472,1229,2,33,2024-03-02T15:58:26.854000+00:00,97.433,30.732,42.718,23.983,HARD,3,5,0,4,true,false,false,false,false,false,true,,true,20,20,0,false,24.852,25.179,26.423,27,,,,0,false,0
9472,1229,2,34,2024-03-02T16:00:04.211000+00:00,96.475,30.708,41.944,23.823,HARD,3,6,0,5,true,false,false,false,false,false,true,,true,20,20,0,false,24.609,24.7995,26.42,26,,,,0,false,0
9472,1229,2,35,2024-03-02T16:01:40.784000+00:00,96.859,31.015,42.023,23.821,HARD,3,7,0,6,true,false,false,false,false,false,true,,true,20,20,0,false,24.851,25.066,25.254,28,,,,0,false,0
9472,1229,2,36,2024-03-02T16:03:17.715000+00:00,96.462,30.805,41.808,23.849,HARD,3,8,0,7,true,false,false,false,false,false,true,,true,20,20,0,false,24.813,25.09,25.264,27,,,,0,false,0
9472,1229,2,37,2024-03-02T16:04:54.083000+00:00,96.785,30.826,42.127,23.832,HARD,3,9,0,8,true,false,false,false,false,false,true,,true,20,20,0,false,23.617,24.0655,24.834,28,181.146,181.156,181.166,2,false,0
9472,1229,2,38,2024-03-02T16:06:30.793000+00:00,96.732,30.786,42.026,23.92,HARD,3,10,0,9,true,false,false,false,false,false,true,,true,20,20,0,false,22.549,22.72,23.608,27,,,,0,false,0
9472,1229,2,39,2024-03-02T16:08:07.594000+00:00,97.016,30.987,42.097,23.932,HARD,3,11,0,10,true,false,false,false,false,false,true,,true,20,20,0,false,22.282,22.392,22.626,28,,,,0,false,0
9472,1229,2,40,2024-03-02T16:09:44.655000+00:00,99.817,30.76,42.614,26.443,HARD,3,12,0,11,true,false,true,false,false,false,false,pit_in,true,20,20,0,false,21.923,22.286,22.447,27,,,,0,false,0
9472,1229,2,41,2024-03-02T16:11:24.430000+00:00,120.282,55.516,41.323,23.443,SOFT,4,1,0,0,true,false,false,true,false,false,false,pit_out,true,20,20,0,false,45.965,49.0765,49.547,26,,,,0,false,0
9472,1229,2,42,2024-03-02T16:13:24.717000+00:00,94.735,30.316,40.966,23.453,SOFT,4,2,0,1,true,false,false,false,false,false,true,,true,20,20,0,false,47.032,47.638,48.651,28,,,,0,false,0
9472,1229,2,43,2024-03-02T16:14:59.489000+00:00,95.001,30.462,41.076,23.463,SOFT,4,3,0,2,true,false,false,false,false,false,true,,true,20,20,0,false,45.464,46.2325,47.009,28,,,,0,false,0
9472,1229,2,44,2024-03-02T16:16:34.406000+00:00,95.13,30.599,41.146,23.385,SOFT,4,4,0,3,true,false,false,false,false,false,true,,true,20,20,0,false,43.964,44.743,45.443,28,,,,0,false,0
9472,1229,2,45,2024-03-02T16:18:09.515000+00:00,95.333,30.587,41.272,23.474,SOFT,4,5,0,4,true,false,false,false,false,false,true,,true,20,20,0,false,42.634,43.2515,44.0,28,,,,0,false,0
9472,1229,2,46,2024-03-02T16:19:44.864000+00:00,95.939,30.872,41.469,23.598,SOFT,4,6,0,5,true,false,false,false,false,false,true,,true,20,20,0,false,42.276,42.479,42.849,28,,,,0,false,0
9472,1229,2,47,2024-03-02T16:21:20.749000+00:00,96.729,30.667,42.237,23.825,SOFT,4,7,0,6,true,false,false,false,false,false,true,,true,20,20,0,false,41.754,42.193,42.486,28,,,,0,false,0
9472,1229,2,48,2024-03-02T16:22:57.609000+00:00,95.688,30.357,41.593,23.738,SOFT,4,8,0,7,true,false,false,false,false,false,true,,true,20,20,0,false,41.324,41.5755,42.283,28,,,,0,false,0
9472,1229,2,49,2024-03-02T16:24:33.273000+00:00,95.59,30.638,41.303,23.649,SOFT,4,9,0,8,true,false,false,false,false,false,true,,true,20,20,0,false,40.004,40.515,41.305,28,,,,0,false,0
9472,1229,2,50,2024-03-02T16:26:08.812000+00:00,95.66,30.671,41.368,23.621,SOFT,4,10,0,9,true,false,false,false,false,false,true,,true,20,20,0,false,38.754,39.3455,39.985,28,,,,0,false,0
9472,1229,2,51,2024-03-02T16:27:44.498000+00:00,95.972,30.781,41.539,23.652,SOFT,4,11,0,10,true,false,false,false,false,false,true,,true,20,20,0,false,37.907,38.389,38.739,27,,,,0,false,0
9472,1229,2,52,2024-03-02T16:29:20.677000+00:00,95.987,30.775,41.44,23.772,SOFT,4,12,0,11,true,false,false,false,false,false,true,,true,20,20,0,false,36.945,37.45,37.888,27,,,,0,false,0
9472,1229,2,53,2024-03-02T16:30:56.521000+00:00,96.088,30.798,41.61,23.68,SOFT,4,13,0,12,true,false,false,false,false,false,true,,true,20,20,0,false,33.931,36.5195,36.924,28,,,,0,false,0
9472,1229,2,54,2024-03-02T16:32:32.524000+00:00,99.614,32.179,43.748,23.687,SOFT,4,14,0,13,true,false,false,false,false,false,true,,true,20,20,0,false,34.08,36.0005,37.147,28,,,,0,false,0
9472,1229,2,55,2024-03-02T16:34:12.176000+00:00,96.209,30.671,41.782,23.756,SOFT,4,15,0,14,true,false,false,false,false,false,true,,true,20,20,0,false,35.52,35.978,36.509,27,,,,0,false,0
9472,1229,3,1,2024-03-02T15:03:42.341000+00:00,106.178,38.568,43.159,24.451,SOFT,1,1,3,3,true,true,false,false,false,true,false,standing_start;neutralised,true,14,14,10,false,0.157,0.798,1.435,27,1.928,6.946,8.398,27,true,16
9472,1229,3,2,2024-03-02T15:05:28.518000+00:00,99.509,31.662,43.353,24.494,SOFT,1,2,3,4,true,false,false,false,false,false,true,,true,14,15,3,true,0.188,0.708,0.926,27,8.226,10.332,11.627,28,true,2
9472,1229,3,3,2024-03-02T15:07:07.994000+00:00,98.76,30.965,43.32,24.475,SOFT,1,3,3,5,true,false,false,false,false,false,true,,true,15,15,0,false,0.622,0.7405,0.842,28,11.155,12.4745,13.667,28,false,0
9472,1229,3,4,2024-03-02T15:08:46.663000+00:00,98.61,30.922,43.207,24.481,SOFT,1,4,3,6,true,false,false,false,false,false,true,,true,15,15,0,false,0.657,0.8485,1.048,28,13.151,14.328,15.591,27,false,0
9472,1229,3,5,2024-03-02T15:10:25.323000+00:00,98.704,30.98,43.2,24.524,SOFT,1,5,3,7,true,false,false,false,false,false,true,,true,15,15,0,false,0.806,0.98,1.109,27,15.119,16.0395,17.125,28,false,0
9472,1229,3,6,2024-03-02T15:12:03.968000+00:00,98.689,31.046,43.099,24.544,SOFT,1,6,3,8,true,false,false,false,false,false,true,,true,15,15,0,false,0.906,0.9915,1.127,28,16.677,17.648,18.705,27,false,0
9472,1229,3,7,2024-03-02T15:13:42.734000+00:00,99.193,31.372,43.289,24.532,SOFT,1,7,3,9,true,false,false,false,false,false,true,,true,15,15,0,false,0.741,0.975,1.272,27,18.49,19.8505,20.87,26,false,0
9472,1229,3,8,2024-03-02T15:15:21.929000+00:00,99.529,31.254,43.578,24.697,SOFT,1,8,3,10,true,false,false,false,false,false,true,,true,15,15,0,false,0.449,0.7335,0.833,28,20.407,22.1155,23.381,28,false,0
9472,1229,3,9,2024-03-02T15:17:01.403000+00:00,99.338,31.173,43.519,24.646,SOFT,1,9,3,11,true,false,false,false,false,false,true,,true,15,14,1,true,0.562,0.727,0.856,27,22.948,24.4285,25.486,28,true,1
9472,1229,3,10,2024-03-02T15:18:40.795000+00:00,98.782,31.211,43.104,24.467,SOFT,1,10,3,12,true,false,false,false,false,true,false,neutralised,true,14,13,1,true,0.445,2.616,2.727,27,25.105,26.395,27.286,28,true,1
9472,1229,3,11,2024-03-02T15:20:19.592000+00:00,99.033,31.472,43.08,24.481,SOFT,1,11,3,13,true,false,false,false,false,false,true,,true,13,13,0,false,0.628,2.9085,3.196,28,27.204,28.2965,29.234,28,false,0
9472,1229,3,12,2024-03-02T15:21:58.583000+00:00,98.893,31.451,42.949,24.493,SOFT,1,12,3,14,true,false,false,false,false,false,true,,true,13,10,1,true,4.85,4.9575,5.065,26,29.147,30.201,31.082,27,true,3
9472,1229,3,13,2024-03-02T15:23:37.402000+00:00,102.173,31.46,42.967,27.746,SOFT,1,13,3,15,true,false,true,false,false,false,false,pit_in,true,10,10,5,false,0.082,4.949,5.052,25,30.984,32.042,33.57,27,true,6
9472,1229,3,14,2024-03-02T15:25:19.740000+00:00,119.408,52.992,42.487,23.929,HARD,2,1,0,0,true,false,false,true,false,false,false,pit_out,true,10,16,6,true,3.117,4.5965,4.696,26,56.608,58.583,58.732,26,true,6
9472,1229,3,15,2024-03-02T15:27:19.085000+00:00,97.07,31.083,42.053,23.934,HARD,2,2,0,1,true,false,false,false,false,false,true,,true,16,16,0,false,3.814,4.1865,4.568,28,58.49,58.7295,58.988,28,false,0
9472,1229,3,16,2024-03-02T15:28:56.218000+00:00,97.176,30.966,42.237,23.973,HARD,2,3,0,2,true,false,false,false,false,false,true,,true,16,16,0,false,2.392,2.5295,3.815,28,58.515,58.634,58.799,28,false,0
9472,1229,3,17,2024-03-02T15:30:33.373000+00:00,97.29,30.789,42.42,24.081,HARD,2,4,0,3,true,false,false,false,false,false,true,,true,16,16,0,false,1.46,1.6345,2.897,28,56.066,58.634,58.855,26,false,0
9472,1229,3,18,2024-03-02T15:32:10.639000+00:00,97.7,30.949,42.517,24.234,HARD,2,5,0,4,true,false,false,false,false,false,true,,true,16,16,0,false,0.928,1.0725,1.652,28,34.176,35.083,35.928,26,false,0
9472,1229,3,19,2024-03-02T15:33:48.393000+00:00,98.35,31.051,42.983,24.316,HARD,2,6,0,5,true,false,false,false,false,false,true,,true,16,16,0,false,0.399,0.816,1.117,27,35.499,37.5525,38.984,28,false,0
9472,1229,3,20,2024-03-02T15:35:26.660000+00:00,97.865,31.036,42.538,24.291,HARD,2,7,0,6,true,false,false,false,false,false,true,,true,16,16,0,false,0.595,0.7515,1.027,28,38.807,40.4595,41.704,28,false,0
9472,1229,3,21,2024-03-02T15:37:04.616000+00:00,97.392,30.941,42.318,24.133,HARD,2,8,0,7,true,false,false,false,false,false,true,,true,16,15,1,true,0.059,2.81,3.027,27,41.3,42.66,43.76,28,true,1
9472,1229,3,22,2024-03-02T15:38:41.798000+00:00,97.75,31.102,42.461,24.187,HARD,2,9,0,8,true,false,false,false,false,false,true,,true,15,15,0,false,2.316,2.59,2.76,27,43.691,44.981,46.304,27,false,0
9472,1229,3,23,2024-03-02T15:40:19.947000+00:00,97.772,31.019,42.572,24.181,HARD,2,10,0,9,true,false,false,false,false,false,true,,true,15,15,0,false,2.054,2.2825,2.473,28,46.225,47.5935,48.862,28,false,0
9472,1229,3,24,2024-03-02T15:41:57.409000+00:00,97.766,30.983,42.559,24.224,HARD,2,11,0,10,true,false,false,false,false,false,true,,true,15,15,0,false,1.85,1.999,2.768,28,48.782,50.0345,51.339,28,false,0
9472,1229,3,25,2024-03-02T15:43:35.195000+00:00,97.973,31.017,42.663,24.293,HARD,2,12,0,11,true,false,false,false,false,false,true,,true,15,15,0,false,1.511,1.6675,2.122,28,51.162,52.757,53.973,28,false,0
9472,1229,3,26,2024-03-02T15:45:13.232000+00:00,98.029,30.982,42.682,24.365,HARD,2,13,0,12,true,false,false,false,false,false,true,,true,15,15,0,false,1.338,1.551,2.012,27,53.855,55.167,56.778,27,false,0
9472,1229,3,27,2024-03-02T15:46:51.249000+00:00,98.152,31.268,42.576,24.308,HARD,2,14,0,13,true,false,false,false,false,false,true,,true,15,15,0,false,1.342,1.4695,1.986,28,56.68,58.127,59.353,28,false,0
9472,1229,3,28,2024-03-02T15:48:29.382000+00:00,98.045,31.076,42.66,24.309,HARD,2,15,0,14,true,false,false,false,false,false,true,,true,15,14,1,true,1.378,1.438,1.621,27,59.153,60.693,61.925,28,true,1
9472,1229,3,29,2024-03-02T15:50:07.275000+00:00,97.96,31.066,42.637,24.257,HARD,2,16,0,15,true,false,false,false,false,false,true,,true,14,13,1,true,1.308,1.438,1.613,27,61.759,62.9945,64.086,28,true,1
9472,1229,3,30,2024-03-02T15:51:45.437000+00:00,97.978,31.075,42.576,24.327,HARD,2,17,0,16,true,false,false,false,false,false,true,,true,13,13,0,false,1.47,1.5485,1.749,28,63.892,65.214,66.291,28,false,0
9472,1229,3,31,2024-03-02T15:53:23.390000+00:00,98.154,31.167,42.688,24.299,HARD,2,18,0,17,true,false,false,false,false,false,true,,true,13,13,0,false,1.422,1.545,1.933,28,66.174,67.5035,68.771,28,false,0
9472,1229,3,32,2024-03-02T15:55:01.443000+00:00,98.025,31.075,42.662,24.288,HARD,2,19,0,18,true,false,false,false,false,false,true,,true,13,13,0,false,1.397,1.513,1.661,27,68.638,69.822,70.906,27,false,0
9472,1229,3,33,2024-03-02T15:56:39.538000+00:00,98.15,31.113,42.69,24.347,HARD,2,20,0,19,true,false,false,false,false,false,true,,true,13,12,1,true,0.889,1.045,1.39,29,70.834,71.937,73.194,29,false,0
9472,1229,3,34,2024-03-02T15:58:17.784000+00:00,98.246,31.246,42.766,24.234,HARD,2,21,0,20,true,false,false,false,false,false,true,,true,12,12,0,false,0.961,1.2545,1.69,28,73.117,74.332,75.304,28,false,0
9472,1229,3,35,2024-03-02T15:59:55.950000+00:00,100.595,31.087,42.747,26.761,HARD,2,22,0,21,true,false,true,false,false,false,false,pit_in,true,12,11,1,true,1.488,1.7055,2.083,26,75.238,76.258,77.444,27,false,0
9472,1229,3,36,2024-03-02T16:01:36.398000+00:00,116.995,51.904,41.57,23.521,SOFT,3,1,0,0,true,false,false,true,false,false,false,pit_out,true,11,16,5,true,9.008,9.5025,23.654,26,,,,0,true,5
9472,1229,3,37,2024-03-02T16:03:33.600000+00:00,95.163,30.422,41.226,23.515,SOFT,3,2,0,1,true,false,false,false,false,false,true,,true,16,15,1,true,0.032,8.486,8.965,25,96.599,99.873,100.669,26,true,1
9472,1229,3,38,2024-03-02T16:05:08.735000+00:00,95.46,30.496,41.41,23.554,SOFT,3,3,0,2,true,false,false,false,false,false,true,,true,15,15,0,false,6.093,7.498,8.413,28,75.277,75.526,76.798,25,false,0
9472,1229,3,39,2024-03-02T16:06:44.228000+00:00,95.475,30.559,41.392,23.524,SOFT,3,4,0,3,true,false,false,false,false,false,true,,true,15,15,0,false,4.106,5.057,6.493,28,75.562,77.2655,78.481,28,false,0
9472,1229,3,40,2024-03-02T16:08:19.639000+00:00,95.578,30.49,41.513,23.575,SOFT,3,5,0,4,true,false,false,false,false,false,true,,true,15,15,0,false,2.602,3.149,4.173,27,77.412,77.7275,78.479,26,false,0
9472,1229,3,41,2024-03-02T16:09:55.238000+00:00,95.644,30.564,41.478,23.602,SOFT,3,6,0,5,true,false,false,false,false,false,true,,true,15,14,1,true,1.159,1.883,4.883,28,77.206,77.468,77.824,27,true,1
9472,1229,3,42,2024-03-02T16:11:30.851000+00:00,95.338,30.484,41.238,23.616,SOFT,3,7,0,6,true,false,false,false,false,false,true,,true,14,14,0,false,4.24,4.385,4.882,26,77.681,77.9225,78.495,28,false,0
9472,1229,3,43,2024-03-02T16:13:06.228000+00:00,95.56,30.537,41.389,23.634,SOFT,3,8,0,7,true,false,false,false,false,false,true,,true,14,14,0,false,3.812,3.915,4.252,27,78.431,79.208,79.904,27,false,0
9472,1229,3,44,2024-03-02T16:14:41.745000+00:00,95.49,30.541,41.29,23.659,SOFT,3,9,0,8,true,false,false,false,false,false,true,,true,14,14,0,false,3.174,3.3765,3.878,28,79.804,80.3315,80.863,28,false,0
9472,1229,3,45,2024-03-02T16:16:17.266000+00:00,95.57,30.497,41.402,23.671,SOFT,3,10,0,9,true,false,false,false,false,false,true,,true,14,14,0,false,2.783,2.8955,3.208,28,80.821,81.407,82.184,28,false,0
9472,1229,3,46,2024-03-02T16:17:52.732000+00:00,95.507,30.443,41.378,23.686,SOFT,3,11,0,10,true,false,false,false,false,false,true,,true,14,14,0,false,2.114,2.2165,2.818,28,82.128,82.554,83.499,28,false,0
9472,1229,3,47,2024-03-02T16:19:28.393000+00:00,95.831,30.566,41.534,23.731,SOFT,3,12,0,11,true,false,false,false,false,false,true,,true,14,14,0,false,1.523,1.703,2.126,28,83.438,84.159,85.092,26,false,0
9472,1229,3,48,2024-03-02T16:21:04.244000+00:00,96.236,30.638,41.744,23.854,SOFT,3,13,0,12,true,false,false,false,false,false,true,,true,14,14,0,false,1.196,1.3645,1.561,28,85.021,85.9905,86.979,28,false,0
9472,1229,3,49,2024-03-02T16:22:40.347000+00:00,96.442,30.63,41.795,24.017,SOFT,3,14,0,13,true,false,false,false,false,false,true,,true,14,14,0,false,0.863,0.971,1.459,28,86.884,87.829,89.028,28,false,0
9472,1229,3,50,2024-03-02T16:24:16.835000+00:00,96.609,30.398,42.122,24.089,SOFT,3,15,0,14,true,false,false,false,false,false,true,,true,14,14,0,false,0.507,0.676,0.981,28,88.678,89.9085,90.841,28,false,0
9472,1229,3,51,2024-03-02T16:25:53.407000+00:00,97.103,30.775,42.193,24.135,SOFT,3,16,0,15,true,false,false,false,true,false,false,deleted_lap,true,14,14,0,false,0.506,0.704,0.798,27,90.826,92.351,93.619,28,false,0
9472,1229,3,52,2024-03-02T16:27:30.618000+00:00,97.529,30.569,41.854,25.106,SOFT,3,17,0,16,true,false,false,false,false,false,true,,true,14,13,1,true,0.613,0.972,2.113,28,93.269,93.988,95.412,23,true,1
9472,1229,3,53,2024-03-02T16:29:07.991000+00:00,96.745,30.797,41.954,23.994,SOFT,3,18,0,17,true,false,false,false,false,false,true,,true,13,13,0,false,0.822,1.801,2.129,27,,,,0,false,0
9472,1229,3,54,2024-03-02T16:30:44.871000+00:00,96.661,30.374,42.197,24.09,SOFT,3,19,0,18,true,false,false,false,false,false,true,,true,13,13,0,false,0.449,0.697,0.889,27,,,,0,false,0
9472,1229,3,55,2024-03-02T16:32:21.506000+00:00,97.375,30.713,42.581,24.081,SOFT,3,20,0,19,true,false,false,false,true,false,false,deleted_lap,true,13,13,0,false,0.27,0.4975,0.588,28,,,,0,false,0
9472,1229,3,56,2024-03-02T16:33:58.926000+00:00,97.662,30.726,42.755,24.181,SOFT,3,21,0,20,true,false,false,false,true,false,false,deleted_lap,true,13,13,0,false,0.262,0.4735,0.642,28,,,,0,false,0
9472,1229,4,1,2024-03-02T15:03:42.341000+00:00,102.596,35.043,43.309,24.244,SOFT,1,1,3,3,true,true,false,false,false,true,false,standing_start;neutralised,true,7,7,11,false,0.0,0.355,0.504,26,0.0,3.637,4.896,27,true,16
9472,1229,4,2,2024-03-02T15:05:24.936000+00:00,98.01,31.353,42.618,24.039,SOFT,1,2,3,4,true,false,false,false,false,false,true,,true,7,7,0,false,0.375,0.526,0.683,28,4.645,6.029,6.66,28,false,0
9472,1229,4,3,2024-03-02T15:07:02.960000+00:00,97.787,31.112,42.476,24.199,SOFT,1,3,3,5,true,false,false,false,true,false,false,deleted_lap,true,7,6,1,true,0.079,2.696,3.029,27,6.165,7.181,7.632,28,true,1
9472,1229,4,4,2024-03-02T15:08:40.628000+00:00,97.45,31.115,42.193,24.142,SOFT,1,4,3,6,true,false,false,false,true,false,false,deleted_lap,true,6,6,0,false,2.955,3.124,3.254,28,7.531,8.084,8.437,28,false,0
9472,1229,4,5,2024-03-02T15:10:18.228000+00:00,97.794,31.258,42.379,24.157,SOFT,1,5,3,7,true,false,false,false,false,false,true,,true,6,6,0,false,2.897,3.277,3.65,28,8.306,8.726,9.057,28,false,0
9472,1229,4,6,2024-03-02T15:11:55.985000+00:00,97.896,31.027,42.622,24.247,SOFT,1,6,3,8,true,false,false,false,false,false,true,,true,6,6,0,false,2.918,3.0835,3.449,28,8.89,9.387,9.86,28,false,0
9472,1229,4,7,2024-03-02T15:13:33.929000+00:00,97.86,31.074,42.514,24.272,SOFT,1,7,3,9,true,false,false,false,false,false,true,,true,6,6,0,false,2.632,3.0115,3.558,28,9.678,10.2275,10.682,28,false,0
9472,1229,4,8,2024-03-02T15:15:11.730000+00:00,98.134,31.171,42.688,24.275,SOFT,1,8,3,10,true,false,false,false,false,false,true,,true,6,6,0,false,2.276,2.5865,3.119,28,10.538,11.105,11.792,27,false,0
9472,1229,4,9,2024-03-02T15:16:49.846000+00:00,98.064,31.051,42.721,24.292,SOFT,1,9,3,11,true,false,false,false,false,false,true,,true,6,6,0,false,2.336,2.642,3.071,28,11.64,12.162,12.628,28,false,0
9472,1229,4,10,2024-03-02T15:18:27.948000+00:00,97.936,31.019,42.563,24.354,SOFT,1,10,3,12,true,false,false,false,false,true,false,neutralised,true,6,6,0,false,2.685,2.8565,3.087,28,12.43,13.0545,13.603,28,false,0
9472,1229,4,11,2024-03-02T15:20:05.925000+00:00,98.172,31.163,42.74,24.269,SOFT,1,11,3,13,true,false,false,false,false,false,true,,true,6,5,1,true,2.044,2.434,3.426,28,13.476,14.0615,14.69,26,true,1
9472,1229,4,12,2024-03-02T15:21:44.002000+00:00,98.082,31.232,42.561,24.289,SOFT,1,12,3,14,true,false,false,false,false,false,true,,true,5,4,1,true,2.875,3.704,5.488,26,14.592,15.2205,15.727,28,true,1
9472,1229,4,13,2024-03-02T15:23:22.125000+00:00,100.635,31.225,42.508,26.902,SOFT,1,13,3,15,true,false,true,false,false,false,false,pit_in,true,4,3,1,true,3.974,4.296,4.957,25,15.575,16.246,16.908,27,true,1
9472,1229,4,14,2024-03-02T15:25:02.671000+00:00,117.77,51.681,42.243,23.846,HARD,2,1,0,0,true,false,false,true,false,false,false,pit_out,true,3,9,6,true,4.319,5.5485,5.681,26,38.807,40.0765,40.455,26,true,6
9472,1229,4,15,2024-03-02T15:27:00.555000+00:00,96.912,31.011,42.058,23.843,HARD,2,2,0,1,true,false,false,false,false,false,true,,true,9,8,1,true,4.522,4.766,5.614,25,39.975,40.0855,40.345,28,true,1
9472,1229,4,16,2024-03-02T15:28:37.388000+00:00,96.565,30.716,42.031,23.818,HARD,2,3,0,2,true,false,false,false,false,false,true,,true,8,6,1,true,5.174,5.323,5.704,27,39.372,39.6235,39.951,28,true,2
9472,1229,4,17,2024-03-02T15:30:13.916000+00:00,96.776,31.049,41.973,23.754,HARD,2,4,0,3,true,false,false,false,false,false,true,,true,6,6,0,false,5.105,5.313,5.911,27,36.252,39.2195,39.48,28,false,0
9472,1229,4,18,2024-03-02T15:31:50.859000+00:00,96.508,30.803,41.777,23.928,HARD,2,5,0,4,true,false,false,false,false,false,true,,true,6,6,0,false,4.051,4.384,5.205,28,14.19,14.5485,15.526,26,false,0
9472,1229,4,19,2024-03-02T15:33:27.355000+00:00,96.416,30.87,41.774,23.772,HARD,2,6,0,5,true,false,false,false,false,false,true,,true,6,6,0,false,3.736,3.8775,4.25,28,14.728,15.6135,16.039,28,false,0
9472,1229,4,20,2024-03-02T15:35:03.732000+00:00,96.501,30.817,41.871,23.813,HARD,2,7,0,6,true,false,false,false,false,false,true,,true,6,6,0,false,3.449,3.583,3.867,28,15.891,16.734,17.38,27,false,0
9472,1229,4,21,2024-03-02T15:36:40.343000+00:00,96.62,30.889,41.825,23.906,HARD,2,8,0,7,true,false,false,false,false,false,true,,true,6,6,0,false,2.981,3.1965,3.565,28,17.299,17.974,18.684,27,false,0
9472,1229,4,22,2024-03-02T15:38:16.778000+00:00,96.668,30.839,41.822,24.007,HARD,2,9,0,8,true,false,false,false,false,false,true,,true,6,6,0,false,2.827,2.954,3.268,28,18.647,19.437,20.148,28,false,0
9472,1229,4,23,2024-03-02T15:39:53.580000+00:00,96.696,30.92,41.877,23.899,HARD,2,10,0,9,true,false,false,false,false,false,true,,true,6,6,0,false,2.69,2.75,3.096,27,20.085,20.871,21.628,27,false,0
9472,1229,4,24,2024-03-02T15:41:30.241000+00:00,96.823,30.89,42.047,23.886,HARD,2,11,0,10,true,false,false,false,false,false,true,,true,6,6,0,false,2.45,2.6285,2.782,28,21.574,22.5225,23.162,28,false,0
9472,1229,4,25,2024-03-02T15:43:07.105000+00:00,96.73,30.923,41.924,23.883,HARD,2,12,0,11,true,false,false,false,false,false,true,,true,6,6,0,false,2.414,2.5515,2.666,26,23.104,24.015,24.552,28,false,0
9472,1229,4,26,2024-03-02T15:44:43.799000+00:00,96.566,30.845,41.878,23.843,HARD,2,13,0,12,true,false,false,false,false,false,true,,true,6,6,0,false,2.33,2.448,2.65,28,24.495,25.227,25.895,27,false,0
9472,1229,4,27,2024-03-02T15:46:20.396000+00:00,96.726,30.873,41.939,23.914,HARD,2,14,0,13,true,false,false,false,false,false,true,,true,6,6,0,false,2.08,2.1955,2.391,28,25.808,26.428,27.038,27,false,0
9472,1229,4,28,2024-03-02T15:47:57.155000+00:00,97.018,30.98,41.984,24.054,HARD,2,15,0,14,true,false,false,false,false,false,true,,true,6,6,0,false,2.176,2.235,2.373,28,26.97,27.941,28.584,27,false,0
9472,1229,4,29,2024-03-02T15:49:34.073000+00:00,97.041,30.879,42.16,24.002,HARD,2,16,0,15,true,false,false,false,false,false,true,,true,6,6,0,false,2.171,2.369,2.451,27,28.436,29.232,29.827,27,false,0
9472,1229,4,30,2024-03-02T15:51:11.080000+00:00,96.986,30.946,42.076,23.964,HARD,2,17,0,16,true,false,false,false,false,false,true,,true,6,6,0,false,2.119,2.261,2.472,27,29.71,30.4895,31.043,28,false,0
9472,1229,4,31,2024-03-02T15:52:48.038000+00:00,97.083,30.944,42.127,24.012,HARD,2,18,0,17,true,false,false,false,false,false,true,,true,6,6,0,false,1.131,2.253,3.462,27,30.969,31.7875,32.45,28,false,0
9472,1229,4,32,2024-03-02T15:54:25.231000+00:00,97.171,30.994,42.14,24.037,HARD,2,19,0,18,true,false,false,false,false,false,true,,true,6,5,1,true,2.077,2.291,2.563,26,32.382,33.018,33.731,26,true,1
9472,1229,4,33,2024-03-02T15:56:02.409000+00:00,99.626,31.223,42.016,26.387,HARD,2,20,0,19,true,false,true,false,false,false,false,pit_in,true,5,5,0,false,2.512,2.861,3.15,25,33.641,34.62,35.199,27,false,0
9472,1229,4,34,2024-03-02T15:57:41.888000+00:00,116.898,51.869,41.547,23.482,HARD,3,1,0,0,true,false,false,true,false,false,false,pit_out,true,5,8,3,true,4.224,4.889,5.628,25,57.696,58.4755,58.88,26,true,3
9472,1229,4,35,2024-03-02T15:59:38.849000+00:00,94.476,30.32,40.838,23.318,HARD,3,2,0,1,true,false,false,false,false,false,true,,true,8,7,1,true,0.88,1.0815,2.982,26,56.717,57.5365,58.238,28,true,1
9472,1229,4,36,2024-03-02T16:01:13.329000+00:00,95.69,30.162,42.072,23.456,HARD,3,3,0,2,true,false,false,false,false,false,true,,true,7,6,1,true,0.086,1.021,2.64,27,56.007,56.3725,56.613,28,true,1
9472,1229,4,37,2024-03-02T16:02:48.969000+00:00,95.067,30.355,41.339,23.373,HARD,3,4,0,3,true,false,false,false,false,false,true,,true,6,6,0,false,2.354,2.636,2.81,28,52.035,55.5135,56.201,28,false,0
9472,1229,4,38,2024-03-02T16:04:24.164000+00:00,95.149,30.48,41.161,23.508,HARD,3,5,0,4,true,false,false,false,false,false,true,,true,6,6,0,false,2.629,2.852,3.176,27,30.506,30.7735,32.222,26,false,0
9472,1229,4,39,2024-03-02T16:05:59.266000+00:00,94.88,30.35,41.047,23.483,HARD,3,6,0,5,true,false,false,false,false,false,true,,true,6,6,0,false,2.772,2.925,3.218,28,30.694,32.002,33.011,28,false,0
9472,1229,4,40,2024-03-02T16:07:34.085000+00:00,95.276,30.366,41.222,23.688,HARD,3,7,0,6,true,false,false,false,false,false,true,,true,6,6,0,false,2.753,2.987,3.386,27,31.322,32.0895,33.008,28,false,0
9472,1229,4,41,2024-03-02T16:09:09.505000+00:00,95.069,30.318,41.261,23.49,HARD,3,8,0,7,true,false,false,false,false,false,true,,true,6,6,0,false,3.061,3.298,3.451,27,31.021,31.399,31.719,26,false,0
9472,1229,4,42,2024-03-02T16:10:44.570000+00:00,95.165,30.402,41.212,23.551,HARD,3,9,0,8,true,false,false,false,false,false,true,,true,6,6,0,false,3.146,3.4815,3.614,28,31.182,31.525,31.975,28,false,0
9472,1229,4,43,2024-03-02T16:12:19.712000+00:00,95.295,30.462,41.196,23.637,HARD,3,10,0,9,true,false,false,false,false,false,true,,true,6,6,0,false,3.437,3.656,3.936,28,31.865,32.6155,33.119,28,false,0
9472,1229,4,44,2024-03-02T16:13:54.953000+00:00,95.346,30.488,41.267,23.591,HARD,3,11,0,10,true,false,false,false,false,false,true,,true,6,6,0,false,3.554,3.818,4.008,27,32.788,33.4485,33.934,28,false,0
9472,1229,4,45,2024-03-02T16:15:30.301000+00:00,95.338,30.468,41.24,23.63,HARD,3,12,0,11,true,false,false,false,false,false,true,,true,6,6,0,false,3.899,4.0735,4.41,28,33.815,34.399,35.023,28,false,0
9472,1229,4,46,2024-03-02T16:17:05.675000+00:00,95.371,30.485,41.244,23.642,HARD,3,13,0,12,true,false,false,false,false,false,true,,true,6,6,0,false,3.58,4.166,4.464,28,34.952,35.3865,36.201,28,false,0
9472,1229,4,47,2024-03-02T16:18:41.051000+00:00,95.485,30.546,41.341,23.598,HARD,3,14,0,13,true,false,false,false,false,false,true,,true,6,6,0,false,3.232,3.357,3.981,28,36.048,36.812,37.447,28,false,0
9472,1229,4,48,2024-03-02T16:20:16.464000+00:00,95.717,30.638,41.369,23.71,HARD,3,15,0,14,true,false,false,false,false,false,true,,true,6,6,0,false,2.752,2.9835,3.377,28,37.378,38.172,38.814,28,false,0
9472,1229,4,49,2024-03-02T16:21:52.235000+00:00,95.674,30.64,41.34,23.694,HARD,3,16,0,15,true,false,false,false,false,false,true,,true,6,6,0,false,2.524,2.6795,3.026,28,38.773,39.511,40.086,28,false,0
9472,1229,4,50,2024-03-02T16:23:28.003000+00:00,95.657,30.563,41.375,23.719,HARD,3,17,0,16,true,false,false,false,false,false,true,,true,6,6,0,false,2.03,2.2725,2.722,28,39.942,40.6265,40.959,28,false,0
9472,1229,4,51,2024-03-02T16:25:03.574000+00:00,96.038,30.786,41.516,23.736,HARD,3,18,0,17,true,false,false,false,false,false,true,,true,6,6,0,false,2.057,2.21,2.37,28,41.063,42.0705,42.658,28,false,0
9472,1229,4,52,2024-03-02T16:26:39.548000+00:00,95.922,30.655,41.461,23.806,HARD,3,19,0,18,true,false,false,false,false,false,true,,true,6,6,0,false,1.897,2.1405,2.39,28,42.635,43.254,43.673,28,false,0
9472,1229,4,53,2024-03-02T16:28:15.586000+00:00,95.782,30.666,41.392,23.724,HARD,3,20,0,19,true,false,false,false,false,false,true,,true,6,6,0,false,1.68,1.8345,2.101,26,43.455,43.7295,43.855,28,false,0
9472,1229,4,54,2024-03-02T16:29:51.390000+00:00,95.934,30.672,41.387,23.875,HARD,3,21,0,20,true,false,false,false,false,false,true,,true,6,6,0,false,1.548,1.7385,1.916,28,43.808,44.1005,44.455,28,false,0
9472,1229,4,55,2024-03-02T16:31:27.363000+00:00,96.223,31.035,41.372,23.816,HARD,3,22,0,21,true,false,false,false,false,false,true,,true,6,6,0,false,1.698,1.852,2.037,27,44.367,44.999,45.5,28,false,0
9472,1229,4,56,2024-03-02T16:33:03.513000+00:00,95.976,30.691,41.471,23.814,HARD,3,23,0,22,true,false,false,false,true,false,false,deleted_lap,true,6,6,0,false,1.383,1.535,1.895,27,45.443,46.3505,46.801,28,false,0
9472,1229,4,57,2024-03-02T16:34:39.417000+00:00,96.582,30.771,41.992,23.819,HARD,3,24,0,23,true,false,false,false,false,false,true,,true,6,6,0,false,1.262,1.544,1.761,26,46.67,47.7225,48.496,28,false,0
9472,1229,10,1,2024-03-02T15:03:42.341000+00:00,107.68,39.583,43.704,24.393,SOFT,1,1,0,0,true,true,false,false,false,true,false,standing_start;neutralised,true,20,17,9,true,0.001,0.4075,0.584,24,2.123,8.533,9.961,27,true,9
9472,1229,10,2,2024-03-02T15:05:30.020000+00:00,99.059,31.86,42.743,24.456,SOFT,1,2,0,1,true,false,false,false,false,false,true,,true,17,17,0,false,0.382,0.489,0.655,28,9.898,11.639,12.745,28,false,0
9472,1229,10,3,2024-03-02T15:07:09.187000+00:00,98.744,31.254,42.848,24.642,SOFT,1,3,0,2,true,false,false,false,false,false,true,,true,17,17,0,false,0.385,0.475,0.586,28,12.252,13.578,14.733,28,false,0
9472,1229,10,4,2024-03-02T15:08:47.834000+00:00,98.503,31.305,42.705,24.493,SOFT,1,4,0,3,true,false,false,false,false,false,true,,true,17,17,0,false,0.374,0.4705,0.679,28,14.272,15.731,16.602,28,false,0
9472,1229,10,5,2024-03-02T15:10:26.498000+00:00,98.664,31.344,42.718,24.602,SOFT,1,5,0,4,true,false,false,false,false,false,true,,true,17,17,0,false,0.277,0.474,0.715,27,16.089,17.2595,18.085,28,false,0
9472,1229,10,6,2024-03-02T15:12:05.094000+00:00,99.099,31.457,42.995,24.647,SOFT,1,6,0,5,true,false,false,false,false,false,true,,true,17,17,0,false,0.338,0.5975,0.713,28,17.634,19.042,20.081,28,false,0
9472,1229,10,7,2024-03-02T15:13:44.100000+00:00,99.078,31.353,43.11,24.615,SOFT,1,7,0,6,true,false,false,false,false,false,true,,true,17,17,0,false,0.487,0.574,0.646,27,19.679,21.0355,22.125,28,false,0
9472,1229,10,8,2024-03-02T15:15:23.253000+00:00,99.287,31.21,43.311,24.766,SOFT,1,8,0,7,true,false,false,false,false,false,true,,true,17,17,0,false,0.407,0.514,0.578,28,21.674,23.076,24.389,28,false,0
9472,1229,10,9,2024-03-02T15:17:02.598000+00:00,99.452,31.4,43.321,24.731,SOFT,1,9,0,8,true,false,false,false,false,false,true,,true,17,17,0,false,0.097,0.5,0.646,27,23.91,25.4675,26.609,28,false,0
9472,1229,10,10,2024-03-02T15:18:42.035000+00:00,98.929,31.383,43.016,24.53,SOFT,1,10,0,9,true,false,false,false,false,true,false,neutralised,true,17,14,3,true,0.547,0.641,1.273,25,26.211,27.662,28.559,27,true,3
9472,1229,10,11,2024-03-02T15:20:20.748000+00:00,98.656,31.329,42.886,24.441,SOFT,1,11,0,10,true,false,false,false,false,false,true,,true,14,14,0,false,0.896,1.076,1.219,27,28.28,29.3295,30.13,28,false,0
9472,1229,10,12,2024-03-02T15:21:59.507000+00:00,101.456,31.328,42.787,27.341,SOFT,1,12,0,11,true,false,true,false,false,false,false,pit_in,true,14,12,3,true,0.576,0.725,1.001,26,29.873,31.005,32.083,27,true,4
9472,1229,10,13,2024-03-02T15:23:41.046000+00:00,124.565,57.71,42.728,24.127,HARD,2,1,0,0,true,false,false,true,false,false,false,pit_out,true,12,18,6,true,1.895,3.119,3.36,26,59.966,61.8575,62.076,26,true,6
9472,1229,10,14,2024-03-02T15:25:45.604000+00:00,97.689,31.44,42.233,24.016,HARD,2,2,0,1,true,false,false,false,false,false,true,,true,18,19,1,true,0.026,0.694,3.228,27,62.086,62.733,63.028,27,true,1
9472,1229,10,15,2024-03-02T15:27:23.268000+00:00,97.492,30.978,42.383,24.131,HARD,2,3,0,2,true,false,false,false,false,false,true,,true,19,19,0,false,0.601,0.841,1.032,28,62.414,63.146,63.245,28,false,0
9472,1229,10,16,2024-03-02T15:29:00.742000+00:00,97.521,30.874,42.396,24.251,HARD,2,4,0,3,true,false,false,false,false,false,true,,true,19,19,0,false,0.637,0.743,0.984,28,62.803,63.3375,63.602,28,false,0
9472,1229,10,17,2024-03-02T15:30:38.229000+00:00,97.949,31.153,42.548,24.248,HARD,2,5,0,4,true,false,false,false,false,false,true,,true,19,19,0,false,0.522,0.8665,1.019,28,61.624,63.961,64.386,26,false,0
9472,1229,10,18,2024-03-02T15:32:16.230000+00:00,97.791,30.98,42.45,24.361,HARD,2,6,0,5,true,false,false,false,false,false,true,,true,19,19,0,false,0.717,0.817,0.97,28,39.641,40.6155,41.575,26,false,0
9472,1229,10,19,2024-03-02T15:33:54.035000+00:00,97.702,30.968,42.47,24.264,HARD,2,7,0,6,true,false,false,false,false,false,true,,true,19,19,0,false,0.78,0.9155,1.009,28,41.111,42.9815,43.996,28,false,0
9472,1229,10,20,2024-03-02T15:35:31.612000+00:00,98.036,31.193,42.487,24.356,HARD,2,8,0,7,true,false,false,false,false,false,true,,true,19,19,0,false,0.642,0.75,1.124,26,43.617,45.481,46.863,27,false,0
9472,1229,10,21,2024-03-02T15:37:09.630000+00:00,98.094,31.173,42.541,24.38,HARD,2,9,0,8,true,false,false,false,false,false,true,,true,19,18,1,true,0.646,0.8445,1.054,28,46.502,48.357,49.639,28,false,0
9472,1229,10,22,2024-03-02T15:38:47.756000+00:00,97.868,31.145,42.536,24.187,HARD,2,10,0,9,true,false,false,false,false,false,true,,true,18,18,0,false,0.782,0.9185,1.034,28,49.35,51.172,52.305,28,false,0
9472,1229,10,23,2024-03-02T15:40:25.592000+00:00,98.104,31.195,42.586,24.323,HARD,2,11,0,10,true,false,false,false,false,false,true,,true,18,18,0,false,0.589,0.786,0.909,27,52.0,53.91,55.189,28,false,0
9472,1229,10,24,2024-03-02T15:42:03.799000+00:00,98.192,31.232,42.57,24.39,HARD,2,12,0,11,true,false,false,false,false,false,true,,true,18,18,0,false,0.606,0.8275,0.895,28,54.896,56.7335,58.091,28,false,0
9472,1229,10,25,2024-03-02T15:43:41.898000+00:00,98.16,31.096,42.716,24.348,HARD,2,13,0,12,true,false,false,false,false,false,true,,true,18,18,0,false,0.592,0.721,0.88,28,57.802,59.7095,60.91,28,false,0
9472,1229,10,26,2024-03-02T15:45:20.291000+00:00,98.379,31.256,42.673,24.45,HARD,2,14,0,13,true,false,false,false,false,false,true,,true,18,18,0,false,0.566,0.7295,0.859,28,60.626,62.629,64.072,28,false,0
9472,1229,10,27,2024-03-02T15:46:58.437000+00:00,98.4,31.171,42.747,24.482,HARD,2,15,0,14,true,false,false,false,false,false,true,,true,18,18,0,false,0.608,0.726,0.83,28,63.776,65.5315,66.886,28,false,0
9472,1229,10,28,2024-03-02T15:48:36.991000+00:00,98.615,31.351,42.788,24.476,HARD,2,16,0,15,true,false,false,false,false,false,true,,true,18,17,1,true,0.618,0.842,1.006,27,66.586,68.6705,70.032,28,true,1
9472,1229,10,29,2024-03-02T15:50:15.428000+00:00,98.55,31.301,42.807,24.442,HARD,2,17,0,16,true,false,false,false,false,false,true,,true,17,16,1,true,0.585,0.743,0.847,27,69.708,71.533,72.782,28,true,1
9472,1229,10,30,2024-03-02T15:51:53.997000+00:00,98.832,31.368,42.942,24.522,HARD,2,18,0,17,true,false,false,false,false,false,true,,true,16,16,0,false,0.597,0.7845,1.001,26,72.599,74.4605,75.831,26,false,0
9472,1229,10,31,2024-03-02T15:53:32.808000+00:00,100.432,31.182,42.455,26.795,HARD,2,19,0,18,true,false,true,false,false,false,false,pit_in,true,16,16,4,false,0.42,9.4075,9.556,26,75.628,76.837,78.077,28,true,2
9472,1229,10,32,2024-03-02T15:55:13.184000+00:00,119.77,53.98,41.978,23.812,HARD,3,1,0,0,true,false,false,true,false,false,false,pit_out,true,16,18,2,true,3.357,4.438,4.545,25,,,,0,true,1
9472,1229,10,33,2024-03-02T15:57:13.109000+00:00,96.112,30.887,41.506,23.719,HARD,3,2,0,1,true,false,false,false,false,false,true,,true,18,18,0,false,3.746,4.0995,4.526,28,,,,0,false,0
9472,1229,10,34,2024-03-02T15:58:49.282000+00:00,96.622,31.142,41.747,23.733,HARD,3,3,0,2,true,false,false,false,false,false,true,,true,18,18,0,false,3.813,4.1305,4.262,28,,,,0,false,0
9472,1229,10,35,2024-03-02T16:00:25.901000+00:00,96.313,31.058,41.573,23.682,HARD,3,4,0,3,true,false,false,false,false,false,true,,true,18,18,0,false,4.111,4.2125,4.264,28,,,,0,false,0
9472,1229,10,36,2024-03-02T16:02:02.129000+00:00,96.45,31.034,41.612,23.804,HARD,3,5,0,4,true,false,false,false,false,false,true,,true,18,18,0,false,3.349,3.6475,4.186,28,,,,0,false,0
9472,1229,10,37,2024-03-02T16:03:38.575000+00:00,96.629,31.148,41.595,23.886,HARD,3,6,0,5,true,false,false,false,false,false,true,,true,18,18,0,false,3.274,3.429,3.563,28,103.148,105.95,106.095,28,false,0
9472,1229,10,38,2024-03-02T16:05:15.172000+00:00,96.802,31.122,41.764,23.916,HARD,3,7,0,6,true,false,false,false,false,false,true,,true,18,18,0,false,3.271,3.414,3.554,27,82.484,82.9635,83.505,26,false,0
9472,1229,10,39,2024-03-02T16:06:51.984000+00:00,96.537,31.022,41.7,23.815,HARD,3,8,0,7,true,false,false,false,false,false,true,,true,18,18,0,false,3.268,3.352,3.445,28,83.528,85.842,87.434,28,false,0
9472,1229,10,40,2024-03-02T16:08:28.501000+00:00,96.742,31.023,41.793,23.926,HARD,3,9,0,8,true,false,false,false,false,false,true,,true,18,18,0,false,3.315,3.422,3.554,28,87.109,87.4315,87.587,28,false,0
9472,1229,10,41,2024-03-02T16:10:05.328000+00:00,96.571,30.968,41.751,23.852,HARD,3,10,0,9,true,false,false,false,false,false,true,,true,18,18,0,false,3.406,3.449,3.565,28,87.536,88.1465,88.868,28,false,0
9472,1229,10,42,2024-03-02T16:11:41.871000+00:00,96.631,30.98,41.74,23.911,HARD,3,11,0,10,true,false,false,false,false,false,true,,true,18,17,1,true,3.384,3.4555,3.545,26,88.887,89.8,90.832,28,true,1
9472,1229,10,43,2024-03-02T16:13:18.480000+00:00,99.291,31.165,41.852,26.274,HARD,3,12,0,11,true,false,true,false,false,false,false,pit_in,true,17,17,0,false,3.51,3.645,3.772,27,90.859,92.417,93.57,27,false,0
9472,1229,10,44,2024-03-02T16:14:57.833000+00:00,116.481,51.887,41.099,23.495,SOFT,4,1,0,0,true,false,false,true,true,false,false,pit_out;deleted_lap,true,17,18,1,true,14.437,14.949,15.42,26,,,,0,true,1
9472,1229,10,45,2024-03-02T16:16:54.302000+00:00,94.805,30.509,40.913,23.383,SOFT,4,2,0,1,true,false,false,false,false,false,true,,true,18,18,0,false,14.334,14.7405,14.943,28,,,,0,false,0
9472,1229,10,46,2024-03-02T16:18:29.135000+00:00,95.293,30.758,41.137,23.398,SOFT,4,3,0,2,true,false,false,false,false,false,true,,true,18,18,0,false,14.399,14.821,15.054,27,,,,0,false,0
9472,1229,10,47,2024-03-02T16:20:04.338000+00:00,95.341,30.735,41.065,23.541,SOFT,4,4,0,3,true,false,false,false,false,false,true,,true,18,18,0,false,14.847,15.0085,15.22,28,,,,0,false,0
9472,1229,10,48,2024-03-02T16:21:39.797000+00:00,95.411,30.776,41.156,23.479,SOFT,4,5,0,4,true,false,false,false,false,false,true,,true,18,18,0,false,14.984,15.2595,15.465,28,,,,0,false,0
9472,1229,10,49,2024-03-02T16:23:15.213000+00:00,95.511,30.71,41.288,23.513,SOFT,4,6,0,5,true,false,false,false,false,false,true,,true,18,18,0,false,15.105,15.3975,15.855,28,,,,0,false,0
9472,1229,10,50,2024-03-02T16:24:50.720000+00:00,95.228,30.647,41.016,23.565,SOFT,4,7,0,6,true,false,false,false,false,false,true,,true,18,18,0,false,13.26,14.091,15.828,28,,,,0,false,0
9472,1229,10,51,2024-03-02T16:26:25.918000+00:00,95.334,30.673,41.111,23.55,SOFT,4,8,0,7,true,false,false,false,false,false,true,,true,18,18,0,false,11.508,12.363,13.327,27,,,,0,false,0
9472,1229,10,52,2024-03-02T16:28:01.555000+00:00,95.511,30.714,41.158,23.639,SOFT,4,9,0,8,true,false,false,false,false,false,true,,true,18,18,0,false,8.366,10.78,11.574,27,,,,0,false,0
9472,1229,10,53,2024-03-02T16:29:36.773000+00:00,95.389,30.6,41.223,23.566,SOFT,4,10,0,9,true,false,false,false,false,false,true,,true,18,18,0,false,6.632,7.59,8.741,27,,,,0,false,0
9472,1229,10,54,2024-03-02T16:31:12.065000+00:00,95.853,30.833,41.349,23.671,SOFT,4,11,0,10,true,false,false,false,false,false,true,,true,18,18,0,false,3.777,4.424,6.667,28,,,,0,false,0
9472,1229,10,55,2024-03-02T16:32:47.975000+00:00,95.908,30.912,41.329,23.667,SOFT,4,12,0,11,true,false,false,false,true,false,false,deleted_lap,true,18,18,0,false,2.296,3.0225,3.847,28,,,,0,false,0
9472,1229,10,56,2024-03-02T16:34:23.875000+00:00,96.086,30.888,41.288,23.91,SOFT,4,13,0,12,true,false,false,false,false,false,true,,true,18,18,0,false,0.967,1.54,2.293,28,,,,0,false,0
9472,1229,11,1,2024-03-02T15:03:42.341000+00:00,100.537,34.071,42.61,23.856,SOFT,1,1,3,3,true,true,false,false,false,true,false,standing_start;neutralised,true,5,4,16,true,0.064,0.547,0.825,24,0.374,2.353,2.779,27,true,29
9472,1229,11,2,2024-03-02T15:05:22.877000+00:00,96.541,30.678,41.867,23.996,SOFT,1,2,3,4,true,false,false,false,false,false,true,,true,4,4,0,false,0.507,0.65,0.827,28,2.434,2.754,3.086,28,false,0
9472,1229,11,3,2024-03-02T15:06:59.421000+00:00,97.297,30.596,42.478,24.223,SOFT,1,3,3,5,true,false,false,false,false,false,true,,true,4,4,0,false,0.399,0.638,0.911,28,2.553,3.0585,3.6,28,false,0
9472,1229,11,4,2024-03-02T15:08:36.682000+00:00,97.722,30.716,42.623,24.383,SOFT,1,4,3,6,true,false,false,false,false,false,true,,true,4,4,2,false,0.302,0.506,0.676,27,3.1,3.9155,4.668,28,true,2
9472,1229,11,5,2024-03-02T15:10:14.415000+00:00,98.044,30.997,42.754,24.293,SOFT,1,5,3,7,true,false,false,false,false,false,true,,true,4,4,0,false,0.223,0.45,0.602,28,4.204,4.9395,5.545,28,false,0
9472,1229,11,6,2024-03-02T15:11:52.420000+00:00,97.823,30.843,42.702,24.278,SOFT,1,6,3,8,true,false,false,false,false,false,true,,true,4,4,0,false,0.309,0.545,0.624,28,4.994,5.8235,6.27,28,false,0
9472,1229,11,7,2024-03-02T15:13:30.334000+00:00,97.821,31.013,42.682,24.126,SOFT,1,7,3,9,true,false,false,false,false,false,true,,true,4,3,1,true,0.22,0.594,1.403,27,5.755,6.782,7.022,28,true,1
9472,1229,11,8,2024-03-02T15:15:08.075000+00:00,97.838,31.305,42.428,24.105,SOFT,1,8,3,10,true,false,false,false,false,false,true,,true,3,3,0,false,1.186,1.2895,1.384,28,6.875,7.612,7.852,28,false,0
9472,1229,11,9,2024-03-02T15:16:45.853000+00:00,97.596,31.145,42.395,24.056,SOFT,1,9,3,11,true,false,false,false,false,false,true,,true,3,3,0,false,1.1,1.2185,1.307,28,7.747,8.133,8.249,27,false,0
9472,1229,11,10,2024-03-02T15:18:23.551000+00:00,97.63,31.178,42.322,24.13,SOFT,1,10,3,12,true,false,false,false,false,true,false,neutralised,true,3,3,0,false,0.853,1.001,1.141,28,8.069,8.6885,8.884,28,false,0
9472,1229,11,11,2024-03-02T15:20:01.190000+00:00,97.836,31.054,42.473,24.309,SOFT,1,11,3,13,true,false,false,false,false,false,true,,true,3,2,1,true,0.502,0.68,9.62,28,8.766,9.313,9.635,28,false,0
9472,1229,11,12,2024-03-02T15:21:38.999000+00:00,100.277,30.891,42.506,26.88,SOFT,1,12,3,14,true,false,true,false,false,false,false,pit_in,true,2,3,1,true,9.222,9.848,10.238,27,9.222,9.848,10.238,27,true,1
9472,1229,11,13,2024-03-02T15:23:19.588000+00:00,117.624,51.896,41.803,23.925,HARD,2,1,0,0,true,false,false,true,false,false,false,pit_out,true,3,8,7,true,0.127,0.879,1.278,24,32.742,33.5935,34.041,26,true,7
9472,1229,11,14,2024-03-02T15:25:16.864000+00:00,95.606,30.063,41.855,23.688,HARD,2,2,0,1,true,false,false,false,false,false,true,,true,8,6,2,true,0.048,2.666,4.11,27,32.024,32.538,33.302,28,true,2
9472,1229,11,15,2024-03-02T15:26:52.469000+00:00,96.815,30.785,41.795,24.235,HARD,2,3,0,2,true,false,false,false,false,false,true,,true,6,3,2,true,0.279,0.955,2.928,27,31.566,31.8495,32.014,28,true,2
9472,1229,11,16,2024-03-02T15:28:29.313000+00:00,95.783,30.569,41.558,23.656,HARD,2,4,0,3,true,false,false,false,false,false,true,,true,3,2,1,true,30.443,30.8805,31.5,26,30.443,30.9535,31.74,28,false,0
9472,1229,11,17,2024-03-02T15:30:05.086000+00:00,96.454,30.922,41.823,23.709,HARD,2,5,0,4,true,false,false,false,false,false,true,,true,2,2,0,false,27.001,30.1655,30.473,28,27.001,30.1655,30.473,28,false,0
9472,1229,11,18,2024-03-02T15:31:41.574000+00:00,96.311,30.803,41.835,23.673,HARD,2,6,0,5,true,false,false,false,false,false,true,,true,2,2,0,false,4.985,5.3735,6.31,26,4.985,5.3735,6.31,26,false,0
9472,1229,11,19,2024-03-02T15:33:17.856000+00:00,96.038,30.702,41.633,23.703,HARD,2,7,0,6,true,false,false,false,false,false,true,,true,2,2,0,false,5.343,5.932,6.213,27,5.343,5.932,6.213,27,false,0
9472,1229,11,20,2024-03-02T15:34:53.893000+00:00,96.278,30.918,41.686,23.674,HARD,2,8,0,7,true,false,false,false,false,false,true,,true,2,2,0,false,6.129,6.9635,7.331,28,6.129,6.9635,7.331,28,false,0
9472,1229,11,21,2024-03-02T15:36:30.284000+00:00,96.165,30.849,41.61,23.706,HARD,2,9,0,8,true,false,false,false,false,false,true,,true,2,2,0,false,7.298,7.96,8.18,27,7.298,7.96,8.18,27,false,0
9472,1229,11,22,2024-03-02T15:38:06.392000+00:00,96.037,30.824,41.536,23.677,HARD,2,10,0,9,true,false,false,false,false,false,true,,true,2,2,0,false,8.191,8.796,9.013,27,8.191,8.796,9.013,27,false,0
9472,1229,11,23,2024-03-02T15:39:42.375000+00:00,96.249,30.84,41.729,23.68,HARD,2,11,0,10,true,false,false,false,false,false,true,,true,2,2,0,false,8.982,9.577,10.046,28,8.982,9.577,10.046,28,false,0
9472,1229,11,24,2024-03-02T15:41:18.571000+00:00,96.211,30.792,41.687,23.732,HARD,2,12,0,11,true,false,false,false,false,false,true,,true,2,2,0,false,10.027,10.5495,10.968,28,10.027,10.5495,10.968,28,false,0
9472,1229,11,25,2024-03-02T15:42:54.823000+00:00,96.344,30.878,41.719,23.747,HARD,2,13,0,12,true,false,false,false,false,false,true,,true,2,2,0,false,10.954,11.678,11.97,27,10.954,11.678,11.97,27,false,0
9472,1229,11,26,2024-03-02T15:44:31.226000+00:00,96.347,30.938,41.666,23.743,HARD,2,14,0,13,true,false,false,false,false,false,true,,true,2,2,0,false,11.962,12.781,13.094,27,11.962,12.781,13.094,27,false,0
9472,1229,11,27,2024-03-02T15:46:07.575000+00:00,96.233,30.853,41.543,23.837,HARD,2,15,0,14,true,false,false,false,false,false,true,,true,2,2,0,false,13.081,13.4365,13.751,28,13.081,13.4365,13.751,28,false,0
9472,1229,11,28,2024-03-02T15:47:43.763000+00:00,96.226,30.929,41.588,23.709,HARD,2,16,0,15,true,false,false,false,false,false,true,,true,2,2,0,false,13.723,14.283,14.526,28,13.723,14.283,14.526,28,false,0
9472,1229,11,29,2024-03-02T15:49:19.924000+00:00,96.437,30.926,41.749,23.762,HARD,2,17,0,16,true,false,false,false,false,false,true,,true,2,2,0,false,14.474,14.9125,15.14,28,14.474,14.9125,15.14,28,false,0
9472,1229,11,30,2024-03-02T15:50:56.483000+00:00,96.313,30.916,41.643,23.754,HARD,2,18,0,17,true,false,false,false,false,false,true,,true,2,2,0,false,15.122,15.496,15.681,27,15.122,15.496,15.681,27,false,0
9472,1229,11,31,2024-03-02T15:52:32.773000+00:00,96.339,30.843,41.752,23.744,HARD,2,19,0,18,true,false,false,false,false,false,true,,true,2,2,0,false,15.66,16.089,16.389,27,15.66,16.089,16.389,27,false,0
9472,1229,11,32,2024-03-02T15:54:09.049000+00:00,96.276,30.856,41.671,23.749,HARD,2,20,0,19,true,false,false,false,false,false,true,,true,2,2,0,false,16.332,16.661,16.748,28,16.332,16.661,16.748,28,false,0
9472,1229,11,33,2024-03-02T15:55:45.441000+00:00,96.564,30.907,41.752,23.905,HARD,2,21,0,20,true,false,false,false,false,false,true,,true,2,2,0,false,16.727,17.24,17.454,27,16.727,17.24,17.454,27,false,0
9472,1229,11,34,2024-03-02T15:57:21.887000+00:00,96.378,30.84,41.734,23.804,HARD,2,22,0,21,true,false,false,false,false,false,true,,true,2,2,0,false,17.387,17.647,17.717,27,17.387,17.647,17.717,27,false,0
9472,1229,11,35,2024-03-02T15:58:58.323000+00:00,96.776,30.938,41.91,23.928,HARD,2,23,0,22,true,false,false,false,false,false,true,,true,2,2,0,false,17.674,18.1025,18.435,28,17.674,18.1025,18.435,28,false,0
9472,1229,11,36,2024-03-02T16:00:35.159000+00:00,99.365,31.014,41.781,26.57,HARD,2,24,0,23,true,false,true,false,false,false,false,pit_in,true,2,2,0,false,18.424,18.753,19.006,25,18.424,18.753,19.006,25,false,0
9472,1229,11,37,2024-03-02T16:02:14.469000+00:00,115.808,51.096,41.214,23.498,SOFT,3,1,0,0,true,false,false,true,false,false,false,pit_out,true,2,2,0,false,38.169,41.3595,41.932,26,38.169,41.3595,41.932,26,false,0
9472,1229,11,38,2024-03-02T16:04:10.206000+00:00,94.804,30.581,40.931,23.292,SOFT,3,2,0,1,true,false,false,false,false,false,true,,true,2,2,0,false,16.47,16.843,18.41,25,16.47,16.843,18.41,25,false,0
9472,1229,11,39,2024-03-02T16:05:45.051000+00:00,94.607,30.563,40.893,23.151,SOFT,3,3,0,2,true,false,false,false,false,false,true,,true,2,2,0,false,16.514,17.93,18.527,28,16.514,17.93,18.527,28,false,0
9472,1229,11,40,2024-03-02T16:07:19.721000+00:00,94.364,30.4,40.772,23.192,SOFT,3,4,0,3,true,false,false,false,false,false,true,,true,2,2,0,false,16.284,17.2895,18.532,28,16.284,17.2895,18.532,28,false,0
9472,1229,11,41,2024-03-02T16:08:54.055000+00:00,94.4,30.351,40.884,23.165,SOFT,3,5,0,4,true,false,false,false,false,false,true,,true,2,2,0,false,15.387,15.7225,16.303,28,15.387,15.7225,16.303,28,false,0
9472,1229,11,42,2024-03-02T16:10:28.404000+00:00,94.525,30.299,40.985,23.241,SOFT,3,6,0,5,true,false,false,false,false,false,true,,true,2,2,0,false,15.166,15.253,15.41,28,15.166,15.253,15.41,28,false,0
9472,1229,11,43,2024-03-02T16:12:02.963000+00:00,94.797,30.403,41.148,23.246,SOFT,3,7,0,6,true,false,false,false,false,false,true,,true,2,2,0,false,15.219,15.8485,15.939,26,15.219,15.8485,15.939,26,false,0
9472,1229,11,44,2024-03-02T16:13:37.816000+00:00,94.799,30.389,41.028,23.382,SOFT,3,8,0,7,true,false,false,false,false,false,true,,true,2,2,0,false,15.777,16.082,16.191,27,15.777,16.082,16.191,27,false,0
9472,1229,11,45,2024-03-02T16:15:12.575000+00:00,94.592,30.338,40.986,23.268,SOFT,3,9,0,8,true,false,false,false,false,false,true,,true,2,2,0,false,16.181,16.477,16.527,27,16.181,16.477,16.527,27,false,0
9472,1229,11,46,2024-03-02T16:16:47.132000+00:00,94.844,30.41,41.109,23.325,SOFT,3,10,0,9,true,false,false,false,false,false,true,,true,2,2,0,false,16.528,16.798,17.191,27,16.528,16.798,17.191,27,false,0
9472,1229,11,47,2024-03-02T16:18:22.055000+00:00,94.73,30.281,41.074,23.375,SOFT,3,11,0,10,true,false,false,false,false,false,true,,true,2,2,0,false,17.14,17.41,17.669,28,17.14,17.41,17.669,28,false,0
9472,1229,11,48,2024-03-02T16:19:56.684000+00:00,94.885,30.358,41.147,23.38,SOFT,3,12,0,11,true,false,false,false,false,false,true,,true,2,2,0,false,17.657,18.0375,18.204,28,17.657,18.0375,18.204,28,false,0
9472,1229,11,49,2024-03-02T16:21:31.559000+00:00,94.966,30.4,41.133,23.433,SOFT,3,13,0,12,true,false,false,false,false,false,true,,true,2,2,0,false,18.192,18.5405,18.767,28,18.192,18.5405,18.767,28,false,0
9472,1229,11,50,2024-03-02T16:23:06.552000+00:00,95.082,30.366,41.337,23.379,SOFT,3,14,0,13,true,false,false,false,false,false,true,,true,2,2,0,false,18.771,19.0945,19.309,28,18.771,19.0945,19.309,28,false,0
9472,1229,11,51,2024-03-02T16:24:41.763000+00:00,94.94,30.36,41.144,23.436,SOFT,3,15,0,14,true,false,false,false,false,false,true,,true,2,2,0,false,19.17,19.5765,19.73,26,19.17,19.5765,19.73,26,false,0
9472,1229,11,52,2024-03-02T16:26:16.533000+00:00,95.183,30.577,41.129,23.477,SOFT,3,16,0,15,true,false,false,false,false,false,true,,true,2,2,0,false,19.674,19.9445,20.12,28,19.674,19.9445,20.12,28,false,0
9472,1229,11,53,2024-03-02T16:27:51.749000+00:00,95.842,30.638,41.522,23.682,SOFT,3,17,0,16,true,false,false,false,false,false,true,,true,2,2,0,false,19.915,20.055,20.186,28,19.915,20.055,20.186,28,false,0
9472,1229,11,54,2024-03-02T16:29:27.599000+00:00,95.459,30.578,41.382,23.499,SOFT,3,18,0,17,true,false,false,false,false,false,true,,true,2,2,0,false,20.205,20.3085,20.483,28,20.205,20.3085,20.483,28,false,0
9472,1229,11,55,2024-03-02T16:31:03.063000+00:00,95.611,30.683,41.42,23.508,SOFT,3,19,0,18,true,false,false,false,false,false,true,,true,2,2,0,false,20.305,20.5405,20.739,28,20.305,20.5405,20.739,28,false,0
9472,1229,11,56,2024-03-02T16:32:38.657000+00:00,95.568,30.539,41.406,23.623,SOFT,3,20,0,19,true,false,false,false,false,false,true,,true,2,2,0,false,20.698,21.39,21.652,28,20.698,21.39,21.652,28,false,0
9472,1229,11,57,2024-03-02T16:34:14.334000+00:00,95.746,30.521,41.6,23.625,SOFT,3,21,0,20,true,false,false,false,false,false,true,,true,2,2,0,false,21.57,22.094,22.531,27,21.57,22.094,22.531,27,false,0
9472,1229,14,1,2024-03-02T15:03:42.341000+00:00,102.058,34.628,43.268,24.162,SOFT,1,1,3,3,true,true,false,false,false,true,false,standing_start;neutralised,true,6,6,15,false,0.004,0.517,1.059,27,0.643,3.366,4.395,27,true,28
9472,1229,14,2,2024-03-02T15:05:24.398000+00:00,98.02,31.203,42.896,23.921,SOFT,1,2,3,4,true,false,false,false,false,false,true,,true,6,6,0,false,1.056,1.485,1.851,28,4.253,5.4215,6.129,28,false,0
9472,1229,14,3,2024-03-02T15:07:02.457000+00:00,99.046,32.068,42.719,24.259,SOFT,1,3,3,5,true,false,false,false,false,false,true,,true,6,7,1,true,0.061,0.659,1.956,28,6.086,7.818,8.432,28,true,1
9472,1229,14,4,2024-03-02T15:08:41.450000+00:00,97.776,30.951,42.58,24.245,SOFT,1,4,3,6,true,false,false,false,false,false,true,,true,7,7,0,false,0.427,0.848,1.129,27,8.013,8.9165,9.556,28,false,0
9472,1229,14,5,2024-03-02T15:10:19.284000+00:00,99.292,32.063,42.806,24.423,SOFT,1,5,3,7,true,false,false,false,false,false,true,,true,7,8,1,true,0.354,0.664,1.101,28,9.328,10.9425,11.685,28,true,1
9472,1229,14,6,2024-03-02T15:11:58.534000+00:00,98.053,31.076,42.676,24.301,SOFT,1,6,3,8,true,false,false,false,false,false,true,,true,8,8,0,false,0.418,0.7505,1.007,26,11.265,12.1635,12.642,28,false,0
9472,1229,14,7,2024-03-02T15:13:36.615000+00:00,98.008,30.905,42.7,24.403,SOFT,1,7,3,9,true,false,false,false,false,false,true,,true,8,8,0,false,0.514,0.814,1.034,28,12.119,12.9645,13.609,28,false,0
9472,1229,14,8,2024-03-02T15:15:14.725000+00:00,98.103,31.024,42.689,24.39,SOFT,1,8,3,10,true,false,false,false,false,false,true,,true,8,8,0,false,0.689,0.937,1.19,27,13.156,14.026,14.674,28,false,0
9472,1229,14,9,2024-03-02T15:16:52.794000+00:00,98.896,31.464,43.036,24.396,SOFT,1,9,3,11,true,false,false,false,false,false,true,,true,8,8,0,false,1.136,1.649,1.996,27,14.533,15.702,16.34,27,false,0
9472,1229,14,10,2024-03-02T15:18:31.590000+00:00,99.325,31.635,43.162,24.528,SOFT,1,10,3,12,true,false,false,false,false,true,false,neutralised,true,8,9,1,true,0.051,0.6805,1.993,28,16.28,17.874,18.721,28,true,1
9472,1229,14,11,2024-03-02T15:20:11.035000+00:00,98.554,31.043,42.972,24.539,SOFT,1,11,3,13,true,false,false,false,false,false,true,,true,9,9,0,false,0.573,0.855,1.256,27,18.316,19.394,20.186,28,false,0
9472,1229,14,12,2024-03-02T15:21:49.570000+00:00,98.543,30.932,43.035,24.576,SOFT,1,12,3,14,true,false,false,false,false,false,true,,true,9,6,2,true,0.87,1.147,1.417,27,19.693,20.8335,21.669,28,true,3
9472,1229,14,13,2024-03-02T15:23:28.001000+00:00,98.587,31.446,42.808,24.333,SOFT,1,13,3,15,true,false,false,false,false,false,true,,true,6,4,1,true,3.894,6.3175,6.459,26,21.599,22.58,23.226,27,true,2
9472,1229,14,14,2024-03-02T15:25:06.699000+00:00,98.612,31.516,42.741,24.355,SOFT,1,14,3,16,true,false,false,false,false,false,true,,true,4,3,1,true,10.138,12.0915,12.659,26,23.17,24.2115,24.81,28,true,1
9472,1229,14,15,2024-03-02T15:26:45.326000+00:00,101.101,31.48,42.707,26.914,SOFT,1,15,3,17,true,false,true,false,false,false,false,pit_in,true,3,2,1,true,24.75,25.863,26.437,25,24.75,25.809,26.437,27,true,1
9472,1229,14,16,2024-03-02T15:28:26.320000+00:00,118.814,52.462,42.357,23.995,HARD,2,1,0,0,true,false,false,true,false,false,false,pit_out,true,2,10,8,true,0.272,0.672,4.204,26,48.971,50.417,50.654,26,true,7
9472,1229,14,17,2024-03-02T15:30:25.266000+00:00,96.97,30.546,42.572,23.852,HARD,2,2,0,1,true,false,false,false,false,false,true,,true,10,9,1,true,0.102,5.541,5.709,27,47.62,50.276,50.555,28,true,1
9472,1229,14,18,2024-03-02T15:32:02.084000+00:00,97.361,31.136,42.381,23.844,HARD,2,3,0,2,true,false,false,false,false,false,true,,true,9,9,0,false,5.739,6.0025,6.216,28,25.941,26.6225,27.127,26,false,0
9472,1229,14,19,2024-03-02T15:33:39.664000+00:00,97.072,30.967,42.236,23.869,HARD,2,4,0,3,true,false,false,false,false,false,true,,true,9,9,0,false,6.18,6.315,6.594,28,26.967,28.167,28.916,28,false,0
9472,1229,14,20,2024-03-02T15:35:16.631000+00:00,97.357,31.08,42.304,23.973,HARD,2,5,0,4,true,false,false,false,false,false,true,,true,9,9,0,false,6.61,7.0995,7.687,28,28.834,30.169,31.113,28,false,0
9472,1229,14,21,2024-03-02T15:36:54.028000+00:00,97.342,30.978,42.385,23.979,HARD,2,6,0,5,true,false,false,false,false,false,true,,true,9,9,0,false,7.705,7.9995,8.519,28,31.04,32.1485,33.139,28,false,0
9472,1229,14,22,2024-03-02T15:38:31.461000+00:00,97.122,30.882,42.371,23.869,HARD,2,7,0,6,true,false,false,false,false,false,true,,true,9,9,0,false,8.543,8.6535,9.008,28,33.086,34.1185,35.057,28,false,0
9472,1229,14,23,2024-03-02T15:40:08.472000+00:00,97.265,30.946,42.451,23.868,HARD,2,8,0,7,true,false,false,false,false,false,true,,true,9,9,0,false,9.031,9.1085,9.556,28,35.019,36.1225,37.106,28,false,0
9472,1229,14,24,2024-03-02T15:41:45.663000+00:00,97.046,30.836,42.303,23.907,HARD,2,9,0,8,true,false,false,false,false,false,true,,true,9,9,0,false,9.426,9.5815,9.936,28,37.064,37.932,38.863,28,false,0
9472,1229,14,25,2024-03-02T15:43:22.750000+00:00,97.179,30.925,42.232,24.022,HARD,2,10,0,9,true,false,false,false,false,false,true,,true,9,9,0,false,9.633,9.876,10.196,28,38.82,39.7335,40.7,28,false,0
9472,1229,14,26,2024-03-02T15:44:59.944000+00:00,97.638,31.295,42.393,23.95,HARD,2,11,0,10,true,false,false,false,false,false,true,,true,9,9,0,false,10.228,10.629,11.12,28,40.712,42.049,43.115,28,false,0
9472,1229,14,27,2024-03-02T15:46:37.575000+00:00,96.945,31.0,42.032,23.913,HARD,2,12,0,11,true,false,false,false,false,false,true,,true,9,9,0,false,10.714,11.072,11.265,27,43.125,43.8115,44.479,28,false,0
9472,1229,14,28,2024-03-02T15:48:14.504000+00:00,97.256,31.091,42.208,23.957,HARD,2,13,0,12,true,false,false,false,false,false,true,,true,9,9,0,false,10.901,11.132,11.428,28,44.487,45.469,46.258,27,false,0
9472,1229,14,29,2024-03-02T15:49:51.727000+00:00,97.104,30.948,42.237,23.919,HARD,2,14,0,13,true,false,false,false,false,false,true,,true,9,9,0,false,11.278,11.4755,11.746,28,46.215,46.8715,47.569,28,false,0
9472,1229,14,30,2024-03-02T15:51:28.922000+00:00,96.982,30.976,42.05,23.956,HARD,2,15,0,14,true,false,false,false,false,false,true,,true,9,9,0,false,11.388,11.5515,11.93,28,47.574,48.235,48.78,28,false,0
9472,1229,14,31,2024-03-02T15:53:05.945000+00:00,96.957,30.866,42.192,23.899,HARD,2,16,0,15,true,false,false,false,false,false,true,,true,9,9,0,false,11.345,11.4945,21.072,28,48.734,49.406,50.058,28,false,0
9472,1229,14,32,2024-03-02T15:54:42.778000+00:00,97.056,31.023,42.0,24.033,HARD,2,17,0,16,true,false,false,false,false,false,true,,true,9,8,1,true,11.092,11.1855,11.588,26,50.058,50.7605,51.228,28,true,1
9472,1229,14,33,2024-03-02T15:56:19.912000+00:00,97.202,31.106,42.136,23.96,HARD,2,18,0,17,true,false,false,false,false,false,true,,true,8,8,0,false,8.703,11.135,11.456,28,51.22,51.916,52.567,28,false,0
9472,1229,14,34,2024-03-02T15:57:57.190000+00:00,97.601,31.211,42.33,24.06,HARD,2,19,0,18,true,false,false,false,false,false,true,,true,8,7,2,true,0.217,1.3865,2.256,26,52.552,53.4665,54.035,28,true,3
9472,1229,14,35,2024-03-02T15:59:34.685000+00:00,97.273,31.078,42.219,23.976,HARD,2,20,0,19,true,false,false,false,false,false,true,,true,7,5,2,true,2.261,2.994,3.757,27,54.036,54.7695,55.29,28,true,2
9472,1229,14,36,2024-03-02T16:01:11.896000+00:00,98.343,31.245,42.631,24.467,HARD,2,21,0,20,true,false,false,false,false,false,true,,true,5,7,2,true,0.029,0.7985,3.773,28,55.269,56.2115,57.443,28,true,2
9472,1229,14,37,2024-03-02T16:02:50.254000+00:00,96.799,30.5,42.284,24.015,HARD,2,22,0,21,true,false,false,false,false,false,true,,true,7,7,0,false,0.937,1.8985,2.958,28,54.993,57.3535,57.814,28,false,0
9472,1229,14,38,2024-03-02T16:04:27.131000+00:00,97.297,30.952,42.212,24.133,HARD,2,23,0,22,true,false,false,false,false,false,true,,true,7,7,0,false,2.968,4.009,5.106,28,34.212,35.0255,35.845,26,false,0
9472,1229,14,39,2024-03-02T16:06:04.374000+00:00,97.946,31.253,42.438,24.255,HARD,2,24,0,23,true,false,false,false,false,false,true,,true,7,8,1,true,0.021,1.663,5.125,28,35.856,38.851,41.183,28,true,1
9472,1229,14,40,2024-03-02T16:07:42.391000+00:00,98.061,31.525,42.36,24.176,HARD,2,25,0,24,true,false,false,false,false,false,true,,true,8,9,1,true,0.019,1.7205,2.98,28,41.093,41.947,42.655,28,true,1
9472,1229,14,41,2024-03-02T16:09:20.379000+00:00,100.261,31.046,42.415,26.8,HARD,2,26,0,25,true,false,true,false,false,false,false,pit_in,true,9,9,0,false,2.697,3.752,5.358,27,42.454,43.472,45.15,27,false,0
9472,1229,14,42,2024-03-02T16:11:00.650000+00:00,116.899,52.077,41.387,23.435,HARD,3,1,0,0,true,false,false,true,false,false,false,pit_out,true,9,11,2,true,2.26,2.585,3.068,26,68.189,69.285,69.859,26,true,2
9472,1229,14,43,2024-03-02T16:12:57.493000+00:00,95.107,30.517,41.055,23.535,HARD,3,2,0,1,true,false,false,false,false,false,true,,true,11,11,0,false,0.596,1.2215,2.326,28,69.831,70.294,70.847,28,false,0
9472,1229,14,44,2024-03-02T16:14:32.650000+00:00,94.981,30.334,41.382,23.265,HARD,3,3,0,2,true,false,false,false,false,false,true,,true,11,10,1,true,0.1,4.502,5.3,27,70.495,71.024,71.35,28,true,1
9472,1229,14,45,2024-03-02T16:16:07.645000+00:00,94.872,30.536,41.011,23.325,HARD,3,4,0,3,true,false,false,false,false,false,true,,true,10,10,0,false,2.786,3.443,4.249,28,71.271,71.646,71.887,28,false,0
9472,1229,14,46,2024-03-02T16:17:42.564000+00:00,95.126,30.468,41.232,23.426,HARD,3,5,0,4,true,false,false,false,false,false,true,,true,10,10,0,false,1.533,1.9795,2.761,28,71.861,72.237,72.822,28,false,0
9472,1229,14,47,2024-03-02T16:19:17.628000+00:00,95.225,30.596,41.183,23.446,HARD,3,6,0,5,true,false,false,false,false,false,true,,true,10,10,0,false,0.46,1.02,1.506,28,72.791,73.363,73.828,28,false,0
9472,1229,14,48,2024-03-02T16:20:52.842000+00:00,94.199,30.046,40.806,23.347,HARD,3,7,0,6,true,false,false,false,false,false,true,,true,10,9,1,true,0.031,27.096,27.914,27,73.354,73.615,73.701,28,true,1
9472,1229,14,49,2024-03-02T16:22:27.126000+00:00,94.571,30.4,40.783,23.388,HARD,3,8,0,7,true,false,false,false,false,false,true,,true,9,9,0,false,25.638,26.091,26.902,28,73.679,73.788,73.849,27,false,0
9472,1229,14,50,2024-03-02T16:24:01.674000+00:00,94.677,30.453,40.794,23.43,HARD,3,9,0,8,true,false,false,false,false,false,true,,true,9,9,0,false,24.334,24.867,25.753,28,73.68,73.902,74.074,27,false,0
9472,1229,14,51,2024-03-02T16:25:36.310000+00:00,94.916,30.543,40.924,23.449,HARD,3,10,0,9,true,false,false,false,false,false,true,,true,9,9,0,false,23.452,23.879,24.536,28,73.837,74.2535,74.341,28,false,0
9472,1229,14,52,2024-03-02T16:27:11.199000+00:00,94.862,30.447,40.963,23.452,HARD,3,11,0,10,true,false,false,false,false,false,true,,true,9,9,0,false,22.294,22.91,23.591,27,74.216,74.3805,74.455,28,false,0
9472,1229,14,53,2024-03-02T16:28:46.072000+00:00,95.249,30.498,41.106,23.645,HARD,3,12,0,11,true,false,false,false,false,false,true,,true,9,9,0,false,21.801,21.962,22.384,27,73.806,73.9685,74.359,28,false,0
9472,1229,14,54,2024-03-02T16:30:21.317000+00:00,95.745,30.701,41.444,23.6,HARD,3,13,0,12,true,false,false,false,false,false,true,,true,9,9,0,false,21.442,21.571,21.853,27,73.888,74.173,74.383,27,false,0
9472,1229,14,55,2024-03-02T16:31:57.067000+00:00,95.066,30.478,41.126,23.462,HARD,3,14,0,13,true,false,false,false,false,false,true,,true,9,9,0,false,20.535,20.922,21.504,27,74.023,74.183,74.457,28,false,0
9472,1229,14,56,2024-03-02T16:33:32.101000+00:00,95.014,30.405,41.122,23.487,HARD,3,15,0,14,true,false,false,false,false,false,true,,true,9,9,0,false,19.448,19.759,20.712,28,74.204,74.417,74.58,27,false,0
9472,1229,14,57,2024-03-02T16:35:07.138000+00:00,95.276,30.59,41.134,23.552,HARD,3,16,0,15,true,false,false,false,false,false,true,,true,9,9,0,false,18.763,19.087,19.66,27,74.551,74.827,74.958,27,false,0
9472,1229,16,1,2024-03-02T15:03:42.341000+00:00,98.679,33.495,41.549,23.635,SOFT,1,1,3,3,true,true,false,false,false,true,false,standing_start;neutralised,true,2,2,11,false,0.03,0.892,1.039,27,0.03,0.892,1.039,27,true,20
9472,1229,16,2,2024-03-02T15:05:21.019000+00:00,96.862,31.166,41.864,23.832,SOFT,1,2,3,4,true,false,false,false,false,false,true,,true,2,2,0,false,0.879,1.285,1.613,28,0.879,1.285,1.613,28,false,0
9472,1229,16,3,2024-03-02T15:06:57.933000+00:00,98.062,31.223,42.856,23.983,SOFT,1,3,3,5,true,false,false,false,false,false,true,,true,2,3,1,true,0.057,0.926,1.712,27,1.439,2.504,2.928,28,true,1
9472,1229,16,4,2024-03-02T15:08:36.013000+00:00,97.752,30.958,42.784,24.01,SOFT,1,4,3,6,true,false,false,false,true,false,false,deleted_lap,true,3,3,3,false,0.556,0.827,1.127,26,2.441,3.346,4.037,27,true,4
9472,1229,16,5,2024-03-02T15:10:13.780000+00:00,98.131,31.192,42.872,24.067,SOFT,1,5,3,7,true,false,false,false,false,false,true,,true,3,3,0,false,0.457,0.718,0.992,28,3.798,4.546,4.951,28,false,0
9472,1229,16,6,2024-03-02T15:11:51.804000+00:00,97.782,30.936,42.751,24.095,SOFT,1,6,3,8,true,false,false,false,false,false,true,,true,3,3,0,false,0.441,0.644,0.982,28,4.504,5.267,5.648,28,false,0
9472,1229,16,7,2024-03-02T15:13:29.724000+00:00,98.957,31.008,43.761,24.188,SOFT,1,7,3,9,true,false,false,false,false,false,true,,true,3,4,1,true,0.008,0.5205,1.006,28,5.271,6.477,7.568,28,true,1
9472,1229,16,8,2024-03-02T15:15:08.572000+00:00,98.136,31.2,42.753,24.183,SOFT,1,8,3,10,true,false,false,false,false,false,true,,true,4,4,0,false,0.174,0.538,0.832,28,7.049,8.117,8.679,28,false,0
9472,1229,16,9,2024-03-02T15:16:46.813000+00:00,97.844,31.147,42.533,24.164,SOFT,1,9,3,11,true,false,false,false,false,false,true,,true,4,4,0,false,0.438,0.917,1.14,28,8.224,9.054,9.292,27,false,0
9472,1229,16,10,2024-03-02T15:18:24.582000+00:00,97.884,30.988,42.534,24.362,SOFT,1,10,3,12,true,false,false,false,false,true,false,neutralised,true,4,4,0,false,0.75,1.011,1.32,28,8.819,9.6575,10.197,28,false,0
9472,1229,16,11,2024-03-02T15:20:02.545000+00:00,101.737,32.241,42.647,26.849,SOFT,1,11,3,13,true,false,true,false,false,false,false,pit_in,true,4,6,2,true,0.062,0.812,1.318,27,10.031,11.892,12.287,27,true,2
9472,1229,16,12,2024-03-02T15:21:44.282000+00:00,117.471,51.178,42.371,23.922,HARD,2,1,0,0,true,false,false,true,false,false,false,pit_out,true,6,13,9,true,0.011,0.737,3.201,25,34.284,35.2325,35.431,26,true,9
9472,1229,16,13,2024-03-02T15:23:41.713000+00:00,96.432,30.58,42.173,23.679,HARD,2,2,0,1,true,false,false,false,false,false,true,,true,13,10,1,true,1.066,1.31,2.198,25,34.688,34.934,35.174,27,true,3
9472,1229,16,14,2024-03-02T15:25:18.300000+00:00,96.756,30.787,42.232,23.737,HARD,2,3,0,2,true,false,false,false,false,false,true,,true,9,8,1,true,0.978,1.207,1.911,27,34.393,34.5655,34.812,28,true,1
9472,1229,16,15,2024-03-02T15:26:54.922000+00:00,96.813,30.831,42.256,23.726,HARD,2,4,0,3,true,false,false,false,false,false,true,,true,8,6,2,true,0.188,0.873,0.971,27,34.191,34.414,34.582,28,true,2
9472,1229,16,16,2024-03-02T15:28:31.703000+00:00,96.673,30.606,42.32,23.747,HARD,2,5,0,4,true,false,false,false,false,false,true,,true,6,4,1,true,0.376,0.582,0.904,26,33.646,33.8595,34.085,28,true,2
9472,1229,16,17,2024-03-02T15:30:08.227000+00:00,97.302,31.109,42.332,23.861,HARD,2,6,0,5,true,false,false,false,false,false,true,,true,4,5,1,true,0.21,0.821,1.401,28,31.106,33.8665,34.088,28,true,1
9472,1229,16,18,2024-03-02T15:31:45.651000+00:00,97.438,31.18,42.467,23.791,HARD,2,7,0,6,true,false,false,false,false,false,true,,true,5,5,0,false,1.21,1.569,1.766,28,9.391,10.2705,10.698,26,false,0
9472,1229,16,19,2024-03-02T15:33:23.136000+00:00,96.821,30.986,42.03,23.805,HARD,2,8,0,7,true,false,false,false,false,false,true,,true,5,5,0,false,1.15,1.3685,1.501,28,10.496,11.754,12.237,28,false,0
9472,1229,16,20,2024-03-02T15:34:59.925000+00:00,96.794,30.839,42.103,23.852,HARD,2,9,0,8,true,false,false,false,false,false,true,,true,5,5,0,false,1.057,1.1465,1.235,28,12.043,13.2255,13.87,28,false,0
9472,1229,16,21,2024-03-02T15:36:36.698000+00:00,96.977,31.089,42.091,23.797,HARD,2,10,0,9,true,false,false,false,false,false,true,,true,5,5,0,false,1.166,1.319,1.484,28,13.734,14.8745,15.53,28,false,0
9472,1229,16,22,2024-03-02T15:38:13.647000+00:00,96.796,30.994,41.976,23.826,HARD,2,11,0,10,true,false,false,false,false,false,true,,true,5,5,0,false,1.188,1.373,1.604,27,15.4,16.5045,17.121,28,false,0
9472,1229,16,23,2024-03-02T15:39:50.476000+00:00,96.987,31.131,41.941,23.915,HARD,2,12,0,11,true,false,false,false,false,false,true,,true,5,5,0,false,1.13,1.2495,1.39,28,16.989,18.2035,18.893,28,false,0
9472,1229,16,24,2024-03-02T15:41:27.495000+00:00,96.924,31.083,41.904,23.937,HARD,2,13,0,12,true,false,false,false,false,false,true,,true,5,5,0,false,1.23,1.393,1.484,27,18.809,19.874,20.528,28,false,0
9472,1229,16,25,2024-03-02T15:43:04.442000+00:00,96.76,31.059,41.828,23.873,HARD,2,14,0,13,true,false,false,false,false,false,true,,true,5,5,0,false,1.213,1.3755,1.633,28,20.438,21.49,21.946,28,false,0
9472,1229,16,26,2024-03-02T15:44:41.174000+00:00,96.81,30.991,41.901,23.918,HARD,2,15,0,14,true,false,false,false,false,false,true,,true,5,5,0,false,1.103,1.282,1.447,28,21.852,22.8745,23.535,28,false,0
9472,1229,16,27,2024-03-02T15:46:18.033000+00:00,96.831,31.081,41.881,23.869,HARD,2,16,0,15,true,false,false,false,false,false,true,,true,5,5,0,false,1.203,1.312,1.477,27,23.427,24.2945,24.795,28,false,0
9472,1229,16,28,2024-03-02T15:47:54.787000+00:00,96.907,31.019,41.971,23.917,HARD,2,17,0,16,true,false,false,false,false,false,true,,true,5,5,0,false,1.154,1.296,1.356,27,24.684,25.642,26.24,28,false,0
9472,1229,16,29,2024-03-02T15:49:31.662000+00:00,96.963,30.974,42.065,23.924,HARD,2,18,0,17,true,false,false,false,false,false,true,,true,5,5,0,false,1.082,1.2285,1.325,28,26.078,26.88,27.383,28,false,0
9472,1229,16,30,2024-03-02T15:51:08.688000+00:00,97.158,31.134,42.03,23.994,HARD,2,19,0,18,true,false,false,false,false,false,true,,true,5,5,0,false,1.111,1.208,1.379,28,27.238,28.247,28.771,28,false,0
9472,1229,16,31,2024-03-02T15:52:45.777000+00:00,97.031,30.999,42.079,23.953,HARD,2,20,0,19,true,false,false,false,false,false,true,,true,5,4,1,true,1.027,1.0965,11.058,28,28.651,29.547,30.127,28,true,1
9472,1229,16,32,2024-03-02T15:54:22.697000+00:00,96.941,31.153,41.922,23.866,HARD,2,21,0,20,true,false,false,false,false,false,true,,true,4,4,0,false,11.068,11.2325,11.333,28,30.113,30.957,31.187,27,false,0
9472,1229,16,33,2024-03-02T15:55:59.834000+00:00,96.741,30.99,41.868,23.883,HARD,2,22,0,21,true,false,false,false,false,false,true,,true,4,4,0,false,11.254,11.3385,11.422,28,31.127,31.797,32.049,28,false,0
9472,1229,16,34,2024-03-02T15:57:36.511000+00:00,99.614,31.219,41.932,26.463,HARD,2,23,0,22,true,false,true,false,false,false,false,pit_in,true,4,4,0,false,11.437,11.769,12.067,27,32.023,32.682,33.113,26,false,0
9472,1229,16,35,2024-03-02T15:59:16.179000+00:00,116.166,51.681,41.26,23.225,HARD,3,1,0,0,true,false,false,true,false,false,false,pit_out,true,4,6,2,true,0.387,1.424,2.138,25,55.211,56.238,56.63,26,true,2
9472,1229,16,36,2024-03-02T16:01:12.318000+00:00,94.09,30.063,40.65,23.377,HARD,3,2,0,1,true,false,false,false,false,false,true,,true,6,5,1,true,0.088,3.042,3.673,27,53.562,54.4035,55.56,28,true,1
9472,1229,16,37,2024-03-02T16:02:46.475000+00:00,94.897,30.611,40.962,23.324,HARD,3,3,0,2,true,false,false,false,false,false,true,,true,5,5,0,false,2.162,2.401,2.906,27,49.225,52.8885,53.583,28,false,0
9472,1229,16,38,2024-03-02T16:04:21.318000+00:00,94.783,30.55,40.953,23.28,HARD,3,4,0,3,true,false,false,false,false,false,true,,true,5,5,0,false,1.52,1.901,2.214,28,27.502,27.9675,29.404,26,false,0
9472,1229,16,39,2024-03-02T16:05:56.155000+00:00,95.087,30.604,41.077,23.406,HARD,3,5,0,4,true,false,false,false,false,false,true,,true,5,5,0,false,1.309,1.447,1.635,28,27.495,29.17,30.05,28,false,0
9472,1229,16,40,2024-03-02T16:07:31.234000+00:00,94.859,30.507,40.836,23.516,HARD,3,6,0,5,true,false,false,false,false,false,true,,true,5,5,0,false,1.019,1.3015,1.543,28,28.241,29.0695,30.028,28,false,0
9472,1229,16,41,2024-03-02T16:09:05.969000+00:00,95.028,30.539,41.033,23.456,HARD,3,7,0,6,true,false,false,false,false,false,true,,true,5,5,0,false,0.98,1.121,1.26,27,27.926,28.093,28.291,28,false,0
9472,1229,16,42,2024-03-02T16:10:41.023000+00:00,94.982,30.413,41.067,23.502,HARD,3,8,0,7,true,false,false,false,false,false,true,,true,5,5,0,false,0.762,0.952,1.111,28,27.804,28.072,28.385,28,false,0
9472,1229,16,43,2024-03-02T16:12:16.114000+00:00,95.192,30.286,41.367,23.539,HARD,3,9,0,8,true,false,false,false,false,false,true,,true,5,5,0,false,0.496,0.7275,0.995,28,27.929,28.977,29.428,28,false,0
9472,1229,16,44,2024-03-02T16:13:51.222000+00:00,95.051,30.468,41.124,23.459,HARD,3,10,0,9,true,false,false,false,false,false,true,,true,5,5,0,false,0.573,0.784,0.89,28,28.93,29.6805,29.952,28,false,0
9472,1229,16,45,2024-03-02T16:15:26.233000+00:00,95.22,30.355,41.281,23.584,HARD,3,11,0,10,true,false,false,false,false,false,true,,true,5,5,0,false,0.394,0.632,0.82,28,29.442,30.3285,30.919,28,false,0
9472,1229,16,46,2024-03-02T16:17:01.499000+00:00,95.058,30.238,41.4,23.42,HARD,3,12,0,11,true,false,false,false,false,false,true,,true,5,4,3,true,0.066,0.5815,11.307,26,30.49,31.277,31.768,28,true,3
9472,1229,16,47,2024-03-02T16:18:36.521000+00:00,95.057,30.577,41.115,23.365,HARD,3,13,0,12,true,false,false,false,false,false,true,,true,4,4,0,false,11.3,11.447,11.557,28,31.685,32.335,32.58,28,false,0
9472,1229,16,48,2024-03-02T16:20:11.619000+00:00,95.308,30.64,41.183,23.485,HARD,3,14,0,13,true,false,false,false,false,false,true,,true,4,4,0,false,11.404,11.586,11.79,27,32.544,33.225,33.538,28,false,0
9472,1229,16,49,2024-03-02T16:21:47.040000+00:00,95.302,30.689,41.12,23.493,HARD,3,15,0,14,true,false,false,false,false,false,true,,true,4,4,0,false,11.537,11.7795,12.02,28,33.49,34.176,34.437,26,false,0
9472,1229,16,50,2024-03-02T16:23:22.246000+00:00,95.383,30.639,41.285,23.459,HARD,3,16,0,15,true,false,false,false,false,false,true,,true,4,4,0,false,11.663,11.8075,11.897,26,34.413,34.956,35.217,27,false,0
9472,1229,16,51,2024-03-02T16:24:57.621000+00:00,95.418,30.721,41.116,23.581,HARD,3,17,0,16,true,false,false,false,false,false,true,,true,4,4,0,false,11.858,12.014,12.178,28,35.15,35.906,36.115,27,false,0
9472,1229,16,52,2024-03-02T16:26:33.105000+00:00,95.394,30.693,41.156,23.545,HARD,3,18,0,17,true,false,false,false,false,false,true,,true,4,4,0,false,12.035,12.179,12.34,28,36.091,36.5495,36.71,28,false,0
9472,1229,16,53,2024-03-02T16:28:08.474000+00:00,95.48,30.777,41.227,23.476,HARD,3,19,0,18,true,false,false,false,false,false,true,,true,4,4,0,false,12.348,12.567,12.689,27,36.426,36.6415,36.875,28,false,0
9472,1229,16,54,2024-03-02T16:29:43.963000+00:00,95.265,30.7,41.077,23.488,HARD,3,20,0,19,true,false,false,false,false,false,true,,true,4,4,0,false,12.49,12.6465,12.8,28,36.386,36.539,36.761,28,false,0
9472,1229,16,55,2024-03-02T16:31:19.188000+00:00,95.785,30.857,41.308,23.62,HARD,3,21,0,20,true,false,false,false,false,false,true,,true,4,4,0,false,12.572,12.7715,12.951,28,36.351,36.769,37.015,27,false,0
9472,1229,16,56,2024-03-02T16:32:55.041000+00:00,95.924,30.744,41.565,23.615,HARD,3,22,0,21,true,false,false,false,false,false,true,,true,4,4,0,false,12.951,13.3175,13.562,28,36.958,37.985,38.268,28,false,0
9472,1229,16,57,2024-03-02T16:34:30.893000+00:00,96.324,30.856,41.655,23.813,HARD,3,23,0,22,true,false,false,false,false,false,true,,true,4,4,0,false,13.575,14.0145,14.559,28,38.208,39.022,39.669,27,false,0
9472,1229,18,1,2024-03-02T15:03:42.341000+00:00,110.537,41.8,44.4,24.337,SOFT,1,1,0,0,true,true,false,false,false,true,false,standing_start;neutralised,true,12,19,17,true,0.035,0.657,1.713,26,0.777,11.126,12.968,27,true,23
9472,1229,18,2,2024-03-02T15:05:32.877000+00:00,97.987,31.319,42.653,24.015,SOFT,1,2,0,1,true,false,false,false,false,false,true,,true,19,19,0,false,1.371,1.6355,1.83,28,12.85,14.019,14.667,27,false,0
9472,1229,18,3,2024-03-02T15:07:11.091000+00:00,98.279,31.279,42.79,24.21,SOFT,1,3,0,2,true,false,false,false,false,false,true,,true,19,19,0,false,0.832,1.2455,1.849,28,14.444,15.446,16.231,28,false,0
9472,1229,18,4,2024-03-02T15:08:49.291000+00:00,98.364,30.944,43.227,24.193,SOFT,1,4,0,3,true,false,false,false,false,false,true,,true,19,19,0,false,0.54,0.669,0.864,28,15.672,17.0135,17.974,28,false,0
9472,1229,18,5,2024-03-02T15:10:27.632000+00:00,98.725,30.987,43.577,24.161,SOFT,1,5,0,4,true,false,false,false,false,false,true,,true,19,18,3,true,0.062,0.541,1.797,26,17.251,18.534,19.423,27,true,3
9472,1229,18,6,2024-03-02T15:12:06.338000+00:00,98.925,31.554,43.188,24.183,SOFT,1,6,0,5,true,false,false,false,false,false,true,,true,18,18,0,false,1.175,1.528,1.945,27,19.271,20.789,21.256,28,false,0
9472,1229,18,7,2024-03-02T15:13:45.354000+00:00,98.769,31.302,43.186,24.281,SOFT,1,7,0,6,true,false,false,false,false,false,true,,true,18,18,0,false,0.876,1.1315,1.428,28,21.107,22.276,23.009,27,false,0
9472,1229,18,8,2024-03-02T15:15:24.026000+00:00,98.857,30.963,43.37,24.524,SOFT,1,8,0,7,true,false,false,false,false,false,true,,true,18,18,0,false,0.446,0.638,0.864,28,22.46,23.7305,24.881,28,false,0
9472,1229,18,9,2024-03-02T15:17:02.856000+00:00,102.112,31.431,43.451,27.23,SOFT,1,9,0,8,true,false,true,false,false,false,false,pit_in,true,18,19,1,true,0.361,0.515,0.645,27,24.271,25.998,27.206,27,true,1
9472,1229,18,10,2024-03-02T15:18:45.037000+00:00,117.815,51.912,42.22,23.683,HARD,2,1,0,0,true,false,false,true,false,true,false,pit_out;neutralised,true,19,18,1,true,1.69,1.8135,2.49,24,49.477,50.6665,50.869,26,true,1
9472,1229,18,11,2024-03-02T15:20:42.802000+00:00,96.494,30.684,42.077,23.733,HARD,2,2,0,1,true,false,false,false,false,false,true,,true,18,17,1,true,1.484,1.749,1.938,27,49.96,50.21,50.548,28,false,0
9472,1229,18,12,2024-03-02T15:22:19.385000+00:00,97.175,30.961,42.338,23.876,HARD,2,3,0,2,true,false,false,false,false,false,true,,true,17,16,1,true,1.664,1.848,1.999,27,49.802,50.019,50.188,28,true,1
9472,1229,18,13,2024-03-02T15:23:56.497000+00:00,97.289,30.988,42.395,23.906,HARD,2,4,0,3,true,false,false,false,false,false,true,,true,16,14,1,true,1.851,1.9405,2.03,26,49.978,50.3365,50.449,28,true,2
9472,1229,18,14,2024-03-02T15:25:33.710000+00:00,97.624,31.039,42.588,23.997,HARD,2,5,0,4,true,false,false,false,false,false,true,,true,14,13,1,true,1.776,1.933,2.052,27,50.256,50.721,50.993,28,true,1
9472,1229,18,15,2024-03-02T15:27:11.408000+00:00,97.533,30.928,42.631,23.974,HARD,2,6,0,5,true,false,false,false,false,false,true,,true,13,12,1,true,0.057,2.051,2.185,26,50.799,51.3975,51.552,28,true,1
9472,1229,18,16,2024-03-02T15:28:48.848000+00:00,98.027,31.238,42.753,24.036,HARD,2,7,0,6,true,false,false,false,false,false,true,,true,12,11,1,true,1.24,1.738,2.44,27,51.405,52.0505,52.408,28,true,1
9472,1229,18,17,2024-03-02T15:30:26.910000+00:00,98.777,31.663,42.958,24.156,HARD,2,8,0,7,true,false,false,false,false,false,true,,true,11,12,1,true,0.055,0.7155,2.077,28,51.207,53.575,54.022,28,true,1
9472,1229,18,18,2024-03-02T15:32:05.759000+00:00,97.417,30.775,42.503,24.139,HARD,2,9,0,8,true,false,false,false,false,false,true,,true,12,12,0,false,0.579,0.8805,1.154,28,29.086,30.1025,30.786,26,false,0
9472,1229,18,19,2024-03-02T15:33:43.194000+00:00,97.554,30.774,42.598,24.182,HARD,2,10,0,9,true,false,false,false,false,false,true,,true,12,12,0,false,0.486,0.877,1.152,28,30.264,32.0585,33.045,28,false,0
9472,1229,18,20,2024-03-02T15:35:20.751000+00:00,97.859,31.219,42.499,24.141,HARD,2,11,0,10,true,false,false,false,false,false,true,,true,12,12,0,false,0.979,1.1835,1.408,28,32.932,34.711,35.742,28,false,0
9472,1229,18,21,2024-03-02T15:36:58.630000+00:00,98.022,31.191,42.686,24.145,HARD,2,12,0,11,true,false,false,false,false,false,true,,true,12,12,0,false,1.118,1.3235,1.43,26,35.628,37.3325,38.446,28,false,0
9472,1229,18,22,2024-03-02T15:38:36.600000+00:00,98.175,31.109,42.935,24.131,HARD,2,13,0,12,true,false,false,false,false,false,true,,true,12,12,0,false,1.341,1.576,1.786,26,38.348,39.894,41.417,27,false,0
9472,1229,18,23,2024-03-02T15:40:14.803000+00:00,97.826,31.057,42.668,24.101,HARD,2,14,0,13,true,false,false,false,false,false,true,,true,12,12,0,false,1.726,1.908,1.991,27,41.313,42.693,44.027,26,false,0
9472,1229,18,24,2024-03-02T15:41:52.539000+00:00,98.138,31.071,42.831,24.236,HARD,2,15,0,14,true,false,false,false,false,false,true,,true,12,12,0,false,1.848,2.0765,2.425,28,43.952,45.365,46.876,27,false,0
9472,1229,18,25,2024-03-02T15:43:30.785000+00:00,97.994,31.105,42.77,24.119,HARD,2,16,0,15,true,false,false,false,false,false,true,,true,12,12,0,false,2.445,2.5465,2.734,28,46.833,48.284,49.53,27,false,0
9472,1229,18,26,2024-03-02T15:45:08.677000+00:00,98.133,31.156,42.759,24.218,HARD,2,17,0,16,true,false,false,false,false,false,true,,true,12,12,0,false,2.456,2.6275,2.881,28,49.475,51.2215,52.438,28,false,0
9472,1229,18,27,2024-03-02T15:46:46.827000+00:00,100.71,31.196,42.791,26.723,HARD,2,18,0,17,true,false,true,false,false,false,false,pit_in,true,12,13,1,true,2.604,2.753,2.978,27,52.42,53.76,55.131,27,true,1
9472,1229,18,28,2024-03-02T15:48:27.503000+00:00,116.64,51.64,41.554,23.446,HARD,3,1,0,0,true,false,false,true,false,false,false,pit_out,true,13,18,5,true,8.71,10.096,24.614,26,77.496,78.7375,78.915,26,true,5
9472,1229,18,29,2024-03-02T15:50:24.326000+00:00,95.854,30.749,41.609,23.496,HARD,3,2,0,1,true,false,false,false,false,false,true,,true,18,18,0,false,0.638,0.8425,1.739,26,78.591,78.816,79.084,28,false,0
9472,1229,18,30,2024-03-02T15:52:00.091000+00:00,95.632,30.429,41.682,23.521,HARD,3,3,0,2,true,false,false,false,false,false,true,,true,18,18,0,false,0.469,0.9095,1.158,28,78.279,78.6845,78.9,28,false,0
9472,1229,18,31,2024-03-02T15:53:35.670000+00:00,96.202,30.622,41.79,23.79,HARD,3,4,0,3,true,false,false,false,false,false,true,,true,18,15,2,true,0.819,0.999,1.189,27,78.504,78.9235,79.226,28,true,2
9472,1229,18,32,2024-03-02T15:55:11.874000+00:00,95.821,30.248,41.8,23.773,HARD,3,5,0,4,true,false,false,false,false,false,true,,true,15,15,0,false,0.409,0.7195,0.98,26,78.51,79.0155,79.218,28,false,0
9472,1229,18,33,2024-03-02T15:56:47.793000+00:00,96.349,30.607,42.088,23.654,HARD,3,6,0,5,true,false,false,false,false,false,true,,true,15,13,2,true,0.227,7.09,7.792,26,78.594,79.423,79.66,27,true,2
9472,1229,18,34,2024-03-02T15:58:24.160000+00:00,96.332,30.969,41.709,23.654,HARD,3,7,0,6,true,false,false,false,false,false,true,,true,13,13,0,false,4.491,5.5915,6.518,28,79.556,79.84,80.004,27,false,0
9472,1229,18,35,2024-03-02T16:00:00.516000+00:00,96.242,30.837,41.766,23.639,HARD,3,8,0,7,true,false,false,false,false,false,true,,true,13,12,1,true,0.139,3.5,4.577,26,79.808,80.0055,80.105,28,true,1
9472,1229,18,36,2024-03-02T16:01:36.672000+00:00,96.086,30.694,41.748,23.644,HARD,3,9,0,8,true,false,false,false,false,false,true,,true,12,11,1,true,0.41,3.522,4.683,26,79.897,79.9635,80.095,28,true,1
9472,1229,18,37,2024-03-02T16:03:12.668000+00:00,95.987,30.676,41.775,23.536,HARD,3,10,0,9,true,false,false,false,false,false,true,,true,11,10,1,true,15.192,15.9445,16.38,26,76.653,79.736,79.958,28,true,1
9472,1229,18,38,2024-03-02T16:04:48.629000+00:00,96.364,30.776,41.926,23.662,HARD,3,11,0,10,true,false,false,false,false,false,true,,true,10,10,0,false,16.363,16.9045,17.393,28,55.771,56.2265,56.916,26,false,0
9472,1229,18,39,2024-03-02T16:06:25.202000+00:00,96.353,30.792,41.959,23.602,HARD,3,12,0,11,true,false,false,false,false,false,true,,true,10,10,0,false,17.531,18.3815,19.324,28,56.59,58.798,60.317,28,false,0
9472,1229,18,40,2024-03-02T16:08:01.510000+00:00,96.485,30.896,41.927,23.662,HARD,3,13,0,12,true,false,false,false,false,false,true,,true,10,10,0,false,17.556,18.231,19.187,28,59.984,60.1715,60.365,28,false,0
9472,1229,18,41,2024-03-02T16:09:37.899000+00:00,96.322,30.877,41.749,23.696,HARD,3,14,0,13,true,false,false,false,false,false,true,,true,10,10,0,false,13.619,17.027,17.662,28,60.116,60.69,61.245,28,false,0
9472,1229,18,42,2024-03-02T16:11:14.251000+00:00,96.343,30.774,41.917,23.652,HARD,3,15,0,14,true,false,false,false,false,false,true,,true,10,9,1,true,21.531,21.908,22.458,26,61.194,61.93,62.921,27,true,1
9472,1229,18,43,2024-03-02T16:12:50.652000+00:00,96.304,30.843,41.859,23.602,HARD,3,16,0,15,true,false,false,false,false,false,true,,true,9,9,0,false,22.482,23.007,23.504,28,62.892,64.268,65.074,28,false,0
9472,1229,18,44,2024-03-02T16:14:26.942000+00:00,96.564,30.788,42.023,23.753,HARD,3,17,0,16,true,false,false,false,false,false,true,,true,9,9,0,false,23.535,24.1355,24.83,28,64.997,66.0705,67.107,28,false,0
9472,1229,18,45,2024-03-02T16:16:03.464000+00:00,96.243,30.712,41.834,23.697,HARD,3,18,0,17,true,false,false,false,false,false,true,,true,9,9,0,false,24.841,25.2475,25.767,28,67.11,68.1785,69.101,28,false,0
9472,1229,18,46,2024-03-02T16:17:39.703000+00:00,96.379,30.808,41.882,23.689,HARD,3,19,0,18,true,false,false,false,false,false,true,,true,9,9,0,false,25.8,26.3035,26.85,28,69.13,70.2165,71.287,28,false,0
9472,1229,18,47,2024-03-02T16:19:16.194000+00:00,96.298,30.835,41.744,23.719,HARD,3,20,0,19,true,false,false,false,false,false,true,,true,9,9,0,false,26.878,27.341,27.772,28,71.306,72.37,73.346,28,false,0
9472,1229,18,48,2024-03-02T16:20:52.403000+00:00,97.325,31.346,42.156,23.823,HARD,3,21,0,20,true,false,false,false,false,false,true,,true,9,10,1,true,0.196,1.8245,27.85,28,73.369,75.312,76.321,28,true,1
9472,1229,18,49,2024-03-02T16:22:29.797000+00:00,96.871,30.92,42.119,23.832,HARD,3,22,0,21,true,false,false,false,false,false,true,,true,10,10,0,false,2.63,3.946,4.966,28,76.34,77.6965,78.789,28,false,0
9472,1229,18,50,2024-03-02T16:24:06.637000+00:00,96.541,30.808,41.978,23.755,HARD,3,23,0,22,true,false,false,false,false,false,true,,true,10,10,0,false,4.957,6.0135,6.83,28,78.812,79.9185,80.547,28,false,0
9472,1229,18,51,2024-03-02T16:25:43.121000+00:00,96.763,30.882,42.075,23.806,HARD,3,24,0,23,true,false,false,false,false,false,true,,true,10,10,0,false,6.833,7.7895,8.677,28,80.673,82.012,82.97,28,false,0
9472,1229,18,52,2024-03-02T16:27:19.882000+00:00,96.934,31.144,42.016,23.774,HARD,3,25,0,24,true,false,false,false,false,false,true,,true,10,10,0,false,8.69,9.9365,10.749,28,83.003,84.305,84.998,28,false,0
9472,1229,18,53,2024-03-02T16:28:56.868000+00:00,96.64,30.894,42.017,23.729,HARD,3,26,0,25,true,false,false,false,false,false,true,,true,10,10,0,false,10.77,11.547,12.14,28,85.053,85.4945,86.038,28,false,0
9472,1229,18,54,2024-03-02T16:30:33.541000+00:00,96.693,30.938,41.971,23.784,HARD,3,27,0,26,true,false,false,false,false,false,true,,true,10,10,0,false,12.166,12.6015,13.088,28,86.083,86.771,87.397,28,false,0
9472,1229,18,55,2024-03-02T16:32:10.179000+00:00,96.68,30.92,41.999,23.761,HARD,3,28,0,27,true,false,false,false,false,false,true,,true,10,10,0,false,13.037,14.097,14.706,27,87.376,88.092,88.893,28,false,0
9472,1229,18,56,2024-03-02T16:33:46.830000+00:00,96.582,30.87,41.951,23.761,HARD,3,29,0,28,true,false,false,false,false,false,true,,true,10,10,0,false,14.662,15.6785,16.27,28,88.909,90.1175,90.804,28,false,0
9472,1229,18,57,2024-03-02T16:35:23.428000+00:00,97.335,30.994,42.237,24.104,HARD,3,30,0,29,true,false,false,false,false,false,true,,true,10,10,0,false,16.221,17.317,18.329,28,90.779,92.0945,93.235,28,false,0
9472,1229,20,1,2024-03-02T15:03:42.341000+00:00,104.851,36.264,44.375,24.212,SOFT,1,1,0,0,true,true,false,false,false,true,false,standing_start;neutralised,true,15,12,11,true,0.044,0.51,0.622,24,1.02,5.687,7.165,27,true,19
9472,1229,20,2,2024-03-02T15:05:27.191000+00:00,98.911,31.591,43.075,24.245,SOFT,1,2,0,1,true,false,false,false,false,false,true,,true,12,12,0,false,0.372,0.498,0.639,28,6.84,8.5895,9.788,28,false,0
9472,1229,20,3,2024-03-02T15:07:06.129000+00:00,98.399,30.969,43.118,24.312,SOFT,1,3,0,2,true,false,false,false,false,false,true,,true,12,12,0,false,0.438,0.531,0.635,28,9.101,10.432,11.474,28,false,0
9472,1229,20,4,2024-03-02T15:08:44.453000+00:00,98.497,30.993,42.992,24.512,SOFT,1,4,0,3,true,false,false,false,false,false,true,,true,12,12,0,false,0.242,0.424,0.591,28,10.75,12.2235,13.219,28,false,0
9472,1229,20,5,2024-03-02T15:10:22.918000+00:00,98.576,31.066,43.108,24.402,SOFT,1,5,0,4,true,false,false,false,false,false,true,,true,12,12,0,false,0.366,0.599,0.718,28,12.563,13.788,14.662,28,false,0
9472,1229,20,6,2024-03-02T15:12:01.544000+00:00,98.529,30.952,43.041,24.536,SOFT,1,6,0,5,true,false,false,false,false,false,true,,true,12,12,0,false,0.362,0.517,0.704,26,14.004,15.187,16.059,28,false,0
9472,1229,20,7,2024-03-02T15:13:40.046000+00:00,100.058,32.132,43.112,24.814,SOFT,1,7,0,6,true,false,false,false,false,false,true,,true,12,12,0,false,0.035,1.1335,1.621,28,15.337,17.811,19.036,28,false,0
9472,1229,20,8,2024-03-02T15:15:20.089000+00:00,99.172,31.557,43.072,24.543,SOFT,1,8,0,7,true,false,false,false,false,false,true,,true,12,12,2,false,0.042,1.847,2.183,26,18.861,20.2595,21.218,28,true,2
9472,1229,20,9,2024-03-02T15:16:59.332000+00:00,98.861,31.383,42.932,24.546,SOFT,1,9,0,8,true,false,false,false,false,false,true,,true,12,12,0,false,2.025,2.1135,2.343,28,21.082,22.073,22.83,28,false,0
9472,1229,20,10,2024-03-02T15:18:38.135000+00:00,98.747,31.307,42.925,24.515,SOFT,1,10,0,9,true,false,false,false,false,true,false,neutralised,true,12,12,0,false,2.003,2.0815,2.341,28,22.639,23.745,24.613,27,false,0
9472,1229,20,11,2024-03-02T15:20:16.971000+00:00,101.088,31.311,42.714,27.063,SOFT,1,11,0,10,true,false,true,false,false,false,false,pit_in,true,12,12,0,false,1.775,1.957,2.129,27,24.479,25.397,26.259,27,false,0
9472,1229,20,12,2024-03-02T15:21:57.941000+00:00,119.682,53.306,42.365,24.011,HARD,2,1,0,0,true,false,false,true,false,false,false,pit_out,true,12,17,5,true,0.018,1.1695,1.323,26,49.943,51.2415,51.491,26,true,5
9472,1229,20,13,2024-03-02T15:23:57.680000+00:00,96.89,30.905,41.951,24.034,HARD,2,2,0,1,true,false,false,false,false,false,true,,true,17,15,1,true,0.637,0.881,1.165,27,50.974,51.1285,51.543,28,true,2
9472,1229,20,14,2024-03-02T15:25:34.459000+00:00,97.59,30.826,42.424,24.34,HARD,2,3,0,2,true,false,false,false,false,false,true,,true,15,14,1,true,0.28,0.516,0.772,27,50.631,51.1665,51.735,28,true,1
9472,1229,20,15,2024-03-02T15:27:12.091000+00:00,98.332,31.154,42.886,24.292,HARD,2,4,0,3,true,false,false,false,false,false,true,,true,14,14,0,false,0.131,0.4155,0.826,28,51.153,52.47,53.154,28,false,0
9472,1229,20,16,2024-03-02T15:28:50.418000+00:00,97.749,30.774,42.696,24.279,HARD,2,5,0,4,true,false,false,false,false,false,true,,true,14,13,1,true,0.319,0.593,0.82,27,52.421,53.236,53.687,28,true,1
9472,1229,20,17,2024-03-02T15:30:28.161000+00:00,98.282,30.953,42.957,24.372,HARD,2,6,0,5,true,false,false,false,false,false,true,,true,13,13,0,false,0.386,0.5935,0.813,28,51.953,54.087,54.752,28,false,0
9472,1229,20,18,2024-03-02T15:32:06.501000+00:00,97.583,30.69,42.526,24.367,HARD,2,7,0,6,true,false,false,false,false,false,true,,true,13,13,0,false,0.515,0.6755,0.964,28,29.601,30.7935,31.718,26,false,0
9472,1229,20,19,2024-03-02T15:33:44.091000+00:00,97.792,30.82,42.677,24.295,HARD,2,8,0,7,true,false,false,false,false,false,true,,true,13,13,0,false,0.837,0.9605,1.192,28,31.123,33.0275,34.208,28,false,0
9472,1229,20,20,2024-03-02T15:35:21.854000+00:00,98.062,31.168,42.636,24.258,HARD,2,9,0,8,true,false,false,false,false,false,true,,true,13,13,0,false,1.004,1.185,1.396,27,34.013,35.8645,37.109,28,false,0
9472,1229,20,21,2024-03-02T15:36:59.963000+00:00,98.01,31.041,42.738,24.231,HARD,2,10,0,9,true,false,false,false,false,false,true,,true,13,13,0,false,1.122,1.276,1.394,28,36.922,38.492,39.802,28,false,0
9472,1229,20,22,2024-03-02T15:38:37.999000+00:00,98.147,31.214,42.628,24.305,HARD,2,11,0,10,true,false,false,false,false,false,true,,true,13,13,0,false,1.152,1.3135,1.554,28,39.651,41.455,42.748,28,false,0
9472,1229,20,23,2024-03-02T15:40:16.079000+00:00,98.293,31.284,42.627,24.382,HARD,2,12,0,11,true,false,false,false,false,false,true,,true,13,13,0,false,1.208,1.592,1.803,28,42.548,44.4825,45.819,28,false,0
9472,1229,20,24,2024-03-02T15:41:54.478000+00:00,98.156,31.155,42.693,24.308,HARD,2,13,0,12,true,false,false,false,false,false,true,,true,13,13,0,false,1.684,1.816,1.972,28,45.669,47.3865,48.686,28,false,0
9472,1229,20,25,2024-03-02T15:43:32.514000+00:00,98.29,31.368,42.696,24.226,HARD,2,14,0,13,true,false,false,false,false,false,true,,true,13,13,0,false,1.711,2.033,2.155,28,48.544,50.4545,51.636,28,false,0
9472,1229,20,26,2024-03-02T15:45:10.935000+00:00,98.093,31.173,42.528,24.392,HARD,2,15,0,14,true,false,false,false,false,false,true,,true,13,13,0,false,1.887,2.0095,2.154,28,51.477,53.178,54.51,28,false,0
9472,1229,20,27,2024-03-02T15:46:49.040000+00:00,98.226,31.201,42.67,24.355,HARD,2,16,0,15,true,false,false,false,false,false,true,,true,13,12,1,true,1.902,2.072,4.84,28,54.337,55.9525,57.149,28,true,1
9472,1229,20,28,2024-03-02T15:48:27.003000+00:00,97.936,31.209,42.495,24.232,HARD,2,17,0,16,true,false,false,false,false,false,true,,true,12,12,0,false,2.991,4.7665,5.484,28,57.017,58.54,59.613,28,false,0
9472,1229,20,29,2024-03-02T15:50:05.109000+00:00,97.965,31.197,42.504,24.264,HARD,2,18,0,17,true,false,false,false,false,false,true,,true,12,11,1,true,4.464,4.707,4.822,25,59.49,60.728,61.777,27,true,1
9472,1229,20,30,2024-03-02T15:51:43.074000+00:00,98.04,31.138,42.655,24.247,HARD,2,19,0,18,true,false,false,false,false,false,true,,true,11,11,0,false,4.609,4.9695,5.386,28,61.672,62.916,64.045,28,false,0
9472,1229,20,31,2024-03-02T15:53:21.168000+00:00,98.0,31.181,42.628,24.191,HARD,2,20,0,19,true,false,false,false,false,false,true,,true,11,11,0,false,5.294,5.6285,5.927,28,63.949,65.3465,66.368,28,false,0
9472,1229,20,32,2024-03-02T15:54:59.087000+00:00,100.565,31.273,42.416,26.876,HARD,2,21,0,20,true,false,true,false,false,false,false,pit_in,true,11,13,2,true,5.63,5.845,6.104,27,66.292,67.449,68.521,27,false,0
9472,1229,20,33,2024-03-02T15:56:39.737000+00:00,116.655,51.473,41.575,23.607,HARD,3,1,0,0,true,false,false,true,false,false,false,pit_out,true,13,16,3,true,5.548,6.0435,6.453,26,90.856,91.9125,92.253,26,true,3
9472,1229,20,34,2024-03-02T15:58:36.398000+00:00,95.57,30.532,41.409,23.629,HARD,3,2,0,1,true,false,false,false,false,false,true,,true,16,16,0,false,4.426,4.9805,5.615,28,91.266,91.56,91.885,27,false,0
9472,1229,20,35,2024-03-02T16:00:12.060000+00:00,95.698,30.538,41.44,23.72,HARD,3,3,0,2,true,false,false,false,false,false,true,,true,16,16,0,false,0.526,0.758,2.695,26,90.913,91.0715,91.324,28,false,0
9472,1229,20,36,2024-03-02T16:01:47.554000+00:00,95.851,30.227,41.898,23.726,HARD,3,4,0,3,true,false,false,false,false,false,true,,true,16,14,2,true,0.243,2.4475,2.647,26,90.264,90.577,90.812,28,true,2
9472,1229,20,37,2024-03-02T16:03:23.492000+00:00,95.741,30.546,41.491,23.704,HARD,3,5,0,4,true,false,false,false,false,false,true,,true,14,13,1,true,1.239,1.59,2.208,27,87.099,90.1725,90.565,28,true,1
9472,1229,20,38,2024-03-02T16:04:59.136000+00:00,96.042,30.724,41.576,23.742,HARD,3,6,0,5,true,false,false,false,false,false,true,,true,13,12,1,true,0.598,6.656,7.257,26,66.124,66.405,67.208,24,true,1
9472,1229,20,39,2024-03-02T16:06:35.380000+00:00,95.876,30.654,41.474,23.748,HARD,3,7,0,6,true,false,false,false,false,false,true,,true,12,12,0,false,5.827,6.117,6.594,27,66.608,68.576,69.974,28,false,0
9472,1229,20,40,2024-03-02T16:08:11.112000+00:00,96.071,30.623,41.738,23.71,HARD,3,8,0,7,true,false,false,false,false,false,true,,true,12,12,0,false,5.238,5.4855,5.826,28,69.312,69.544,69.94,28,false,0
9472,1229,20,41,2024-03-02T16:09:47.198000+00:00,96.34,30.645,41.845,23.85,HARD,3,9,0,8,true,false,false,false,false,false,true,,true,12,12,0,false,4.829,4.946,5.204,28,69.196,69.777,70.508,28,false,0
9472,1229,20,42,2024-03-02T16:11:23.525000+00:00,96.31,30.72,41.743,23.847,HARD,3,10,0,9,true,false,false,false,false,false,true,,true,12,12,0,false,1.451,2.038,2.294,24,70.367,71.285,72.153,28,false,0
9472,1229,20,43,2024-03-02T16:12:59.874000+00:00,96.232,30.709,41.74,23.783,HARD,3,11,0,10,true,false,false,false,false,false,true,,true,12,12,0,false,2.143,3.0825,3.456,28,71.974,73.3935,74.23,28,false,0
9472,1229,20,44,2024-03-02T16:14:36.059000+00:00,96.249,30.647,41.679,23.923,HARD,3,12,0,11,true,false,false,false,false,false,true,,true,12,12,0,false,2.834,3.021,3.592,28,73.986,75.0375,75.944,28,false,0
9472,1229,20,45,2024-03-02T16:16:12.365000+00:00,96.349,30.692,41.776,23.881,HARD,3,13,0,12,true,false,false,false,false,false,true,,true,12,12,0,false,2.503,2.634,2.815,28,75.831,76.948,78.047,27,false,0
9472,1229,20,46,2024-03-02T16:17:48.695000+00:00,96.446,30.713,41.779,23.954,HARD,3,14,0,13,true,false,false,false,false,false,true,,true,12,12,0,false,2.115,2.221,2.475,27,77.949,79.009,80.303,28,false,0
9472,1229,20,47,2024-03-02T16:19:25.029000+00:00,96.454,30.753,41.74,23.961,HARD,3,15,0,14,true,false,false,false,false,false,true,,true,12,12,0,false,1.899,2.0535,2.179,26,80.171,81.35,82.516,27,false,0
9472,1229,20,48,2024-03-02T16:21:02.034000+00:00,96.679,30.865,41.817,23.997,HARD,3,16,0,15,true,false,false,false,false,false,true,,true,12,12,0,false,1.832,2.0005,2.183,28,82.409,83.7675,84.844,28,false,0
9472,1229,20,49,2024-03-02T16:22:38.250000+00:00,96.842,30.909,41.991,23.942,HARD,3,17,0,16,true,false,false,false,false,false,true,,true,12,12,0,false,1.921,2.173,2.268,28,84.743,86.1835,87.283,28,false,0
9472,1229,20,50,2024-03-02T16:24:15.036000+00:00,97.035,30.969,42.041,24.025,HARD,3,18,0,17,true,false,false,false,false,false,true,,true,12,12,0,false,2.011,2.3065,2.538,28,87.165,88.5045,89.526,26,false,0
9472,1229,20,51,2024-03-02T16:25:52.106000+00:00,96.929,30.98,42.05,23.899,HARD,3,19,0,18,true,false,false,false,false,false,true,,true,12,12,0,false,2.26,2.4175,2.508,28,89.603,91.17,92.128,28,false,0
9472,1229,20,52,2024-03-02T16:27:29.064000+00:00,96.93,30.91,41.964,24.056,HARD,3,20,0,19,true,false,false,false,false,false,true,,true,12,12,0,false,1.878,2.0125,2.341,28,92.03,93.3015,94.145,28,false,0
9472,1229,20,53,2024-03-02T16:29:06.010000+00:00,97.958,30.951,43.013,23.994,HARD,3,21,0,20,true,false,false,false,false,false,true,,true,12,12,0,false,1.615,1.895,2.845,27,94.034,94.4265,95.32,16,false,0
9472,1229,20,54,2024-03-02T16:30:43.920000+00:00,96.89,30.682,42.093,24.115,HARD,3,22,0,21,true,false,false,false,false,false,true,,true,12,12,0,false,1.138,1.2875,2.606,28,,,,0,false,0
9472,1229,20,55,2024-03-02T16:32:20.753000+00:00,97.457,31.014,42.356,24.087,HARD,3,23,0,22,true,false,false,false,false,false,true,,true,12,12,0,false,0.941,1.3055,1.473,28,,,,0,false,0
9472,1229,20,56,2024-03-02T16:33:58.264000+00:00,97.584,31.04,42.465,24.079,HARD,3,24,0,23,true,false,false,false,false,false,true,,true,12,12,0,false,1.002,1.426,1.59,27,,,,0,false,0
9472,1229,22,1,2024-03-02T15:03:42.341000+00:00,103.848,35.661,43.842,24.345,SOFT,1,1,0,0,true,true,false,false,false,true,false,standing_start;neutralised,true,11,10,10,true,0.078,0.347,0.653,26,0.684,4.657,6.226,27,true,26
9472,1229,22,2,2024-03-02T15:05:26.188000+00:00,98.689,31.675,42.717,24.297,SOFT,1,2,0,1,true,false,false,false,false,false,true,,true,10,10,0,false,0.313,0.6465,0.779,28,5.976,7.617,8.624,28,false,0
9472,1229,22,3,2024-03-02T15:07:04.993000+00:00,98.431,30.989,43.073,24.369,SOFT,1,3,0,2,true,false,false,false,false,false,true,,true,10,10,0,false,0.577,0.725,0.907,28,8.125,9.285,10.345,28,false,0
9472,1229,22,4,2024-03-02T15:08:43.327000+00:00,98.31,31.025,42.992,24.293,SOFT,1,4,0,3,true,false,false,false,false,false,true,,true,10,10,0,false,0.668,0.877,0.975,28,9.839,10.9845,11.99,28,false,0
9472,1229,22,5,2024-03-02T15:10:21.674000+00:00,98.321,31.023,42.98,24.318,SOFT,1,5,0,4,true,false,false,false,false,false,true,,true,10,10,0,false,0.725,0.854,0.963,28,11.473,12.278,13.113,27,false,0
9472,1229,22,6,2024-03-02T15:12:00.082000+00:00,98.361,31.132,42.949,24.28,SOFT,1,6,0,5,true,false,false,false,false,false,true,,true,10,10,0,false,0.782,0.9155,1.079,28,12.667,13.6695,14.379,28,false,0
9472,1229,22,7,2024-03-02T15:13:38.399000+00:00,98.364,31.121,42.887,24.356,SOFT,1,7,0,6,true,false,false,false,false,false,true,,true,10,10,0,false,1.065,1.332,1.604,27,13.941,14.9365,15.684,28,false,0
9472,1229,22,8,2024-03-02T15:15:16.764000+00:00,98.513,31.298,42.871,24.344,SOFT,1,8,0,7,true,false,false,false,false,false,true,,true,10,10,0,false,1.653,1.7845,1.91,28,15.46,16.497,17.17,28,false,0
9472,1229,22,9,2024-03-02T15:16:55.234000+00:00,98.554,31.329,42.861,24.364,SOFT,1,9,0,8,true,false,false,false,false,false,true,,true,10,10,0,false,1.656,1.8235,2.192,28,17.066,17.9145,18.498,28,false,0
9472,1229,22,10,2024-03-02T15:18:33.869000+00:00,98.912,31.476,43.062,24.374,SOFT,1,10,0,9,true,false,false,false,true,true,false,deleted_lap;neutralised,true,10,10,0,false,1.586,1.84,2.145,28,18.366,19.534,20.453,27,false,0
9472,1229,22,11,2024-03-02T15:20:12.682000+00:00,98.799,31.342,43.015,24.442,SOFT,1,11,0,10,true,false,false,false,false,false,true,,true,10,10,0,false,1.809,2.0015,2.091,28,20.261,21.376,22.165,28,false,0
9472,1229,22,12,2024-03-02T15:21:51.504000+00:00,98.769,31.398,43.001,24.37,SOFT,1,12,0,11,true,false,false,false,false,false,true,,true,10,8,1,true,1.123,2.335,3.563,27,22.048,23.0695,23.887,26,true,2
9472,1229,22,13,2024-03-02T15:23:30.182000+00:00,98.86,31.511,42.985,24.364,SOFT,1,13,0,12,true,false,false,false,false,false,true,,true,8,5,1,true,2.124,2.3975,2.547,26,23.784,24.942,25.714,27,true,3
9472,1229,22,14,2024-03-02T15:25:09.093000+00:00,101.138,31.394,42.967,26.777,SOFT,1,14,0,13,true,false,true,false,false,false,false,pit_in,true,5,4,1,true,2.319,2.505,2.697,25,25.652,26.622,27.503,27,true,1
9472,1229,22,15,2024-03-02T15:26:50.268000+00:00,119.588,52.618,42.949,24.021,HARD,2,1,0,0,true,false,false,true,false,false,false,pit_out,true,4,13,9,true,0.095,0.9225,1.945,26,49.879,52.2555,52.513,26,true,9
9472,1229,22,16,2024-03-02T15:28:49.899000+00:00,97.516,30.895,42.677,23.944,HARD,2,2,0,1,true,false,false,false,false,false,true,,true,13,12,1,true,0.421,0.558,0.836,26,52.028,52.539,52.942,28,true,1
9472,1229,22,17,2024-03-02T15:30:27.374000+00:00,97.482,30.908,42.625,23.949,HARD,2,3,0,2,true,false,false,false,false,false,true,,true,12,11,1,true,0.006,1.991,2.287,27,50.333,52.869,53.241,28,true,1
9472,1229,22,18,2024-03-02T15:32:04.756000+00:00,97.359,30.973,42.336,24.05,HARD,2,4,0,3,true,false,false,false,false,false,true,,true,11,11,0,false,1.494,1.6785,2.09,28,28.479,29.125,29.847,26,false,0
9472,1229,22,19,2024-03-02T15:33:42.194000+00:00,97.396,31.096,42.262,24.038,HARD,2,5,0,4,true,false,false,false,false,false,true,,true,11,11,0,false,1.373,1.571,1.956,27,29.572,31.139,31.958,28,false,0
9472,1229,22,20,2024-03-02T15:35:19.661000+00:00,97.766,31.229,42.359,24.178,HARD,2,6,0,5,true,false,false,false,false,false,true,,true,11,11,0,false,1.166,1.3365,1.446,28,31.824,33.3605,34.563,28,false,0
9472,1229,22,21,2024-03-02T15:36:57.391000+00:00,97.777,31.144,42.57,24.063,HARD,2,7,0,6,true,false,false,false,false,false,true,,true,11,11,0,false,1.168,1.253,1.388,27,34.442,35.936,37.023,28,false,0
9472,1229,22,22,2024-03-02T15:38:35.134000+00:00,97.837,31.173,42.531,24.133,HARD,2,8,0,7,true,false,false,false,false,false,true,,true,11,11,0,false,1.152,1.198,1.285,26,36.914,38.507,39.655,28,false,0
9472,1229,22,23,2024-03-02T15:40:12.950000+00:00,97.671,31.096,42.405,24.17,HARD,2,9,0,8,true,false,false,false,false,false,true,,true,11,11,0,false,0.97,1.065,1.241,27,39.545,40.947,42.111,28,false,0
9472,1229,22,24,2024-03-02T15:41:50.721000+00:00,97.634,31.145,42.276,24.213,HARD,2,10,0,9,true,false,false,false,false,false,true,,true,11,11,0,false,0.792,0.9555,1.106,28,42.0,43.3615,44.466,28,false,0
9472,1229,22,25,2024-03-02T15:43:28.420000+00:00,97.851,31.05,42.613,24.188,HARD,2,11,0,10,true,false,false,false,false,false,true,,true,11,11,0,false,0.437,0.7105,0.848,28,44.099,45.831,46.983,28,false,0
9472,1229,22,26,2024-03-02T15:45:06.152000+00:00,98.058,31.252,42.54,24.266,HARD,2,12,0,11,true,false,false,false,false,false,true,,true,11,11,0,false,0.464,0.7145,0.921,28,46.594,48.5355,49.815,28,false,0
9472,1229,22,27,2024-03-02T15:46:44.254000+00:00,98.083,31.195,42.468,24.42,HARD,2,13,0,12,true,false,false,false,true,false,false,deleted_lap,true,11,11,0,false,0.567,0.69,0.9,28,49.442,51.0985,52.312,28,false,0
9472,1229,22,28,2024-03-02T15:48:22.363000+00:00,98.164,31.266,42.608,24.29,HARD,2,14,0,13,true,false,false,false,false,false,true,,true,11,10,1,true,0.608,0.876,8.726,28,51.951,53.7585,54.989,28,true,1
9472,1229,22,29,2024-03-02T15:50:00.438000+00:00,97.777,31.161,42.542,24.074,HARD,2,15,0,14,true,false,false,false,false,false,true,,true,10,10,0,false,8.665,9.208,9.399,28,54.922,56.042,56.968,27,false,0
9472,1229,22,30,2024-03-02T15:51:38.198000+00:00,97.477,31.158,42.314,24.005,HARD,2,16,0,15,true,false,false,false,false,false,true,,true,10,10,0,false,9.369,9.697,9.895,27,56.955,57.94,58.674,28,false,0
9472,1229,22,31,2024-03-02T15:53:15.776000+00:00,97.468,31.151,42.349,23.968,HARD,2,17,0,16,true,false,false,false,false,false,true,,true,10,10,0,false,9.861,10.295,31.47,28,58.655,59.785,60.463,27,false,0
9472,1229,22,32,2024-03-02T15:54:53.228000+00:00,97.847,31.448,42.329,24.07,HARD,2,18,0,17,true,false,false,false,false,false,true,,true,10,10,0,false,8.244,8.842,9.728,26,60.462,61.826,62.424,27,false,0
9472,1229,22,33,2024-03-02T15:56:30.990000+00:00,97.498,31.221,42.222,24.055,HARD,2,19,0,18,true,false,false,false,false,false,true,,true,10,10,0,false,9.756,10.723,22.569,28,62.408,63.4065,64.059,28,false,0
9472,1229,22,34,2024-03-02T15:58:08.559000+00:00,100.835,31.415,42.711,26.709,HARD,2,20,0,19,true,false,true,false,false,false,false,pit_in,true,10,10,0,false,0.311,1.844,3.688,25,64.023,65.3145,66.407,26,false,0
9472,1229,22,35,2024-03-02T15:59:49.437000+00:00,117.417,52.138,41.771,23.508,HARD,3,1,0,0,true,false,false,true,false,false,false,pit_out,true,10,15,5,true,1.754,2.9525,3.413,26,88.51,90.291,90.576,25,true,4
9472,1229,22,36,2024-03-02T16:01:46.840000+00:00,97.706,31.984,41.954,23.768,HARD,3,2,0,1,true,false,false,false,false,false,true,,true,15,15,2,false,0.508,0.9905,2.428,26,90.071,91.469,91.81,28,true,2
9472,1229,22,37,2024-03-02T16:03:24.464000+00:00,95.833,30.48,41.686,23.667,HARD,3,3,0,2,true,false,false,false,false,false,true,,true,15,14,1,true,0.833,1.094,1.192,27,88.26,91.2595,91.574,28,true,1
9472,1229,22,38,2024-03-02T16:05:00.350000+00:00,97.046,30.732,42.39,23.924,HARD,3,4,0,3,true,false,false,false,false,false,true,,true,14,13,1,true,0.081,0.464,2.193,26,67.466,68.137,68.862,26,true,1
9472,1229,22,39,2024-03-02T16:06:37.398000+00:00,96.125,30.733,41.684,23.708,HARD,3,5,0,4,true,false,false,false,false,false,true,,true,13,13,0,false,2.168,2.309,2.448,28,68.792,70.8835,72.378,28,false,0
9472,1229,22,40,2024-03-02T16:08:13.525000+00:00,96.263,30.886,41.751,23.626,HARD,3,6,0,5,true,false,false,false,false,false,true,,true,13,13,0,false,2.435,2.626,2.721,27,71.927,72.164,72.375,27,false,0
9472,1229,22,41,2024-03-02T16:09:49.850000+00:00,96.179,30.801,41.719,23.659,HARD,3,7,0,6,true,false,false,false,false,false,true,,true,13,13,0,false,2.401,2.632,2.804,28,71.917,72.287,72.941,27,false,0
9472,1229,22,42,2024-03-02T16:11:25.885000+00:00,95.981,30.697,41.532,23.752,HARD,3,8,0,7,true,false,false,false,false,false,true,,true,13,13,0,false,2.021,2.227,2.603,26,72.864,73.563,74.255,27,false,0
9472,1229,22,43,2024-03-02T16:13:01.981000+00:00,95.956,30.713,41.533,23.71,HARD,3,9,0,8,true,false,false,false,false,false,true,,true,13,13,0,false,1.785,1.974,2.235,28,74.179,75.3325,76.06,28,false,0
9472,1229,22,44,2024-03-02T16:14:37.932000+00:00,96.144,30.776,41.594,23.774,HARD,3,10,0,9,true,false,false,false,false,false,true,,true,13,13,0,false,1.703,1.887,2.098,28,75.956,76.952,77.673,28,false,0
9472,1229,22,45,2024-03-02T16:16:14.062000+00:00,95.964,30.648,41.47,23.846,HARD,3,11,0,10,true,false,false,false,false,false,true,,true,13,13,0,false,1.292,1.47,1.82,27,77.631,78.602,79.389,27,false,0
9472,1229,22,46,2024-03-02T16:17:49.996000+00:00,96.187,30.807,41.593,23.787,HARD,3,12,0,11,true,false,false,false,false,false,true,,true,13,13,0,false,1.027,1.342,1.523,28,79.335,80.355,81.385,28,false,0
9472,1229,22,47,2024-03-02T16:19:26.137000+00:00,96.396,30.794,41.765,23.837,HARD,3,13,0,12,true,false,false,false,false,false,true,,true,13,13,0,false,1.003,1.111,1.206,28,81.314,82.367,83.545,27,false,0
9472,1229,22,48,2024-03-02T16:21:02.671000+00:00,96.554,30.848,41.679,24.027,HARD,3,14,0,13,true,false,false,false,false,false,true,,true,13,13,0,false,0.76,0.985,1.143,28,83.46,84.7025,85.755,28,false,0
9472,1229,22,49,2024-03-02T16:22:39.236000+00:00,96.695,30.67,42.043,23.982,HARD,3,15,0,14,true,false,false,false,false,false,true,,true,13,13,0,false,0.568,0.7245,0.843,28,85.43,86.876,88.053,28,false,0
9472,1229,22,50,2024-03-02T16:24:15.808000+00:00,96.827,30.762,42.171,23.894,HARD,3,16,0,15,true,false,false,false,false,false,true,,true,13,13,0,false,0.506,0.612,0.739,28,87.723,89.322,90.082,28,false,0
9472,1229,22,51,2024-03-02T16:25:52.708000+00:00,97.067,30.949,42.066,24.052,HARD,3,17,0,16,true,false,false,false,false,false,true,,true,13,13,0,false,0.283,0.5495,0.697,28,90.067,91.787,92.825,27,false,0
9472,1229,22,52,2024-03-02T16:27:29.740000+00:00,99.042,31.511,43.537,23.994,HARD,3,18,0,17,true,false,false,false,false,false,true,,true,13,14,1,true,0.044,0.7375,1.94,28,92.501,92.873,95.032,13,true,1
9472,1229,22,53,2024-03-02T16:29:08.874000+00:00,96.838,30.739,42.138,23.961,HARD,3,19,0,18,true,false,false,false,false,false,true,,true,14,14,0,false,0.54,0.729,0.885,28,,,,0,false,0
9472,1229,22,54,2024-03-02T16:30:45.648000+00:00,96.672,30.741,41.883,24.048,HARD,3,20,0,19,true,false,false,false,false,false,true,,true,14,14,0,false,0.768,0.906,1.197,27,,,,0,false,0
9472,1229,22,55,2024-03-02T16:32:22.344000+00:00,97.269,30.81,42.254,24.205,HARD,3,21,0,20,true,false,false,false,false,false,true,,true,14,14,0,false,0.59,0.7635,0.927,28,,,,0,false,0
9472,1229,22,56,2024-03-02T16:33:59.498000+00:00,97.473,30.742,42.53,24.201,HARD,3,22,0,21,true,false,false,false,false,false,true,,true,14,14,0,false,0.442,0.5885,0.718,28,,,,0,false,0
9472,1229,23,1,2024-03-02T15:03:42.341000+00:00,104.246,35.861,44.007,24.378,SOFT,1,1,0,0,true,true,false,false,false,true,false,standing_start;neutralised,true,13,11,11,true,0.055,0.321,0.49,25,0.877,5.147,6.658,27,true,18
9472,1229,23,2,2024-03-02T15:05:26.586000+00:00,98.826,31.419,43.106,24.301,SOFT,1,2,0,1,true,false,false,false,false,false,true,,true,11,11,0,false,0.141,0.5105,0.644,28,6.401,8.1675,9.208,28,false,0
9472,1229,23,3,2024-03-02T15:07:05.531000+00:00,98.507,31.002,43.081,24.424,SOFT,1,3,0,2,true,false,false,false,false,false,true,,true,11,11,0,false,0.447,0.565,0.687,28,8.631,9.8795,10.941,28,false,0
9472,1229,23,4,2024-03-02T15:08:44.072000+00:00,98.422,31.023,43.007,24.392,SOFT,1,4,0,3,true,false,false,false,false,false,true,,true,11,11,0,false,0.49,0.6795,0.852,28,10.378,11.746,12.729,28,false,0
9472,1229,23,5,2024-03-02T15:10:22.387000+00:00,98.509,31.049,43.027,24.433,SOFT,1,5,0,4,true,false,false,false,false,false,true,,true,11,11,0,false,0.716,0.7885,0.916,28,12.197,13.1725,14.027,28,false,0
9472,1229,23,6,2024-03-02T15:12:00.934000+00:00,98.575,31.034,43.141,24.4,SOFT,1,6,0,5,true,false,false,false,false,false,true,,true,11,11,0,false,0.815,0.911,1.159,28,13.515,14.604,15.495,27,false,0
9472,1229,23,7,2024-03-02T15:13:39.536000+00:00,98.971,31.498,43.186,24.287,SOFT,1,7,0,6,true,false,false,false,false,false,true,,true,11,11,0,false,1.185,1.694,1.855,28,15.302,16.656,17.419,28,false,0
9472,1229,23,8,2024-03-02T15:15:18.421000+00:00,98.66,31.493,42.899,24.268,SOFT,1,8,0,7,true,false,false,false,false,false,true,,true,11,11,0,false,1.746,1.9385,1.995,28,17.309,18.4465,19.057,28,false,0
9472,1229,23,9,2024-03-02T15:16:57.147000+00:00,98.652,31.458,42.976,24.218,SOFT,1,9,0,8,true,false,false,false,false,false,true,,true,11,11,0,false,1.875,2.043,2.165,28,18.946,19.978,20.487,28,false,0
9472,1229,23,10,2024-03-02T15:18:35.817000+00:00,98.952,31.624,42.955,24.373,SOFT,1,10,0,9,true,false,false,false,false,true,false,neutralised,true,11,11,0,false,1.974,2.0525,2.228,28,20.364,21.7785,22.471,28,false,0
9472,1229,23,11,2024-03-02T15:20:14.778000+00:00,98.835,31.49,42.923,24.422,SOFT,1,11,0,10,true,false,false,false,false,false,true,,true,11,11,0,false,1.969,2.085,2.191,27,22.366,23.504,24.225,27,false,0
9472,1229,23,12,2024-03-02T15:21:53.603000+00:00,98.934,31.51,43.065,24.359,SOFT,1,12,0,11,true,false,false,false,false,false,true,,true,11,9,1,true,2.023,2.183,2.279,26,24.115,25.3205,26.114,28,true,2
9472,1229,23,13,2024-03-02T15:23:32.467000+00:00,98.823,31.569,42.884,24.37,SOFT,1,13,0,12,true,false,false,false,false,false,true,,true,9,6,1,true,2.14,2.236,2.303,26,26.018,27.217,27.904,27,true,3
9472,1229,23,14,2024-03-02T15:25:11.288000+00:00,98.977,31.598,42.931,24.448,SOFT,1,14,0,13,true,false,false,false,false,false,true,,true,6,5,1,true,0.025,2.329,2.396,27,27.813,29.0185,29.849,28,true,1
9472,1229,23,15,2024-03-02T15:26:50.290000+00:00,101.171,31.51,42.741,26.92,SOFT,1,15,0,14,true,false,true,false,false,false,false,pit_in,true,5,5,3,false,4.988,5.084,5.189,25,29.816,30.893,31.57,27,true,2
9472,1229,23,16,2024-03-02T15:28:31.478000+00:00,119.341,52.731,42.591,24.019,HARD,2,1,0,0,true,false,false,true,false,false,false,pit_out,true,5,15,10,true,0.173,0.686,1.959,26,54.036,56.136,56.328,25,true,10
9472,1229,23,17,2024-03-02T15:30:30.851000+00:00,97.392,30.812,42.564,24.016,HARD,2,2,0,1,true,false,false,false,false,false,true,,true,15,14,1,true,0.056,1.884,2.52,27,53.676,56.254,56.473,27,true,1
9472,1229,23,18,2024-03-02T15:32:08.194000+00:00,97.59,31.214,42.369,24.007,HARD,2,3,0,2,true,false,false,false,false,false,true,,true,14,14,0,false,1.681,2.045,2.451,28,32.052,32.8045,33.424,26,false,0
9472,1229,23,19,2024-03-02T15:33:45.833000+00:00,97.763,31.357,42.448,23.958,HARD,2,4,0,3,true,false,false,false,false,false,true,,true,14,14,0,false,1.692,1.988,2.384,28,33.278,35.013,35.9,28,false,0
9472,1229,23,20,2024-03-02T15:35:23.534000+00:00,97.701,31.328,42.379,23.994,HARD,2,5,0,4,true,false,false,false,false,false,true,,true,14,14,0,false,1.296,1.646,1.983,27,35.788,37.401,38.44,27,false,0
9472,1229,23,21,2024-03-02T15:37:01.254000+00:00,97.918,31.227,42.44,24.251,HARD,2,6,0,5,true,false,false,false,false,false,true,,true,14,14,0,false,1.16,1.3,1.614,28,38.34,39.6245,41.039,26,false,0
9472,1229,23,22,2024-03-02T15:38:39.203000+00:00,98.031,31.199,42.733,24.099,HARD,2,7,0,6,true,false,false,false,false,false,true,,true,14,14,0,false,1.05,1.1825,1.336,28,40.936,42.52,43.871,28,false,0
9472,1229,23,23,2024-03-02T15:40:17.198000+00:00,97.869,31.296,42.361,24.212,HARD,2,8,0,7,true,false,false,false,false,false,true,,true,14,14,0,false,0.708,0.925,1.285,27,43.767,45.4005,46.551,28,false,0
9472,1229,23,24,2024-03-02T15:41:55.045000+00:00,98.204,31.035,42.857,24.312,HARD,2,9,0,8,true,false,false,false,false,false,true,,true,14,14,0,false,0.335,0.692,0.845,28,46.024,48.0785,49.457,28,false,0
9472,1229,23,25,2024-03-02T15:43:33.298000+00:00,98.226,31.095,42.952,24.179,HARD,2,10,0,9,true,false,false,false,false,false,true,,true,14,14,0,false,0.464,0.656,0.795,27,49.104,51.116,52.343,28,false,0
9472,1229,23,26,2024-03-02T15:45:11.637000+00:00,98.1,31.041,42.821,24.238,HARD,2,11,0,10,true,false,false,false,false,false,true,,true,14,14,0,false,0.396,0.6625,0.851,28,51.873,53.908,55.227,28,false,0
9472,1229,23,27,2024-03-02T15:46:49.675000+00:00,98.296,31.029,43.069,24.198,HARD,2,12,0,11,true,false,false,false,false,false,true,,true,14,14,0,false,0.339,0.705,0.92,27,54.706,56.6875,57.933,28,false,0
9472,1229,23,28,2024-03-02T15:48:28.047000+00:00,98.048,31.108,42.692,24.248,HARD,2,13,0,12,true,false,false,false,false,false,true,,true,14,13,1,true,0.515,0.723,0.913,26,57.532,59.2745,60.505,28,true,1
9472,1229,23,29,2024-03-02T15:50:05.928000+00:00,97.879,31.127,42.585,24.167,HARD,2,14,0,13,true,false,false,false,false,false,true,,true,13,12,1,true,0.654,0.826,0.922,27,60.168,61.592,62.59,27,true,1
9472,1229,23,30,2024-03-02T15:51:43.826000+00:00,97.968,31.045,42.634,24.289,HARD,2,15,0,14,true,false,false,false,false,false,true,,true,12,12,0,false,0.469,0.7165,0.794,28,62.169,63.684,64.792,28,false,0
9472,1229,23,31,2024-03-02T15:53:21.851000+00:00,98.135,31.093,42.811,24.231,HARD,2,16,0,15,true,false,false,false,false,false,true,,true,12,12,0,false,0.334,0.6565,0.898,26,64.296,65.87,67.241,27,false,0
9472,1229,23,32,2024-03-02T15:55:00.293000+00:00,98.183,31.143,42.707,24.333,HARD,2,17,0,16,true,false,false,false,false,false,true,,true,12,12,0,false,0.645,0.852,1.039,27,66.977,68.356,69.509,27,false,0
9472,1229,23,33,2024-03-02T15:56:38.088000+00:00,98.346,31.537,42.677,24.132,HARD,2,18,0,17,true,false,false,false,false,false,true,,true,12,11,1,true,7.087,7.694,7.938,28,69.513,71.1005,71.996,28,false,0
9472,1229,23,34,2024-03-02T15:58:16.540000+00:00,97.75,31.413,42.368,23.969,HARD,2,19,0,18,true,false,false,false,false,false,true,,true,11,11,0,false,4.852,7.679,8.082,28,71.993,73.098,73.615,27,false,0
9472,1229,23,35,2024-03-02T15:59:54.284000+00:00,97.767,31.295,42.496,23.976,HARD,2,20,0,19,true,false,false,false,false,false,true,,true,11,10,1,true,9.13,9.3595,11.167,26,73.582,74.821,75.362,27,true,1
9472,1229,23,36,2024-03-02T16:01:31.930000+00:00,100.333,31.337,42.433,26.563,HARD,2,21,0,20,true,false,true,false,false,false,false,pit_in,true,10,10,0,false,9.535,10.917,12.226,27,75.32,76.397,77.023,25,false,0
9472,1229,23,37,2024-03-02T16:03:12.274000+00:00,117.632,52.093,41.867,23.672,HARD,3,1,0,0,true,false,false,true,false,false,false,pit_out,true,10,16,6,true,0.085,1.179,9.124,26,97.888,100.806,101.021,26,true,6
9472,1229,23,38,2024-03-02T16:05:09.985000+00:00,96.129,30.735,41.742,23.652,HARD,3,2,0,1,true,false,false,false,false,false,true,,true,16,16,0,false,1.228,1.7165,1.964,28,76.953,77.2665,78.026,26,false,0
9472,1229,23,39,2024-03-02T16:06:46.091000+00:00,95.856,30.737,41.65,23.469,HARD,3,3,0,2,true,false,false,false,false,false,true,,true,16,16,0,false,1.906,2.315,2.455,27,77.475,79.6145,80.825,28,false,0
9472,1229,23,40,2024-03-02T16:08:21.965000+00:00,95.723,30.707,41.503,23.513,HARD,3,4,0,3,true,false,false,false,false,false,true,,true,16,16,0,false,2.309,2.4865,2.714,28,79.874,80.33,80.808,28,false,0
9472,1229,23,41,2024-03-02T16:09:57.693000+00:00,95.885,30.746,41.557,23.582,HARD,3,5,0,4,true,false,false,false,false,false,true,,true,16,16,0,false,1.405,2.663,3.893,27,79.768,80.039,80.557,27,false,0
9472,1229,23,42,2024-03-02T16:11:33.585000+00:00,95.799,30.759,41.498,23.542,HARD,3,6,0,5,true,false,false,false,false,false,true,,true,16,15,1,true,2.679,3.171,3.383,25,80.372,81.119,81.682,28,true,1
9472,1229,23,43,2024-03-02T16:13:09.368000+00:00,95.766,30.76,41.472,23.534,HARD,3,7,0,6,true,false,false,false,false,false,true,,true,15,15,0,false,3.165,3.412,3.64,28,81.646,82.766,83.298,28,false,0
9472,1229,23,44,2024-03-02T16:14:45.111000+00:00,95.783,30.683,41.497,23.603,HARD,3,8,0,7,true,false,false,false,false,false,true,,true,15,15,0,false,3.289,3.6265,3.769,28,83.093,83.9525,84.548,28,false,0
9472,1229,23,45,2024-03-02T16:16:20.966000+00:00,95.758,30.607,41.495,23.656,HARD,3,9,0,8,true,false,false,false,false,false,true,,true,15,15,0,false,3.612,3.8325,3.967,28,84.433,85.276,86.057,28,false,0
9472,1229,23,46,2024-03-02T16:17:56.678000+00:00,96.008,30.685,41.635,23.688,HARD,3,10,0,9,true,false,false,false,false,false,true,,true,15,15,0,false,3.87,4.287,4.436,26,86.023,86.86,87.875,28,false,0
9472,1229,23,47,2024-03-02T16:19:32.749000+00:00,96.026,30.827,41.57,23.629,HARD,3,11,0,10,true,false,false,false,true,false,false,deleted_lap,true,15,15,0,false,4.315,4.594,4.798,28,87.775,88.9435,89.659,26,false,0
9472,1229,23,48,2024-03-02T16:21:08.670000+00:00,96.135,30.823,41.628,23.684,HARD,3,12,0,11,true,false,false,false,false,false,true,,true,15,15,0,false,4.454,4.65,4.814,28,89.603,90.7105,91.444,28,false,0
9472,1229,23,49,2024-03-02T16:22:44.876000+00:00,97.102,30.816,42.435,23.851,HARD,3,13,0,12,true,false,false,false,true,false,false,deleted_lap,true,15,15,0,false,4.488,4.699,5.347,26,91.403,92.346,94.143,26,false,0
9472,1229,23,50,2024-03-02T16:24:21.942000+00:00,97.616,31.683,42.121,23.812,HARD,3,14,0,13,true,false,false,false,false,false,true,,true,15,15,0,false,5.461,6.377,6.492,27,94.388,94.388,94.388,1,false,0
9472,1229,23,51,2024-03-02T16:25:59.611000+00:00,97.493,30.773,42.878,23.842,HARD,3,15,0,14,true,false,false,false,false,false,true,,true,15,15,0,false,5.893,6.461,6.926,28,,,,0,false,0
9472,1229,23,52,2024-03-02T16:27:37.083000+00:00,96.218,30.895,41.58,23.743,HARD,3,16,0,15,true,false,false,false,false,false,true,,true,15,15,0,false,4.391,5.0815,7.443,28,,,,0,false,0
9472,1229,23,53,2024-03-02T16:29:13.342000+00:00,96.308,30.817,41.683,23.808,HARD,3,17,0,16,true,false,false,false,false,false,true,,true,15,15,0,false,3.939,4.3555,4.85,28,,,,0,false,0
9472,1229,23,54,2024-03-02T16:30:49.550000+00:00,96.334,30.799,41.741,23.794,HARD,3,18,0,17,true,false,false,false,false,false,true,,true,15,15,0,false,3.597,3.9445,4.32,28,,,,0,false,0
9472,1229,23,55,2024-03-02T16:32:25.952000+00:00,96.593,30.861,41.91,23.822,HARD,3,19,0,18,true,false,false,false,false,false,true,,true,15,15,0,false,2.945,3.397,3.944,28,,,,0,false,0
9472,1229,23,56,2024-03-02T16:34:02.560000+00:00,96.922,30.875,42.085,23.962,HARD,3,20,0,19,true,false,false,false,false,false,true,,true,15,15,0,false,2.397,2.8025,3.242,28,,,,0,false,0
9472,1229,24,1,2024-03-02T15:03:42.341000+00:00,105.213,37.343,43.576,24.294,SOFT,1,1,0,0,true,true,false,false,false,true,false,standing_start;neutralised,true,17,13,7,true,0.027,0.518,1.487,26,1.955,6.171,7.573,27,true,12
9472,1229,24,2,2024-03-02T15:05:27.553000+00:00,98.92,31.452,43.135,24.333,SOFT,1,2,0,1,true,false,false,false,false,false,true,,true,13,13,0,false,0.266,0.4265,0.501,28,7.3,9.0445,10.281,28,false,0
9472,1229,24,3,2024-03-02T15:07:06.448000+00:00,98.582,31.044,43.084,24.454,SOFT,1,3,0,2,true,false,false,false,false,false,true,,true,13,13,0,false,0.383,0.508,0.708,26,9.531,11.094,12.05,28,false,0
9472,1229,24,4,2024-03-02T15:08:45.105000+00:00,98.428,30.977,43.004,24.447,SOFT,1,4,0,3,true,false,false,false,false,false,true,,true,13,13,0,false,0.456,0.624,0.738,28,11.455,12.864,13.831,28,false,0
9472,1229,24,5,2024-03-02T15:10:23.479000+00:00,98.798,31.116,43.178,24.504,SOFT,1,5,0,4,true,false,false,false,false,false,true,,true,13,13,0,false,0.465,0.694,0.797,27,13.252,14.4925,15.413,28,false,0
9472,1229,24,6,2024-03-02T15:12:02.417000+00:00,98.488,30.86,43.064,24.564,SOFT,1,6,0,5,true,false,false,false,false,false,true,,true,13,13,0,false,0.567,0.741,0.931,28,14.91,15.86,16.8,28,false,0
9472,1229,24,7,2024-03-02T15:13:40.801000+00:00,99.517,31.488,43.47,24.559,SOFT,1,7,0,6,true,false,false,false,false,false,true,,true,13,13,0,false,0.087,0.5375,1.233,28,16.318,18.417,19.288,27,false,0
9472,1229,24,8,2024-03-02T15:15:20.426000+00:00,99.646,31.786,43.138,24.722,SOFT,1,8,0,7,true,false,false,false,false,false,true,,true,13,13,2,false,0.092,0.55,1.555,27,18.786,20.8545,21.896,28,true,2
9472,1229,24,9,2024-03-02T15:16:59.925000+00:00,101.849,31.33,43.094,27.425,SOFT,1,9,0,8,true,false,true,false,false,false,false,pit_in,true,13,16,3,true,0.363,0.726,1.076,26,21.485,22.7,23.906,27,true,3
9472,1229,24,10,2024-03-02T15:18:41.933000+00:00,119.328,53.287,42.225,23.816,HARD,2,1,0,0,true,false,false,true,false,true,false,pit_out;neutralised,true,16,17,3,true,18.168,20.188,23.505,25,46.987,48.866,49.033,26,true,2
9472,1229,24,11,2024-03-02T15:20:41.091000+00:00,96.365,30.815,41.738,23.812,HARD,2,2,0,1,true,false,false,false,false,false,true,,true,17,16,1,true,15.808,17.414,22.352,26,48.141,48.425,48.854,28,true,1
9472,1229,24,12,2024-03-02T15:22:17.447000+00:00,96.995,31.006,42.207,23.782,HARD,2,3,0,2,true,false,false,false,false,false,true,,true,16,15,1,true,9.658,13.052,13.798,26,48.037,48.1865,48.297,28,true,1
9472,1229,24,13,2024-03-02T15:23:54.484000+00:00,97.436,30.982,42.435,24.019,HARD,2,4,0,3,true,false,false,false,false,false,true,,true,15,13,1,true,3.801,3.945,4.714,26,47.979,48.3975,48.514,26,true,2
9472,1229,24,14,2024-03-02T15:25:31.903000+00:00,97.482,31.086,42.431,23.965,HARD,2,5,0,4,true,false,false,false,false,false,true,,true,13,12,1,true,3.95,4.1425,4.427,26,48.427,48.783,49.018,28,true,1
9472,1229,24,15,2024-03-02T15:27:09.327000+00:00,97.5,31.03,42.429,24.041,HARD,2,6,0,5,true,false,false,false,false,false,true,,true,12,11,1,true,4.241,4.41,4.663,26,48.86,49.264,49.524,28,true,1
9472,1229,24,16,2024-03-02T15:28:46.855000+00:00,97.659,31.166,42.398,24.095,HARD,2,7,0,6,true,false,false,false,false,false,true,,true,11,9,2,true,0.377,4.775,5.231,25,49.292,49.6985,50.016,28,true,2
9472,1229,24,17,2024-03-02T15:30:24.608000+00:00,98.475,31.431,42.856,24.188,HARD,2,8,0,7,true,false,false,false,false,false,true,,true,9,10,1,true,0.09,0.817,5.583,27,48.51,50.877,51.357,28,true,1
9472,1229,24,18,2024-03-02T15:32:03.062000+00:00,97.552,30.919,42.585,24.048,HARD,2,9,0,8,true,false,false,false,false,false,true,,true,10,10,0,false,0.509,0.895,1.106,27,26.474,27.5345,28.232,26,false,0
9472,1229,24,19,2024-03-02T15:33:40.534000+00:00,97.652,30.887,42.658,24.107,HARD,2,10,0,9,true,false,false,false,false,false,true,,true,10,10,0,false,0.735,1.355,1.692,28,27.749,29.326,30.58,26,false,0
9472,1229,24,20,2024-03-02T15:35:18.352000+00:00,97.749,31.239,42.477,24.033,HARD,2,11,0,10,true,false,false,false,false,false,true,,true,10,10,0,false,1.604,1.9415,2.1,28,30.466,32.1435,33.174,28,false,0
9472,1229,24,21,2024-03-02T15:36:56.088000+00:00,97.947,31.22,42.705,24.022,HARD,2,12,0,11,true,false,false,false,false,false,true,,true,10,10,0,false,2.001,2.567,2.733,27,33.076,34.7305,35.804,28,false,0
9472,1229,24,22,2024-03-02T15:38:33.933000+00:00,97.852,31.171,42.584,24.097,HARD,2,13,0,12,true,false,false,false,false,false,true,,true,10,10,0,false,2.625,3.167,3.437,27,35.722,37.3045,38.448,28,false,0
9472,1229,24,23,2024-03-02T15:40:11.864000+00:00,97.788,31.092,42.647,24.049,HARD,2,14,0,13,true,false,false,false,false,false,true,,true,10,10,0,false,3.29,3.746,3.937,27,38.317,39.927,41.02,28,false,0
9472,1229,24,24,2024-03-02T15:41:49.651000+00:00,97.894,31.14,42.602,24.152,HARD,2,15,0,14,true,false,false,false,false,false,true,,true,10,10,0,false,3.894,4.52,4.759,27,40.961,42.459,43.622,28,false,0
9472,1229,24,25,2024-03-02T15:43:27.547000+00:00,97.883,31.246,42.532,24.105,HARD,2,16,0,15,true,false,false,false,false,false,true,,true,10,10,0,false,4.755,5.3705,5.506,28,43.58,45.1785,46.168,28,false,0
9472,1229,24,26,2024-03-02T15:45:05.392000+00:00,97.995,31.266,42.658,24.071,HARD,2,17,0,16,true,false,false,false,false,false,true,,true,10,10,0,false,5.384,5.695,5.853,28,46.101,47.883,48.945,28,false,0
9472,1229,24,27,2024-03-02T15:46:43.373000+00:00,98.053,31.367,42.594,24.092,HARD,2,18,0,17,true,false,false,false,false,false,true,,true,10,10,0,false,5.742,6.66,6.937,28,48.875,50.4715,51.412,28,false,0
9472,1229,24,28,2024-03-02T15:48:21.492000+00:00,100.675,31.279,42.58,26.816,HARD,2,19,0,18,true,false,true,false,false,false,false,pit_in,true,10,11,1,true,6.856,7.2765,7.873,26,51.343,52.758,54.126,27,true,1
9472,1229,24,29,2024-03-02T15:50:02.148000+00:00,117.076,52.137,41.43,23.509,HARD,3,1,0,0,true,false,false,true,false,false,false,pit_out,true,11,17,6,true,5.111,6.3995,7.663,26,76.965,78.001,78.351,26,true,6
9472,1229,24,30,2024-03-02T15:51:59.185000+00:00,95.458,30.674,41.19,23.594,HARD,3,2,0,1,true,false,false,false,false,false,true,,true,17,17,0,false,0.063,3.4235,5.292,28,77.563,77.8,78.032,28,false,0
9472,1229,24,31,2024-03-02T15:53:34.762000+00:00,96.297,30.846,41.644,23.807,HARD,3,3,0,2,true,false,false,false,false,false,true,,true,17,14,2,true,0.14,0.9095,9.429,26,77.482,77.834,78.334,28,true,3
9472,1229,24,32,2024-03-02T15:55:10.879000+00:00,96.048,30.646,41.735,23.667,HARD,3,4,0,3,true,false,false,false,false,false,true,,true,14,14,0,false,7.318,8.702,10.067,28,77.728,78.2795,78.46,28,false,0
9472,1229,24,33,2024-03-02T15:56:47.028000+00:00,97.971,31.535,42.387,24.049,HARD,3,5,0,4,true,false,false,false,false,false,true,,true,14,14,2,false,0.111,0.519,7.52,26,78.334,79.924,80.579,28,true,2
9472,1229,24,34,2024-03-02T15:58:24.865000+00:00,96.518,30.678,41.938,23.902,HARD,3,6,0,5,true,false,false,false,false,false,true,,true,14,14,0,false,0.426,0.75,1.095,28,80.127,80.6315,80.916,28,false,0
9472,1229,24,35,2024-03-02T16:00:01.522000+00:00,96.546,30.612,41.954,23.98,HARD,3,7,0,6,true,false,false,false,false,false,true,,true,14,13,1,true,0.683,1.079,1.396,26,80.503,81.089,81.428,27,true,1
9472,1229,24,36,2024-03-02T16:01:37.947000+00:00,96.931,31.09,41.967,23.874,HARD,3,8,0,7,true,false,false,false,false,false,true,,true,13,12,1,true,1.278,1.984,2.266,27,81.313,81.933,82.199,28,true,1
9472,1229,24,37,2024-03-02T16:03:15.061000+00:00,96.805,30.874,42.13,23.801,HARD,3,9,0,8,true,false,false,false,false,false,true,,true,12,11,1,true,2.119,2.678,3.08,27,79.673,82.362,82.592,28,true,1
9472,1229,24,38,2024-03-02T16:04:51.723000+00:00,96.857,30.915,42.149,23.793,HARD,3,10,0,9,true,false,false,false,false,false,true,,true,11,11,0,false,2.948,3.32,3.556,27,58.957,59.5485,60.087,26,false,0
9472,1229,24,39,2024-03-02T16:06:28.541000+00:00,96.637,30.904,42.006,23.727,HARD,3,11,0,10,true,false,false,false,false,false,true,,true,11,11,0,false,3.442,3.6905,3.832,28,60.045,62.4885,64.114,28,false,0
9472,1229,24,40,2024-03-02T16:08:05.196000+00:00,96.683,30.839,42.094,23.75,HARD,3,12,0,11,true,false,false,false,false,false,true,,true,11,11,0,false,3.729,3.892,4.071,28,63.748,64.067,64.208,26,false,0
9472,1229,24,41,2024-03-02T16:09:42.037000+00:00,96.695,30.827,42.096,23.772,HARD,3,13,0,12,true,false,false,false,false,false,true,,true,11,11,0,false,3.929,4.158,4.402,28,64.077,64.8505,65.613,28,false,0
9472,1229,24,42,2024-03-02T16:11:18.659000+00:00,96.652,31.038,41.86,23.754,HARD,3,14,0,13,true,false,false,false,false,false,true,,true,11,10,1,true,4.31,4.614,4.691,26,65.584,66.718,67.598,27,true,1
9472,1229,24,43,2024-03-02T16:12:55.181000+00:00,96.771,30.877,42.071,23.823,HARD,3,15,0,14,true,false,false,false,false,false,true,,true,10,10,0,false,4.613,4.824,5.152,27,67.505,69.188,70.218,27,false,0
9472,1229,24,44,2024-03-02T16:14:32.091000+00:00,97.417,31.361,42.115,23.941,HARD,3,16,0,15,true,false,false,false,false,false,true,,true,10,11,1,true,0.045,1.315,5.394,28,70.13,72.0135,73.105,28,true,1
9472,1229,24,45,2024-03-02T16:16:09.411000+00:00,96.68,30.867,41.919,23.894,HARD,3,17,0,16,true,false,false,false,false,false,true,,true,11,11,0,false,1.754,2.7905,3.648,28,73.069,74.4275,75.535,28,false,0
9472,1229,24,46,2024-03-02T16:17:46.133000+00:00,96.741,30.966,41.922,23.853,HARD,3,18,0,17,true,false,false,false,false,false,true,,true,11,11,0,false,3.642,4.616,5.263,28,75.531,76.9205,78.083,26,false,0
9472,1229,24,47,2024-03-02T16:19:22.899000+00:00,96.561,30.934,41.792,23.835,HARD,3,19,0,18,true,false,false,false,false,false,true,,true,11,11,0,false,5.241,6.003,6.599,27,78.06,79.409,80.405,28,false,0
9472,1229,24,48,2024-03-02T16:20:59.445000+00:00,96.654,30.98,41.82,23.854,HARD,3,20,0,19,true,false,false,false,false,false,true,,true,11,11,0,false,6.371,6.5095,7.036,28,80.393,81.922,82.709,27,false,0
9472,1229,24,49,2024-03-02T16:22:36.050000+00:00,96.72,30.9,41.995,23.825,HARD,3,21,0,20,true,false,false,false,false,false,true,,true,11,11,0,false,6.237,6.347,6.486,28,82.707,84.0445,85.026,28,false,0
9472,1229,24,50,2024-03-02T16:24:12.795000+00:00,96.792,31.035,41.87,23.887,HARD,3,22,0,21,true,false,false,false,false,false,true,,true,11,11,0,false,6.208,6.454,6.534,26,85.036,86.353,87.035,28,false,0
9472,1229,24,51,2024-03-02T16:25:49.619000+00:00,97.042,31.065,42.026,23.951,HARD,3,23,0,22,true,false,false,false,false,false,true,,true,11,11,0,false,6.452,6.69,6.805,27,87.147,88.743,89.737,28,false,0
9472,1229,24,52,2024-03-02T16:27:26.664000+00:00,97.394,31.205,42.19,23.999,HARD,3,24,0,23,true,false,false,false,false,false,true,,true,11,11,0,false,6.73,6.942,7.241,28,89.754,91.2455,92.225,28,false,0
9472,1229,24,53,2024-03-02T16:29:04.067000+00:00,97.141,31.11,42.136,23.895,HARD,3,25,0,24,true,false,false,false,false,false,true,,true,11,11,0,false,7.186,7.5665,7.733,26,92.265,93.013,93.766,27,false,0
9472,1229,24,54,2024-03-02T16:30:41.267000+00:00,98.389,31.253,43.116,24.02,HARD,3,26,0,25,true,false,false,false,false,false,true,,true,11,11,0,false,7.691,9.072,9.435,28,93.795,94.33,95.132,13,false,0
9472,1229,24,55,2024-03-02T16:32:19.620000+00:00,97.383,31.123,42.185,24.075,HARD,3,27,0,26,true,false,false,false,false,false,true,,true,11,11,0,false,9.345,9.7585,10.13,28,,,,0,false,0
9472,1229,24,56,2024-03-02T16:33:56.961000+00:00,97.333,31.22,42.156,23.957,HARD,3,28,0,27,true,false,false,false,false,false,true,,true,11,11,0,false,10.08,10.674,10.892,28,,,,0,false,0
9472,1229,27,1,2024-03-02T15:03:42.341000+00:00,113.929,40.618,45.619,27.692,SOFT,1,1,0,0,true,true,true,false,false,true,false,standing_start;pit_in;neutralised,true,10,20,23,true,0.097,0.678,2.014,25,1.017,10.4095,13.968,26,true,28
9472,1229,27,2,2024-03-02T15:05:36.269000+00:00,130.911,64.092,42.838,23.981,HARD,2,1,0,0,true,false,false,true,false,false,false,pit_out,true,20,20,0,false,35.41,36.118,36.369,26,48.26,49.9955,50.921,26,false,0
9472,1229,27,3,2024-03-02T15:07:47.290000+00:00,97.317,30.97,42.434,23.913,HARD,2,2,0,1,true,false,false,false,false,false,true,,true,20,20,0,false,35.249,35.553,36.377,27,50.792,50.9055,51.48,28,false,0
9472,1229,27,4,2024-03-02T15:09:24.588000+00:00,97.349,30.901,42.469,23.979,HARD,2,3,0,2,true,false,false,false,false,false,true,,true,20,20,0,false,34.213,34.536,35.714,28,51.354,51.533,52.187,28,false,0
9472,1229,27,5,2024-03-02T15:11:01.949000+00:00,97.663,30.928,42.706,24.029,HARD,2,4,0,3,true,false,false,false,false,false,true,,true,20,20,0,false,32.387,33.792,34.741,27,51.826,52.101,52.648,27,false,0
9472,1229,27,6,2024-03-02T15:12:39.609000+00:00,97.896,31.013,42.852,24.031,HARD,2,5,0,4,true,false,false,false,false,false,true,,true,20,20,0,false,31.11,31.668,32.805,28,52.461,52.8915,53.452,28,false,0
9472,1229,27,7,2024-03-02T15:14:17.531000+00:00,97.682,30.976,42.75,23.956,HARD,2,6,0,5,true,false,false,false,false,false,true,,true,20,20,0,false,30.133,30.7475,31.449,28,53.288,53.7025,54.098,28,false,0
9472,1229,27,8,2024-03-02T15:15:55.237000+00:00,97.82,31.038,42.737,24.045,HARD,2,7,0,6,true,false,false,false,false,false,true,,true,20,20,0,false,28.989,29.7015,30.513,28,53.924,54.3955,54.905,28,false,0
9472,1229,27,9,2024-03-02T15:17:32.972000+00:00,97.883,31.041,42.691,24.151,HARD,2,8,0,7,true,false,false,false,false,true,false,neutralised,true,20,20,0,false,25.844,28.683,29.36,28,54.704,55.0965,55.551,28,false,0
9472,1229,27,10,2024-03-02T15:19:10.914000+00:00,98.37,31.372,42.839,24.159,HARD,2,9,0,8,true,false,false,false,false,true,false,neutralised,true,20,19,1,true,5.239,5.8765,30.64,24,55.349,56.4275,56.958,28,true,1
9472,1229,27,11,2024-03-02T15:20:49.151000+00:00,97.638,31.0,42.573,24.065,HARD,2,10,0,9,true,false,false,false,false,false,true,,true,19,19,0,false,4.533,4.7825,5.759,26,56.775,57.2445,57.512,28,false,0
9472,1229,27,12,2024-03-02T15:22:26.890000+00:00,97.706,30.977,42.629,24.1,HARD,2,11,0,10,true,false,false,false,false,false,true,,true,19,19,0,false,4.633,4.8165,4.999,28,57.331,57.8565,58.171,28,false,0
9472,1229,27,13,2024-03-02T15:24:04.536000+00:00,97.801,31.025,42.677,24.099,HARD,2,12,0,11,true,false,false,false,false,false,true,,true,19,17,3,true,4.669,4.954,5.436,26,57.97,58.631,58.942,28,true,4
9472,1229,27,14,2024-03-02T15:25:42.372000+00:00,97.879,30.998,42.63,24.251,HARD,2,13,0,12,true,false,false,false,false,false,true,,true,17,17,0,false,0.612,0.975,2.219,26,58.736,59.4155,59.804,28,false,0
9472,1229,27,15,2024-03-02T15:27:20.329000+00:00,98.11,31.168,42.609,24.333,HARD,2,14,0,13,true,false,false,false,false,false,true,,true,17,17,0,false,1.081,1.6015,2.227,28,59.571,60.409,60.899,28,false,0
9472,1229,27,16,2024-03-02T15:28:58.432000+00:00,97.796,31.184,42.535,24.077,HARD,2,15,0,14,true,false,false,false,false,false,true,,true,17,17,0,false,2.074,2.693,2.845,28,60.645,61.319,61.56,27,false,0
9472,1229,27,17,2024-03-02T15:30:36.112000+00:00,97.891,31.181,42.572,24.138,HARD,2,16,0,15,true,false,false,false,false,false,true,,true,17,17,0,false,2.811,3.3465,3.446,26,59.508,61.9845,62.262,28,false,0
9472,1229,27,18,2024-03-02T15:32:14.045000+00:00,98.216,31.05,42.946,24.22,HARD,2,17,0,16,true,false,false,false,false,false,true,,true,17,17,0,false,3.394,3.773,3.989,27,37.725,38.809,39.877,26,false,0
9472,1229,27,19,2024-03-02T15:33:52.305000+00:00,97.862,31.07,42.542,24.25,HARD,2,18,0,17,true,false,false,false,false,false,true,,true,17,17,0,false,3.4,3.8075,4.281,28,39.65,41.403,42.453,28,false,0
9472,1229,27,20,2024-03-02T15:35:30.115000+00:00,100.798,31.287,42.578,26.933,HARD,2,19,0,18,true,false,true,false,false,false,false,pit_in,true,17,19,2,true,3.46,3.6995,3.821,26,42.267,44.052,45.525,27,false,0
9472,1229,27,21,2024-03-02T15:37:10.892000+00:00,118.699,51.92,42.869,23.91,HARD,3,1,0,0,true,false,false,true,false,false,false,pit_out,true,19,19,0,false,21.588,22.0305,22.273,26,68.319,70.222,71.472,26,false,0
9472,1229,27,22,2024-03-02T15:39:09.628000+00:00,96.858,30.754,42.343,23.761,HARD,3,2,0,1,true,false,false,false,false,false,true,,true,19,19,0,false,20.818,21.177,22.081,28,71.392,72.2295,73.128,28,false,0
9472,1229,27,23,2024-03-02T15:40:46.560000+00:00,96.725,30.667,42.271,23.787,HARD,3,3,0,2,true,false,false,false,false,false,true,,true,19,19,0,false,19.446,19.94,21.061,28,73.011,73.6975,74.635,28,false,0
9472,1229,27,24,2024-03-02T15:42:23.282000+00:00,96.626,30.673,42.224,23.729,HARD,3,4,0,3,true,false,false,false,false,false,true,,true,19,19,0,false,17.881,18.5825,19.69,28,74.586,75.2685,75.975,28,false,0
9472,1229,27,25,2024-03-02T15:43:59.869000+00:00,96.652,30.667,42.124,23.861,HARD,3,5,0,4,true,false,false,false,false,false,true,,true,19,19,0,false,16.373,16.9105,18.107,28,75.902,76.572,77.295,28,false,0
9472,1229,27,26,2024-03-02T15:45:36.511000+00:00,96.548,30.619,42.152,23.777,HARD,3,6,0,5,true,false,false,false,false,false,true,,true,19,19,0,false,14.537,15.2795,16.596,28,77.15,77.896,78.609,28,false,0
9472,1229,27,27,2024-03-02T15:47:12.970000+00:00,96.647,30.719,41.983,23.945,HARD,3,7,0,6,true,false,false,false,false,false,true,,true,19,19,0,false,12.789,13.843,24.749,28,78.508,79.0825,79.687,28,false,0
9472,1229,27,28,2024-03-02T15:48:49.656000+00:00,97.254,31.001,42.31,23.943,HARD,3,8,0,7,true,false,false,false,false,false,true,,true,19,19,0,false,1.415,2.0015,2.724,26,79.603,80.7095,81.486,28,false,0
9472,1229,27,29,2024-03-02T15:50:27.021000+00:00,96.837,30.844,42.049,23.944,HARD,3,9,0,8,true,false,false,false,false,false,true,,true,19,19,0,false,2.624,3.093,3.701,28,81.322,82.0145,82.498,28,false,0
9472,1229,27,30,2024-03-02T15:52:03.821000+00:00,96.691,30.738,41.973,23.98,HARD,3,10,0,9,true,false,false,false,false,false,true,,true,19,19,0,false,3.791,4.208,4.761,28,82.345,82.9875,83.424,28,false,0
9472,1229,27,31,2024-03-02T15:53:40.475000+00:00,96.578,30.717,41.966,23.895,HARD,3,11,0,10,true,false,false,false,false,false,true,,true,19,17,1,true,3.72,4.946,6.249,26,83.247,83.884,84.35,28,true,2
9472,1229,27,32,2024-03-02T15:55:17.012000+00:00,96.935,30.961,41.987,23.987,HARD,3,12,0,11,true,false,false,false,false,false,true,,true,17,16,1,true,5.382,5.9025,16.851,26,84.108,84.9255,85.372,28,false,0
9472,1229,27,33,2024-03-02T15:56:53.866000+00:00,96.784,30.819,41.983,23.982,HARD,3,13,0,12,true,false,false,false,false,false,true,,true,16,15,1,true,5.727,5.905,6.905,26,85.272,85.872,86.306,26,true,1
9472,1229,27,34,2024-03-02T15:58:30.792000+00:00,96.692,30.777,41.947,23.968,HARD,3,14,0,13,true,false,false,false,false,false,true,,true,15,15,0,false,5.743,5.9285,6.056,28,86.134,86.4985,86.852,28,false,0
9472,1229,27,35,2024-03-02T16:00:07.559000+00:00,96.959,30.812,42.04,24.107,HARD,3,15,0,14,true,false,false,false,false,false,true,,true,15,14,1,true,5.992,6.226,10.346,25,86.726,87.266,87.79,27,true,1
9472,1229,27,36,2024-03-02T16:01:44.289000+00:00,96.795,30.86,41.931,24.004,HARD,3,16,0,15,true,false,false,false,false,false,true,,true,14,13,1,true,6.044,6.179,11.357,26,87.672,88.006,88.38,28,true,1
9472,1229,27,37,2024-03-02T16:03:21.152000+00:00,96.723,30.847,41.94,23.936,HARD,3,17,0,16,true,false,false,false,false,false,true,,true,13,12,1,true,6.073,6.159,6.258,26,85.86,88.495,88.705,27,true,1
9472,1229,27,38,2024-03-02T16:04:57.918000+00:00,100.083,32.593,42.653,24.837,HARD,3,18,0,17,true,false,false,false,false,false,true,,true,12,14,2,true,0.034,1.2765,6.589,28,65.214,67.742,69.521,26,true,2
9472,1229,27,39,2024-03-02T16:06:38.093000+00:00,97.476,30.911,42.495,24.07,HARD,3,19,0,18,true,false,false,false,false,false,true,,true,14,14,0,false,0.279,1.321,1.999,28,69.071,72.2085,74.374,28,false,0
9472,1229,27,40,2024-03-02T16:08:15.527000+00:00,97.088,,42.126,24.051,HARD,3,20,0,19,false,false,false,false,false,false,false,missing_timing,true,14,14,0,false,1.88,2.328,2.816,28,74.095,74.5025,74.868,28,false,0
9472,1229,27,41,2024-03-02T16:09:52.708000+00:00,99.569,30.889,42.038,26.642,HARD,3,21,0,20,true,false,true,false,false,false,false,pit_in,true,14,15,1,true,2.752,3.204,3.727,27,74.669,75.542,76.664,27,true,1
9472,1229,27,42,2024-03-02T16:11:32.243000+00:00,116.108,50.894,41.664,23.55,SOFT,4,1,0,0,true,false,false,true,false,false,false,pit_out,true,15,18,3,true,9.753,10.035,10.351,26,,,,0,true,3
9472,1229,27,43,2024-03-02T16:13:28.286000+00:00,95.76,30.369,41.852,23.539,SOFT,4,2,0,1,true,false,false,false,false,false,true,,true,18,18,0,false,6.222,8.939,9.714,28,,,,0,false,0
9472,1229,27,44,2024-03-02T16:15:04.002000+00:00,95.59,30.232,41.871,23.487,SOFT,4,3,0,2,true,false,false,false,false,false,true,,true,18,17,1,true,11.199,11.5585,12.226,26,,,,0,true,1
9472,1229,27,45,2024-03-02T16:16:39.522000+00:00,95.119,30.234,41.321,23.564,SOFT,4,4,0,3,true,false,false,false,false,false,true,,true,17,17,0,false,8.387,9.9835,11.269,28,,,,0,false,0
9472,1229,27,46,2024-03-02T16:18:14.684000+00:00,94.834,30.17,41.145,23.519,SOFT,4,5,0,4,true,false,false,false,false,false,true,,true,17,17,0,false,6.246,6.8885,8.348,28,,,,0,false,0
9472,1229,27,47,2024-03-02T16:19:49.689000+00:00,95.226,30.362,41.251,23.613,SOFT,4,6,0,5,true,false,false,false,false,false,true,,true,17,17,0,false,4.816,5.345,6.197,27,,,,0,false,0
9472,1229,27,48,2024-03-02T16:21:24.766000+00:00,95.146,30.228,41.355,23.563,SOFT,4,7,0,6,true,false,false,false,false,false,true,,true,17,17,0,false,2.845,3.503,4.757,28,,,,0,false,0
9472,1229,27,49,2024-03-02T16:22:59.921000+00:00,95.494,30.323,41.489,23.682,SOFT,4,8,0,7,true,false,false,false,false,false,true,,true,17,17,0,false,0.613,1.2235,2.778,28,,,,0,false,0
9472,1229,27,50,2024-03-02T16:24:35.505000+00:00,95.167,30.13,41.402,23.635,SOFT,4,9,0,8,true,false,false,false,false,false,true,,true,17,16,1,true,0.083,11.26,12.16,27,,,,0,true,1
9472,1229,27,51,2024-03-02T16:26:10.559000+00:00,95.529,30.411,41.374,23.744,SOFT,4,10,0,9,true,false,false,false,false,false,true,,true,16,16,0,false,9.082,10.028,11.032,28,,,,0,false,0
9472,1229,27,52,2024-03-02T16:27:46.189000+00:00,95.921,30.525,41.612,23.784,SOFT,4,11,0,10,true,false,false,false,false,false,true,,true,16,16,0,false,8.706,8.822,9.06,27,,,,0,false,0
9472,1229,27,53,2024-03-02T16:29:22.022000+00:00,95.994,30.629,41.595,23.77,SOFT,4,12,0,11,true,false,false,false,false,false,true,,true,16,16,0,false,8.452,8.59,8.771,27,,,,0,false,0
9472,1229,27,54,2024-03-02T16:30:58.101000+00:00,95.786,30.557,41.436,23.793,SOFT,4,13,0,12,true,false,false,false,false,false,true,,true,16,16,0,false,7.921,8.106,8.454,28,,,,0,false,0
9472,1229,27,55,2024-03-02T16:32:33.937000+00:00,95.736,30.629,41.384,23.723,SOFT,4,14,0,13,true,false,false,false,false,false,true,,true,16,16,0,false,6.992,7.34,7.923,27,,,,0,false,0
9472,1229,27,56,2024-03-02T16:34:09.616000+00:00,95.602,30.546,41.304,23.752,SOFT,4,15,0,14,true,false,false,false,false,false,true,,true,16,16,0,false,5.74,6.363,7.112,28,,,,0,false,0
9472,1229,31,1,2024-03-02T15:03:42.341000+00:00,107.083,39.278,43.42,24.385,SOFT,1,1,0,0,true,true,false,false,false,true,false,standing_start;neutralised,true,19,16,9,true,0.056,0.537,0.736,24,2.179,8.095,9.377,27,true,15
9472,1229,31,2,2024-03-02T15:05:29.423000+00:00,99.094,32.005,42.719,24.37,SOFT,1,2,0,1,true,false,false,false,false,false,true,,true,16,16,0,false,0.572,0.8265,1.523,28,9.319,11.157,12.199,28,false,0
9472,1229,31,3,2024-03-02T15:07:08.536000+00:00,98.771,31.255,43.007,24.509,SOFT,1,3,0,2,true,false,false,false,false,false,true,,true,16,16,0,false,0.536,0.656,0.896,27,11.719,13.1485,14.225,28,false,0
9472,1229,31,4,2024-03-02T15:08:47.391000+00:00,98.625,31.246,42.915,24.464,SOFT,1,4,0,3,true,false,false,false,false,false,true,,true,16,16,0,false,0.585,0.683,0.936,28,13.768,15.1725,16.194,28,false,0
9472,1229,31,5,2024-03-02T15:10:25.925000+00:00,98.64,31.171,42.891,24.578,SOFT,1,5,0,4,true,false,false,false,false,false,true,,true,16,16,0,false,0.496,0.639,0.808,27,15.724,16.6975,17.665,28,false,0
9472,1229,31,6,2024-03-02T15:12:04.606000+00:00,98.874,31.245,42.978,24.651,SOFT,1,6,0,5,true,false,false,false,false,false,true,,true,16,16,0,false,0.506,0.706,0.829,26,17.192,18.48,19.435,28,false,0
9472,1229,31,7,2024-03-02T15:13:43.401000+00:00,99.152,31.404,43.089,24.659,SOFT,1,7,0,6,true,false,false,false,false,false,true,,true,16,16,0,false,0.543,0.68,0.791,27,19.033,20.517,21.558,28,false,0
9472,1229,31,8,2024-03-02T15:15:22.699000+00:00,99.422,31.252,43.382,24.788,SOFT,1,8,0,7,true,false,false,false,false,false,true,,true,16,16,0,false,0.335,0.5535,0.779,28,21.096,22.471,23.951,27,false,0
9472,1229,31,9,2024-03-02T15:17:01.994000+00:00,99.312,31.189,43.409,24.714,SOFT,1,9,0,8,true,false,false,false,false,false,true,,true,16,15,1,true,0.486,0.551,0.658,27,23.492,24.827,26.037,27,true,1
9472,1229,31,10,2024-03-02T15:18:41.340000+00:00,101.642,31.308,42.956,27.378,SOFT,1,10,0,9,true,false,true,false,false,true,false,pit_in;neutralised,true,15,16,3,true,0.502,0.6025,0.74,26,25.627,26.98,28.012,27,true,3
9472,1229,31,11,2024-03-02T15:20:22.824000+00:00,119.014,52.676,42.347,23.991,HARD,2,1,0,0,true,false,false,true,false,false,false,pit_out,true,16,18,2,true,0.579,2.321,2.662,26,51.091,52.491,52.691,25,true,1
9472,1229,31,12,2024-03-02T15:22:21.966000+00:00,97.599,31.175,42.399,24.025,HARD,2,2,0,1,true,false,false,false,false,false,true,,true,18,18,0,false,1.567,1.893,2.688,27,52.627,53.0585,53.218,28,false,0
9472,1229,31,13,2024-03-02T15:23:59.651000+00:00,97.363,31.319,42.14,23.904,HARD,2,3,0,2,true,false,false,false,false,false,true,,true,18,16,1,true,1.984,2.377,2.718,27,53.173,53.541,53.781,27,true,2
9472,1229,31,14,2024-03-02T15:25:36.904000+00:00,97.537,31.174,42.329,24.034,HARD,2,4,0,3,true,false,false,false,false,false,true,,true,16,15,1,true,2.278,2.693,3.029,26,53.464,53.9545,54.063,28,true,1
9472,1229,31,15,2024-03-02T15:27:14.411000+00:00,97.843,31.282,42.383,24.178,HARD,2,5,0,4,true,false,false,false,false,false,true,,true,15,15,0,false,1.693,2.164,2.941,28,54.017,54.678,54.865,26,false,0
9472,1229,31,16,2024-03-02T15:28:52.320000+00:00,97.902,31.35,42.448,24.104,HARD,2,6,0,5,true,false,false,false,false,false,true,,true,15,14,1,true,0.317,2.139,2.537,26,54.756,55.456,55.61,28,true,1
9472,1229,31,17,2024-03-02T15:30:30.104000+00:00,98.911,31.653,43.083,24.175,HARD,2,7,0,6,true,false,false,false,false,false,true,,true,14,15,1,true,0.117,0.8395,2.532,28,54.599,56.994,57.376,28,true,1
9472,1229,31,18,2024-03-02T15:32:09.135000+00:00,98.12,31.12,42.845,24.155,HARD,2,8,0,7,true,false,false,false,false,false,true,,true,15,15,0,false,0.647,1.084,1.459,27,32.735,33.9115,34.865,24,false,0
9472,1229,31,19,2024-03-02T15:33:47.226000+00:00,98.332,31.57,42.478,24.284,HARD,2,9,0,8,true,false,false,false,false,false,true,,true,15,15,0,false,1.423,1.7315,2.022,28,34.806,36.777,37.914,28,false,0
9472,1229,31,20,2024-03-02T15:35:25.673000+00:00,98.185,31.445,42.472,24.268,HARD,2,10,0,9,true,false,false,false,false,false,true,,true,15,15,0,false,2.006,2.219,2.506,28,37.919,39.7355,40.939,28,false,0
9472,1229,31,21,2024-03-02T15:37:03.773000+00:00,99.363,31.9,43.094,24.369,HARD,2,11,0,10,true,false,false,false,false,false,true,,true,15,16,1,true,0.212,1.0925,2.735,28,40.954,43.59,44.986,28,true,1
9472,1229,31,22,2024-03-02T15:38:43.144000+00:00,98.655,31.553,42.777,24.325,HARD,2,12,0,11,true,false,false,false,false,false,true,,true,16,16,0,false,1.243,1.885,2.131,28,44.983,47.011,48.437,28,false,0
9472,1229,31,23,2024-03-02T15:40:21.786000+00:00,98.407,31.49,42.677,24.24,HARD,2,13,0,12,true,false,false,false,false,false,true,,true,16,16,0,false,2.16,2.6775,2.78,28,48.451,50.2765,51.628,28,false,0
9472,1229,31,24,2024-03-02T15:42:00.215000+00:00,98.42,31.474,42.691,24.255,HARD,2,14,0,13,true,false,false,false,false,false,true,,true,16,16,0,false,2.8,3.339,3.534,27,51.645,53.429,54.759,28,false,0
9472,1229,31,25,2024-03-02T15:43:38.634000+00:00,98.494,31.546,42.7,24.248,HARD,2,15,0,14,true,false,false,false,false,false,true,,true,16,16,0,false,3.464,3.9155,4.066,28,54.782,56.682,57.911,28,false,0
9472,1229,31,26,2024-03-02T15:45:17.255000+00:00,98.665,31.521,42.891,24.253,HARD,2,16,0,15,true,false,false,false,false,false,true,,true,16,16,0,false,3.99,4.564,4.811,28,57.932,59.9785,61.353,28,false,0
9472,1229,31,27,2024-03-02T15:46:55.750000+00:00,98.549,31.543,42.749,24.257,HARD,2,17,0,16,true,false,false,false,false,false,true,,true,16,16,0,false,4.623,4.9,5.077,28,61.381,63.104,64.321,28,false,0
9472,1229,31,28,2024-03-02T15:48:34.320000+00:00,98.372,31.492,42.678,24.202,HARD,2,18,0,17,true,false,false,false,false,false,true,,true,16,15,1,true,5.164,5.339,5.487,26,64.342,66.1,67.216,28,true,1
9472,1229,31,29,2024-03-02T15:50:12.684000+00:00,98.556,31.562,42.663,24.331,HARD,2,19,0,18,true,false,false,false,false,false,true,,true,15,14,1,true,5.467,5.8155,5.949,26,67.232,68.853,69.979,28,true,1
9472,1229,31,30,2024-03-02T15:51:51.294000+00:00,101.21,31.546,42.7,26.964,HARD,2,20,0,19,true,false,true,false,false,false,false,pit_in,true,14,14,0,false,5.95,6.361,6.496,27,70.003,71.465,72.787,27,false,0
9472,1229,31,31,2024-03-02T15:53:32.529000+00:00,119.322,52.935,42.397,23.99,HARD,3,1,0,0,true,false,false,true,false,false,false,pit_out,true,14,18,4,true,12.836,14.517,21.216,26,,,,0,true,4
9472,1229,31,32,2024-03-02T15:55:31.848000+00:00,96.887,31.059,41.959,23.869,HARD,3,2,0,1,true,false,false,false,false,false,true,,true,18,17,1,true,14.684,14.814,31.688,26,,,,0,true,1
9472,1229,31,33,2024-03-02T15:57:08.646000+00:00,96.704,30.989,41.875,23.84,HARD,3,3,0,2,true,false,false,false,false,false,true,,true,17,17,0,false,8.401,8.734,9.299,26,,,,0,false,0
9472,1229,31,34,2024-03-02T15:58:45.414000+00:00,96.226,30.898,41.549,23.779,HARD,3,4,0,3,true,false,false,false,false,false,true,,true,17,17,0,false,9.118,9.5065,9.73,28,,,,0,false,0
9472,1229,31,35,2024-03-02T16:00:21.630000+00:00,96.354,31.008,41.594,23.752,HARD,3,5,0,4,true,false,false,false,false,false,true,,true,17,17,0,false,9.786,10.1965,23.877,28,,,,0,false,0
9472,1229,31,36,2024-03-02T16:01:57.997000+00:00,97.229,31.212,42.148,23.869,HARD,3,6,0,5,true,false,false,false,false,false,true,,true,17,17,0,false,0.64,1.265,1.686,25,,,,0,false,0
9472,1229,31,37,2024-03-02T16:03:35.199000+00:00,96.58,31.059,41.755,23.766,HARD,3,7,0,6,true,false,false,false,false,false,true,,true,17,17,0,false,1.594,1.75,2.026,28,99.702,102.562,102.647,28,false,0
9472,1229,31,38,2024-03-02T16:05:11.746000+00:00,96.814,31.07,41.869,23.875,HARD,3,8,0,7,true,false,false,false,false,false,true,,true,17,17,0,false,1.846,2.297,2.499,28,79.072,79.5645,80.071,26,false,0
9472,1229,31,39,2024-03-02T16:06:48.529000+00:00,96.552,31.088,41.717,23.747,HARD,3,9,0,8,true,false,false,false,false,false,true,,true,17,17,0,false,2.539,2.88,3.195,28,80.088,82.5285,84.015,28,false,0
9472,1229,31,40,2024-03-02T16:08:25.243000+00:00,96.608,31.053,41.754,23.801,HARD,3,10,0,9,true,false,false,false,false,false,true,,true,17,17,0,false,3.237,3.671,4.08,28,83.717,83.9905,84.158,28,false,0
9472,1229,31,41,2024-03-02T16:10:01.749000+00:00,96.621,31.034,41.826,23.761,HARD,3,11,0,10,true,false,false,false,false,false,true,,true,17,17,0,false,4.122,4.5555,4.816,28,83.997,84.6925,85.365,28,false,0
9472,1229,31,42,2024-03-02T16:11:38.442000+00:00,96.592,31.025,41.766,23.801,HARD,3,12,0,11,true,false,false,false,false,false,true,,true,17,16,1,true,4.923,5.3035,5.609,26,85.382,86.3525,87.29,28,true,1
9472,1229,31,43,2024-03-02T16:13:14.889000+00:00,96.679,31.035,41.852,23.792,HARD,3,13,0,12,true,false,false,false,false,false,true,,true,16,16,0,false,5.653,6.116,6.522,28,87.322,88.8845,89.818,28,false,0
9472,1229,31,44,2024-03-02T16:14:51.684000+00:00,96.649,31.094,41.772,23.783,HARD,3,14,0,13,true,false,false,false,false,false,true,,true,16,16,0,false,6.565,7.1795,7.388,28,89.82,91.132,91.936,28,false,0
9472,1229,31,45,2024-03-02T16:16:28.293000+00:00,98.049,31.188,43.027,23.834,HARD,3,15,0,14,true,false,false,false,false,false,true,,true,16,16,0,false,7.431,8.2395,9.679,28,91.976,92.7135,93.904,16,false,0
9472,1229,31,46,2024-03-02T16:18:06.358000+00:00,96.975,31.151,42.048,23.776,HARD,3,16,0,15,true,false,false,false,false,false,true,,true,16,16,0,false,9.704,10.3925,10.678,28,,,,0,false,0
9472,1229,31,47,2024-03-02T16:19:43.361000+00:00,96.656,31.026,41.861,23.769,HARD,3,17,0,16,true,false,false,false,false,false,true,,true,16,16,0,false,10.678,11.005,11.276,28,,,,0,false,0
9472,1229,31,48,2024-03-02T16:21:19.998000+00:00,97.117,31.177,42.045,23.895,HARD,3,18,0,17,true,false,false,false,false,false,true,,true,16,16,0,false,11.306,11.873,12.258,28,,,,0,false,0
9472,1229,31,49,2024-03-02T16:22:57.091000+00:00,97.726,31.483,42.304,23.939,HARD,3,19,0,18,true,false,false,false,false,false,true,,true,16,16,0,false,12.302,12.868,13.27,27,,,,0,false,0
9472,1229,31,50,2024-03-02T16:24:34.906000+00:00,97.784,31.552,42.293,23.939,HARD,3,20,0,19,true,false,false,false,false,false,true,,true,16,17,1,true,0.332,1.6565,12.665,28,,,,0,true,1
9472,1229,31,51,2024-03-02T16:26:12.693000+00:00,97.091,31.083,42.138,23.87,HARD,3,21,0,20,true,false,false,false,false,false,true,,true,17,17,0,false,2.052,2.988,3.566,27,,,,0,false,0
9472,1229,31,52,2024-03-02T16:27:49.828000+00:00,98.631,31.094,42.116,25.421,HARD,3,22,0,21,true,false,false,false,false,false,true,,true,17,17,0,false,3.617,4.2725,6.276,28,,,,0,false,0
9472,1229,31,53,2024-03-02T16:29:28.346000+00:00,97.145,31.023,42.181,23.941,HARD,3,23,0,22,true,false,false,false,false,false,true,,true,17,17,0,false,6.088,6.9365,7.427,28,,,,0,false,0
9472,1229,31,54,2024-03-02T16:31:05.424000+00:00,98.707,32.402,42.373,23.932,HARD,3,24,0,23,true,false,false,false,false,false,true,,true,17,17,0,false,7.475,9.836,10.348,28,,,,0,false,0
9472,1229,31,55,2024-03-02T16:32:44.165000+00:00,97.393,31.146,42.266,23.981,HARD,3,25,0,24,true,false,false,false,false,false,true,,true,17,17,0,false,10.399,11.152,12.039,27,,,,0,false,0
9472,1229,31,56,2024-03-02T16:34:21.985000+00:00,97.415,31.133,42.224,24.058,HARD,3,26,0,25,true,false,false,false,false,false,true,,true,17,17,0,false,12.042,13.0435,13.818,28,,,,0,false,0
9472,1229,44,1,2024-03-02T15:03:42.341000+00:00,103.452,35.45,43.609,24.393,SOFT,1,1,3,3,true,true,false,false,false,true,false,standing_start;neutralised,true,9,9,9,false,0.024,0.335,0.599,27,0.256,4.304,5.849,27,true,14
9472,1229,44,2,2024-03-02T15:05:25.792000+00:00,98.273,31.287,42.893,24.093,SOFT,1,2,3,4,true,false,false,false,false,false,true,,true,9,9,0,false,0.399,0.53,0.689,27,5.663,6.9995,7.867,28,false,0
9472,1229,44,3,2024-03-02T15:07:04.200000+00:00,98.303,31.062,43.099,24.142,SOFT,1,3,3,5,true,false,false,false,false,false,true,,true,9,9,0,false,0.323,0.43,0.564,28,7.311,8.6175,9.481,28,false,0
9472,1229,44,4,2024-03-02T15:08:42.487000+00:00,98.287,30.983,43.146,24.158,SOFT,1,4,3,6,true,false,false,false,false,false,true,,true,9,9,0,false,0.354,0.58,0.953,28,8.919,10.203,11.069,28,false,0
9472,1229,44,5,2024-03-02T15:10:20.703000+00:00,98.35,31.14,43.01,24.2,SOFT,1,5,3,7,true,false,false,false,false,false,true,,true,9,9,0,false,0.468,0.6435,1.125,28,10.591,11.5295,12.252,28,false,0
9472,1229,44,6,2024-03-02T15:11:59.143000+00:00,98.183,31.124,42.887,24.172,SOFT,1,6,3,8,true,false,false,false,false,false,true,,true,9,9,0,false,0.423,0.644,0.812,28,11.751,12.844,13.308,28,false,0
9472,1229,44,7,2024-03-02T15:13:37.347000+00:00,97.839,30.829,42.823,24.187,SOFT,1,7,3,9,true,false,false,false,false,false,true,,true,9,9,0,false,0.483,0.639,0.77,28,12.866,13.5705,14.112,28,false,0
9472,1229,44,8,2024-03-02T15:15:15.137000+00:00,98.221,31.079,42.886,24.256,SOFT,1,8,3,10,true,false,false,false,false,false,true,,true,9,9,0,false,0.411,0.632,0.772,28,13.583,14.646,15.3,27,false,0
9472,1229,44,9,2024-03-02T15:16:53.452000+00:00,98.645,31.088,43.171,24.386,SOFT,1,9,3,11,true,false,false,false,false,false,true,,true,9,9,0,false,0.232,0.43,0.623,28,14.894,16.1145,16.762,28,false,0
9472,1229,44,10,2024-03-02T15:18:32.076000+00:00,98.037,30.931,42.821,24.285,SOFT,1,10,3,12,true,false,false,false,false,true,false,neutralised,true,9,8,1,true,0.057,2.188,2.29,28,16.116,17.272,17.766,28,true,1
9472,1229,44,11,2024-03-02T15:20:09.948000+00:00,98.236,31.279,42.819,24.138,SOFT,1,11,3,13,true,false,false,false,false,false,true,,true,8,8,0,false,2.091,2.2745,2.429,28,17.71,18.5555,18.93,28,false,0
9472,1229,44,12,2024-03-02T15:21:48.265000+00:00,100.889,31.206,42.881,26.802,SOFT,1,12,3,14,true,false,true,false,false,false,false,pit_in,true,8,7,2,true,1.911,2.0745,2.18,26,18.811,19.651,20.324,27,true,3
9472,1229,44,13,2024-03-02T15:23:29.125000+00:00,118.645,52.396,42.491,23.758,HARD,2,1,0,0,true,false,false,true,false,false,false,pit_out,true,7,12,5,true,1.895,2.079,2.263,26,43.326,44.46,44.621,25,true,5
9472,1229,44,14,2024-03-02T15:25:27.851000+00:00,97.178,31.073,42.404,23.701,HARD,2,2,0,1,true,false,false,false,false,false,true,,true,12,11,1,true,2.222,2.6025,2.711,26,44.357,44.6625,44.925,28,true,1
9472,1229,44,15,2024-03-02T15:27:04.916000+00:00,97.264,31.095,42.315,23.854,HARD,2,3,0,2,true,false,false,false,false,false,true,,true,11,10,1,true,2.567,2.9365,3.125,26,44.499,44.8705,45.051,28,true,1
9472,1229,44,16,2024-03-02T15:28:42.195000+00:00,97.091,31.165,42.207,23.719,HARD,2,4,0,3,true,false,false,false,false,false,true,,true,10,8,1,true,3.167,3.687,3.838,26,44.7,44.8845,45.123,26,true,2
9472,1229,44,17,2024-03-02T15:30:19.310000+00:00,97.111,30.738,42.64,23.733,HARD,2,5,0,4,true,false,false,false,false,false,true,,true,8,8,0,false,3.553,3.8625,4.075,28,41.915,44.66,44.987,28,false,0
9472,1229,44,18,2024-03-02T15:31:56.534000+00:00,96.85,30.825,42.221,23.804,HARD,2,6,0,5,true,false,false,false,false,false,true,,true,8,8,0,false,3.703,3.849,4.005,28,19.923,20.631,21.121,26,false,0
9472,1229,44,19,2024-03-02T15:33:33.304000+00:00,96.694,30.848,42.131,23.715,HARD,2,7,0,6,true,false,false,false,false,false,true,,true,8,8,0,false,3.695,3.853,4.005,27,20.74,21.9695,22.33,28,false,0
9472,1229,44,20,2024-03-02T15:35:10.110000+00:00,96.264,30.768,41.794,23.702,HARD,2,8,0,7,true,false,false,false,false,false,true,,true,8,8,0,false,3.44,3.6115,3.919,28,22.192,23.0785,23.435,28,false,0
9472,1229,44,21,2024-03-02T15:36:46.273000+00:00,96.51,30.757,42.003,23.75,HARD,2,9,0,8,true,false,false,false,false,false,true,,true,8,8,0,false,3.217,3.356,3.458,28,23.316,24.1705,24.631,28,false,0
9472,1229,44,22,2024-03-02T15:38:22.863000+00:00,96.633,30.733,42.141,23.759,HARD,2,10,0,9,true,false,false,false,false,false,true,,true,8,8,0,false,3.043,3.271,3.41,28,24.533,25.5375,26.059,28,false,0
9472,1229,44,23,2024-03-02T15:39:59.469000+00:00,96.717,30.884,42.063,23.77,HARD,2,11,0,10,true,false,false,false,false,false,true,,true,8,8,0,false,3.221,3.3195,3.394,28,25.93,27.04,27.561,28,false,0
9472,1229,44,24,2024-03-02T15:41:36.136000+00:00,96.666,30.826,42.1,23.74,HARD,2,12,0,11,true,false,false,false,false,false,true,,true,8,8,0,false,3.045,3.2735,3.474,28,27.474,28.4575,28.937,28,false,0
9472,1229,44,25,2024-03-02T15:43:12.785000+00:00,96.919,31.037,42.09,23.792,HARD,2,13,0,12,true,false,false,false,false,false,true,,true,8,8,0,false,3.028,3.129,3.267,27,28.844,29.971,30.513,26,false,0
9472,1229,44,26,2024-03-02T15:44:49.842000+00:00,96.714,30.847,42.095,23.772,HARD,2,14,0,13,true,false,false,false,false,false,true,,true,8,8,0,false,2.857,2.996,3.081,27,30.436,31.547,32.009,28,false,0
9472,1229,44,27,2024-03-02T15:46:26.503000+00:00,97.201,30.891,42.39,23.92,HARD,2,15,0,14,true,false,false,false,true,false,false,deleted_lap,true,8,8,0,false,2.711,2.852,3.196,27,31.923,32.67,33.627,27,false,0
9472,1229,44,28,2024-03-02T15:48:03.649000+00:00,96.692,30.907,41.948,23.837,HARD,2,16,0,15,true,false,false,false,false,false,true,,true,8,8,0,false,2.94,3.063,3.183,28,33.508,34.4285,34.852,28,false,0
9472,1229,44,29,2024-03-02T15:49:40.397000+00:00,96.786,30.897,42.023,23.866,HARD,2,17,0,16,true,false,false,false,false,false,true,,true,8,8,0,false,2.547,2.821,2.956,28,34.734,35.544,35.835,28,false,0
9472,1229,44,30,2024-03-02T15:51:17.081000+00:00,97.244,30.945,42.37,23.929,HARD,2,18,0,17,true,false,false,false,false,false,true,,true,8,8,0,false,2.429,2.579,2.769,27,35.72,36.708,37.307,28,false,0
9472,1229,44,31,2024-03-02T15:52:54.392000+00:00,96.975,30.837,42.175,23.963,HARD,2,19,0,18,true,false,false,false,false,false,true,,true,8,8,0,false,2.019,2.247,2.598,27,37.198,37.889,38.629,27,false,0
9472,1229,44,32,2024-03-02T15:54:31.271000+00:00,97.325,31.076,42.235,24.014,HARD,2,20,0,19,true,false,false,false,false,false,true,,true,8,7,1,true,1.985,2.188,2.281,27,38.505,39.5825,40.045,28,true,1
9472,1229,44,33,2024-03-02T15:56:08.561000+00:00,99.696,30.937,42.399,26.36,HARD,2,21,0,20,true,false,true,false,false,false,false,pit_in,true,7,7,0,false,2.054,2.226,2.474,27,39.939,40.785,41.532,27,false,0
9472,1229,44,34,2024-03-02T15:57:48.320000+00:00,114.974,50.966,40.903,23.105,HARD,3,1,0,0,true,false,false,true,false,false,false,pit_out,true,7,9,2,true,4.436,5.169,5.712,26,62.705,63.5485,64.242,26,true,2
9472,1229,44,35,2024-03-02T15:59:43.463000+00:00,95.489,30.776,41.304,23.409,HARD,3,2,0,1,true,false,false,false,false,false,true,,true,9,8,1,true,0.223,5.08,5.474,25,62.176,62.5585,62.994,28,true,1
9472,1229,44,36,2024-03-02T16:01:18.768000+00:00,95.279,30.303,41.653,23.323,HARD,3,3,0,2,true,false,false,false,false,false,true,,true,8,8,0,false,3.822,5.323,5.779,27,61.25,61.737,62.15,28,false,0
9472,1229,44,37,2024-03-02T16:02:54.111000+00:00,95.597,30.384,41.575,23.638,HARD,3,4,0,3,true,false,false,false,false,false,true,,true,8,8,0,false,2.62,3.364,4.089,27,57.613,60.789,61.219,28,false,0
9472,1229,44,38,2024-03-02T16:04:29.729000+00:00,94.966,30.06,41.423,23.483,HARD,3,5,0,4,true,false,false,false,false,false,true,,true,8,8,0,false,0.289,1.3405,2.491,28,35.858,36.138,37.441,26,false,0
9472,1229,44,39,2024-03-02T16:06:04.688000+00:00,94.722,30.17,41.159,23.393,HARD,3,6,0,5,true,false,false,false,false,false,true,,true,8,7,1,true,0.147,5.245,5.369,27,35.746,37.3495,38.255,28,true,1
9472,1229,44,40,2024-03-02T16:07:39.415000+00:00,95.041,30.443,41.198,23.4,HARD,3,7,0,6,true,false,false,false,false,false,true,,true,7,7,0,false,5.034,5.283,5.428,27,36.662,37.393,38.234,27,false,0
9472,1229,44,41,2024-03-02T16:09:14.712000+00:00,94.94,30.463,41.116,23.361,HARD,3,8,0,7,true,false,false,false,false,false,true,,true,7,7,0,false,4.873,5.0835,5.229,28,36.244,36.454,36.682,27,false,0
9472,1229,44,42,2024-03-02T16:10:49.383000+00:00,94.996,30.426,41.13,23.44,HARD,3,9,0,8,true,false,false,false,false,false,true,,true,7,7,0,false,4.704,4.862,5.117,27,36.175,36.408,36.687,28,false,0
9472,1229,44,43,2024-03-02T16:12:24.321000+00:00,94.935,30.437,41.134,23.364,HARD,3,10,0,9,true,false,false,false,false,false,true,,true,7,7,0,false,4.344,4.654,4.797,28,36.596,37.24,37.47,28,false,0
9472,1229,44,44,2024-03-02T16:13:59.266000+00:00,95.169,30.494,41.229,23.446,HARD,3,11,0,10,true,false,false,false,false,false,true,,true,7,7,0,false,4.167,4.344,4.654,27,37.256,37.8965,38.107,28,false,0
9472,1229,44,45,2024-03-02T16:15:34.413000+00:00,95.184,30.483,41.299,23.402,HARD,3,12,0,11,true,false,false,false,false,false,true,,true,7,7,0,false,4.013,4.197,4.368,28,38.015,38.652,39.04,27,false,0
9472,1229,44,46,2024-03-02T16:17:09.643000+00:00,95.285,30.569,41.258,23.458,HARD,3,13,0,12,true,false,false,false,false,false,true,,true,7,7,0,false,3.927,4.067,4.266,26,38.979,39.6305,40.136,28,false,0
9472,1229,44,47,2024-03-02T16:18:44.938000+00:00,95.226,30.514,41.311,23.401,HARD,3,14,0,13,true,false,false,false,true,false,false,deleted_lap,true,7,7,0,false,3.668,3.9095,4.187,26,40.082,40.8075,41.12,28,false,0
9472,1229,44,48,2024-03-02T16:20:20.234000+00:00,96.165,30.691,41.926,23.548,HARD,3,15,0,14,true,false,false,false,false,false,true,,true,7,7,0,false,3.649,4.156,4.28,27,41.061,42.428,42.93,28,false,0
9472,1229,44,49,2024-03-02T16:21:56.388000+00:00,95.914,30.616,41.819,23.479,HARD,3,16,0,15,true,false,false,false,false,false,true,,true,7,7,0,false,4.092,4.295,4.568,28,42.914,43.81,44.445,28,false,0
9472,1229,44,50,2024-03-02T16:23:32.313000+00:00,95.612,30.655,41.454,23.503,HARD,3,17,0,16,true,false,false,false,false,false,true,,true,7,7,0,false,4.311,4.4925,4.637,26,44.405,45.062,45.39,27,false,0
9472,1229,44,51,2024-03-02T16:25:07.925000+00:00,95.532,30.597,41.403,23.532,HARD,3,18,0,17,true,false,false,false,false,false,true,,true,7,7,0,false,3.805,4.117,4.37,27,45.37,46.2305,46.465,28,false,0
9472,1229,44,52,2024-03-02T16:26:43.435000+00:00,95.479,30.578,41.382,23.519,HARD,3,19,0,18,true,false,false,false,false,false,true,,true,7,7,0,false,3.362,3.716,3.916,27,46.424,46.9325,47.171,28,false,0
9472,1229,44,53,2024-03-02T16:28:18.918000+00:00,95.55,30.643,41.252,23.655,HARD,3,20,0,19,true,false,false,false,false,false,true,,true,7,7,0,false,3.11,3.338,3.578,27,46.857,47.016,47.184,27,false,0
9472,1229,44,54,2024-03-02T16:29:54.421000+00:00,95.974,30.792,41.706,23.476,HARD,3,21,0,20,true,false,false,false,false,false,true,,true,7,7,0,false,3.123,3.346,3.564,27,46.98,47.479,47.821,28,false,0
9472,1229,44,55,2024-03-02T16:31:30.458000+00:00,95.633,30.602,41.487,23.544,HARD,3,22,0,21,true,false,false,false,false,false,true,,true,7,7,0,false,2.58,2.818,3.181,27,47.548,47.808,48.083,28,false,0
9472,1229,44,56,2024-03-02T16:33:06.007000+00:00,95.706,30.597,41.564,23.545,HARD,3,23,0,22,true,false,false,false,false,false,true,,true,7,7,0,false,2.31,2.559,2.609,26,47.989,48.944,49.156,28,false,0
9472,1229,44,57,2024-03-02T16:34:41.739000+00:00,96.138,30.687,41.847,23.604,HARD,3,24,0,23,true,false,false,false,false,false,true,,true,7,7,0,false,1.866,2.227,2.467,27,49.009,50.0535,50.366,28,false,0
9472,1229,55,1,2024-03-02T15:03:42.341000+00:00,101.034,34.408,42.861,23.765,SOFT,1,1,3,3,true,true,false,false,false,true,false,standing_start;neutralised,true,4,5,15,true,0.226,0.504,0.722,26,0.55,2.845,3.447,27,true,29
9472,1229,55,2,2024-03-02T15:05:23.374000+00:00,97.236,30.974,42.366,23.896,SOFT,1,2,3,4,true,false,false,false,false,false,true,,true,5,5,0,false,0.546,1.086,1.34,27,3.16,3.851,4.334,27,false,0
9472,1229,55,3,2024-03-02T15:07:00.599000+00:00,97.08,31.049,42.179,23.852,SOFT,1,3,3,5,true,false,false,false,false,false,true,,true,5,5,0,false,1.032,1.462,1.718,28,4.078,4.5225,4.677,28,false,0
9472,1229,55,4,2024-03-02T15:08:37.735000+00:00,97.264,30.957,42.373,23.934,SOFT,1,4,3,6,true,false,false,false,false,false,true,,true,5,5,2,false,0.587,1.084,1.367,27,4.37,4.9835,5.321,26,true,2
9472,1229,55,5,2024-03-02T15:10:14.948000+00:00,98.032,30.967,42.821,24.244,SOFT,1,5,3,7,true,false,false,false,false,false,true,,true,5,5,0,false,0.44,0.569,0.701,28,4.656,5.4415,6.116,28,false,0
9472,1229,55,6,2024-03-02T15:11:53.110000+00:00,97.741,30.879,42.803,24.059,SOFT,1,6,3,8,true,false,false,false,false,false,true,,true,5,5,0,false,0.369,0.56,0.703,28,5.57,6.3255,6.773,28,false,0
9472,1229,55,7,2024-03-02T15:13:30.813000+00:00,98.26,30.847,43.148,24.265,SOFT,1,7,3,9,true,false,false,false,false,false,true,,true,5,5,0,false,0.262,0.4075,0.542,28,6.185,7.1825,7.989,28,false,0
9472,1229,55,8,2024-03-02T15:15:09.048000+00:00,98.183,31.341,42.701,24.141,SOFT,1,8,3,10,true,false,false,false,false,false,true,,true,5,5,0,false,0.353,0.5545,0.649,28,7.497,8.7545,9.148,26,false,0
9472,1229,55,9,2024-03-02T15:16:47.231000+00:00,98.03,30.99,42.868,24.172,SOFT,1,9,3,11,true,false,false,false,false,false,true,,true,5,5,0,false,0.256,0.5225,0.692,28,8.62,9.665,9.95,28,false,0
9472,1229,55,10,2024-03-02T15:18:25.188000+00:00,97.608,30.819,42.638,24.151,SOFT,1,10,3,12,true,false,false,false,false,true,false,neutralised,true,5,5,0,false,0.373,0.566,0.624,28,9.435,10.25,10.604,28,false,0
9472,1229,55,11,2024-03-02T15:20:02.878000+00:00,97.656,31.266,42.386,24.004,SOFT,1,11,3,13,true,false,false,false,false,false,true,,true,5,3,2,true,0.031,1.787,2.176,27,10.067,11.1255,11.228,28,true,1
9472,1229,55,12,2024-03-02T15:21:40.496000+00:00,97.65,31.089,42.46,24.101,SOFT,1,12,3,14,true,false,false,false,false,false,true,,true,3,2,1,true,1.499,1.7,11.734,28,10.933,11.53,11.737,27,true,1
9472,1229,55,13,2024-03-02T15:23:18.127000+00:00,97.243,31.025,42.212,24.006,SOFT,1,13,3,15,true,false,false,false,false,false,true,,true,2,2,0,false,11.601,11.9245,12.045,28,11.601,11.9245,12.045,28,false,0
9472,1229,55,14,2024-03-02T15:24:55.375000+00:00,99.753,31.011,42.119,26.623,SOFT,1,14,3,16,true,false,true,false,false,false,false,pit_in,true,2,2,0,false,11.863,12.064,12.207,27,11.863,12.064,12.207,27,false,0
9472,1229,55,15,2024-03-02T15:26:35.190000+00:00,117.225,51.656,42.013,23.556,HARD,2,1,0,0,true,false,false,true,false,false,false,pit_out,true,2,7,5,true,0.184,0.924,1.223,26,34.429,35.3215,35.774,26,true,5
9472,1229,55,16,2024-03-02T15:28:32.415000+00:00,96.376,30.412,42.131,23.833,HARD,2,2,0,1,true,false,false,false,false,false,true,,true,7,5,1,true,0.109,0.452,0.676,27,33.811,34.299,34.761,28,true,2
9472,1229,55,17,2024-03-02T15:30:08.672000+00:00,95.507,30.202,41.758,23.547,HARD,2,3,0,2,true,false,false,false,false,false,true,,true,5,4,1,true,0.154,0.714,0.986,27,29.705,33.2105,33.948,28,true,1
9472,1229,55,18,2024-03-02T15:31:44.184000+00:00,96.088,30.59,41.964,23.534,HARD,2,4,0,3,true,false,false,false,false,false,true,,true,4,3,1,true,0.041,2.494,2.739,27,7.481,7.9335,8.618,26,true,1
9472,1229,55,19,2024-03-02T15:33:20.251000+00:00,96.236,30.805,41.897,23.534,HARD,2,5,0,4,true,false,false,false,false,false,true,,true,3,3,0,false,2.43,2.708,2.837,27,7.773,8.695,8.928,28,false,0
9472,1229,55,20,2024-03-02T15:34:56.624000+00:00,96.034,30.786,41.66,23.588,HARD,2,6,0,5,true,false,false,false,false,false,true,,true,3,3,0,false,2.435,2.646,2.766,27,8.8,9.596,9.771,28,false,0
9472,1229,55,21,2024-03-02T15:36:32.579000+00:00,96.104,30.796,41.752,23.556,HARD,2,7,0,6,true,false,false,false,false,false,true,,true,3,3,0,false,2.353,2.427,2.566,27,9.656,10.3765,10.559,28,false,0
9472,1229,55,22,2024-03-02T15:38:08.718000+00:00,96.008,30.686,41.77,23.552,HARD,2,8,0,7,true,false,false,false,false,false,true,,true,3,3,0,false,2.184,2.3505,2.454,28,10.465,11.1245,11.366,28,false,0
9472,1229,55,23,2024-03-02T15:39:44.773000+00:00,96.149,30.738,41.797,23.614,HARD,2,9,0,8,true,false,false,false,false,false,true,,true,3,3,0,false,2.18,2.288,2.471,28,11.212,11.9735,12.296,28,false,0
9472,1229,55,24,2024-03-02T15:41:20.891000+00:00,96.2,30.698,41.881,23.621,HARD,2,10,0,9,true,false,false,false,false,false,true,,true,3,3,0,false,2.132,2.2325,2.327,28,12.177,12.7985,13.207,28,false,0
9472,1229,55,25,2024-03-02T15:42:57.074000+00:00,96.22,30.724,41.907,23.589,HARD,2,11,0,10,true,false,false,false,false,false,true,,true,3,3,0,false,2.011,2.1955,2.272,26,13.098,13.8625,14.094,28,false,0
9472,1229,55,26,2024-03-02T15:44:33.258000+00:00,96.221,30.714,41.878,23.629,HARD,2,12,0,11,true,false,false,false,false,false,true,,true,3,3,0,false,1.886,1.981,2.097,28,14.004,14.7345,15.098,28,false,0
9472,1229,55,27,2024-03-02T15:46:09.627000+00:00,96.272,30.807,41.836,23.629,HARD,2,13,0,12,true,false,false,false,false,false,true,,true,3,3,0,false,1.882,2.052,2.212,28,14.993,15.5845,15.808,28,false,0
9472,1229,55,28,2024-03-02T15:47:45.755000+00:00,96.534,30.901,41.965,23.668,HARD,2,14,0,13,true,false,false,false,false,false,true,,true,3,3,0,false,1.927,2.2115,2.416,28,15.685,16.52,16.878,28,false,0
9472,1229,55,29,2024-03-02T15:49:22.302000+00:00,96.6,30.852,41.97,23.778,HARD,2,15,0,14,true,false,false,false,false,false,true,,true,3,3,0,false,2.217,2.37,2.532,27,16.697,17.3085,17.637,28,false,0
9472,1229,55,30,2024-03-02T15:50:58.869000+00:00,96.337,30.746,41.897,23.694,HARD,2,16,0,15,true,false,false,false,false,false,true,,true,3,3,0,false,2.325,2.484,2.564,27,17.511,18.053,18.207,28,false,0
9472,1229,55,31,2024-03-02T15:52:35.311000+00:00,96.537,30.851,41.959,23.727,HARD,2,17,0,16,true,false,false,false,false,false,true,,true,3,3,0,false,2.453,2.6775,2.794,28,18.113,18.769,19.095,28,false,0
9472,1229,55,32,2024-03-02T15:54:11.818000+00:00,96.762,30.873,42.115,23.774,HARD,2,18,0,17,true,false,false,false,false,false,true,,true,3,3,0,false,2.61,2.906,3.228,27,18.965,19.6225,19.973,28,false,0
9472,1229,55,33,2024-03-02T15:55:48.562000+00:00,96.556,30.833,41.987,23.736,HARD,2,19,0,18,true,false,false,false,false,false,true,,true,3,3,0,false,3.121,3.216,3.346,28,19.848,20.459,20.666,28,false,0
9472,1229,55,34,2024-03-02T15:57:25.132000+00:00,96.551,30.858,41.933,23.76,HARD,2,20,0,19,true,false,false,false,false,false,true,,true,3,3,0,false,3.063,3.2975,3.393,28,20.491,20.938,21.058,27,false,0
9472,1229,55,35,2024-03-02T15:59:01.692000+00:00,99.274,30.872,42.117,26.285,HARD,2,21,0,20,true,false,true,false,false,false,false,pit_in,true,3,3,0,false,3.256,3.4,3.498,27,20.95,21.545,21.868,26,false,0
9472,1229,55,36,2024-03-02T16:00:40.929000+00:00,115.62,50.852,41.528,23.24,HARD,3,1,0,0,true,false,false,true,false,false,false,pit_out,true,3,3,0,false,22.12,25.4275,25.892,26,43.553,44.2005,44.668,26,false,0
9472,1229,55,37,2024-03-02T16:02:36.585000+00:00,95.302,30.695,41.39,23.217,HARD,3,2,0,1,true,false,false,false,false,false,true,,true,3,3,0,false,1.614,1.826,2.358,26,39.783,43.372,43.79,28,false,0
9472,1229,55,38,2024-03-02T16:04:11.792000+00:00,95.1,30.631,41.329,23.14,HARD,3,3,0,2,true,false,false,false,false,false,true,,true,3,3,0,false,1.497,1.913,2.105,28,18.394,18.813,19.985,26,false,0
9472,1229,55,39,2024-03-02T16:05:46.917000+00:00,94.709,30.481,41.066,23.162,HARD,3,4,0,3,true,false,false,false,false,false,true,,true,3,3,0,false,1.778,1.958,2.077,28,18.394,19.9185,20.545,28,false,0
9472,1229,55,40,2024-03-02T16:07:21.661000+00:00,94.739,30.382,41.146,23.211,HARD,3,5,0,4,true,false,false,false,false,false,true,,true,3,3,0,false,1.873,2.28,2.436,28,18.675,19.5845,20.531,28,false,0
9472,1229,55,41,2024-03-02T16:08:56.441000+00:00,95.041,30.638,41.205,23.198,HARD,3,6,0,5,true,false,false,false,false,false,true,,true,3,3,0,false,2.219,2.95,3.056,27,18.405,18.6315,18.743,28,false,0
9472,1229,55,42,2024-03-02T16:10:31.440000+00:00,94.861,30.448,41.195,23.218,HARD,3,7,0,6,true,false,false,false,false,false,true,,true,3,3,0,false,2.953,3.291,3.402,28,18.273,18.5265,18.659,28,false,0
9472,1229,55,43,2024-03-02T16:12:06.345000+00:00,94.795,30.387,41.201,23.207,HARD,3,8,0,7,true,false,false,false,false,false,true,,true,3,3,0,false,3.253,3.344,3.411,28,18.501,19.134,19.336,28,false,0
9472,1229,55,44,2024-03-02T16:13:41.129000+00:00,94.507,30.35,40.971,23.186,HARD,3,9,0,8,true,false,false,false,false,false,true,,true,3,3,0,false,3.063,3.2525,3.379,26,19.093,19.2825,19.432,26,false,0
9472,1229,55,45,2024-03-02T16:15:15.714000+00:00,94.79,30.398,41.123,23.269,HARD,3,10,0,9,true,false,false,false,false,false,true,,true,3,3,0,false,2.942,3.172,3.283,27,19.138,19.6275,19.797,28,false,0
9472,1229,55,46,2024-03-02T16:16:50.393000+00:00,94.853,30.466,41.116,23.271,HARD,3,11,0,10,true,false,false,false,false,false,true,,true,3,3,0,false,3.134,3.297,3.362,28,19.703,20.144,20.495,28,false,0
9472,1229,55,47,2024-03-02T16:18:25.312000+00:00,94.901,30.455,41.086,23.36,HARD,3,12,0,11,true,false,false,false,false,false,true,,true,3,3,0,false,3.233,3.4435,3.527,28,20.385,20.84,21.118,27,false,0
9472,1229,55,48,2024-03-02T16:20:00.228000+00:00,94.981,30.602,41.028,23.351,HARD,3,13,0,12,true,false,false,false,false,false,true,,true,3,3,0,false,3.342,3.5655,3.697,28,21.015,21.621,21.753,27,false,0
9472,1229,55,49,2024-03-02T16:21:35.199000+00:00,95.44,30.499,41.58,23.361,HARD,3,14,0,13,true,false,false,false,false,false,true,,true,3,3,0,false,3.465,3.773,4.077,28,21.693,22.2885,22.786,28,false,0
9472,1229,55,50,2024-03-02T16:23:10.557000+00:00,95.142,30.468,41.331,23.343,HARD,3,15,0,14,true,false,false,false,false,false,true,,true,3,3,0,false,3.907,4.074,4.142,28,22.718,23.119,23.414,27,false,0
9472,1229,55,51,2024-03-02T16:24:45.766000+00:00,95.282,30.502,41.387,23.393,HARD,3,16,0,15,true,false,false,false,false,false,true,,true,3,3,0,false,4.057,4.3045,4.447,28,23.246,23.837,24.177,27,false,0
9472,1229,55,52,2024-03-02T16:26:20.950000+00:00,95.083,30.522,41.259,23.302,HARD,3,17,0,16,true,false,false,false,false,false,true,,true,3,3,0,false,4.271,4.373,4.483,28,24.039,24.3105,24.603,28,false,0
9472,1229,55,53,2024-03-02T16:27:56.175000+00:00,95.211,30.491,41.288,23.432,HARD,3,18,0,17,true,false,false,false,false,false,true,,true,3,3,0,false,3.689,4.0575,4.347,28,23.834,24.03,24.354,28,false,0
9472,1229,55,54,2024-03-02T16:29:31.299000+00:00,95.309,30.555,41.277,23.477,HARD,3,19,0,18,true,false,false,false,false,false,true,,true,3,3,0,false,3.466,3.619,3.692,28,23.802,23.906,24.032,28,false,0
9472,1229,55,55,2024-03-02T16:31:06.647000+00:00,95.407,30.699,41.192,23.516,HARD,3,20,0,19,true,false,false,false,false,false,true,,true,3,3,0,false,3.3,3.452,3.721,27,23.757,23.994,24.154,28,false,0
9472,1229,55,56,2024-03-02T16:32:41.989000+00:00,95.305,30.593,41.18,23.532,HARD,3,21,0,20,true,false,false,false,false,false,true,,true,3,3,0,false,3.054,3.263,3.421,28,23.98,24.638,24.727,27,false,0
9472,1229,55,57,2024-03-02T16:34:17.271000+00:00,95.327,30.55,41.125,23.652,HARD,3,22,0,21,true,false,false,false,false,false,true,,true,3,3,0,false,2.55,2.9,3.155,27,24.608,25.0145,25.149,28,false,0
9472,1229,63,1,2024-03-02T15:03:42.341000+00:00,99.682,33.889,42.099,23.694,SOFT,1,1,3,3,true,true,false,false,false,true,false,standing_start;neutralised,true,3,3,14,false,0.01,0.8955,0.982,26,0.333,1.789,2.005,27,true,19
9472,1229,63,2,2024-03-02T15:05:22.022000+00:00,96.635,30.829,42.038,23.768,SOFT,1,2,3,4,true,false,false,false,false,false,true,,true,3,3,0,false,0.542,0.81,1.116,28,1.673,2.219,2.405,28,false,0
9472,1229,63,3,2024-03-02T15:06:58.696000+00:00,96.406,30.367,42.202,23.837,SOFT,1,3,3,5,true,false,false,false,false,false,true,,true,3,2,1,true,0.134,1.873,2.017,27,1.653,1.9375,2.18,28,true,1
9472,1229,63,4,2024-03-02T15:08:35.058000+00:00,97.738,31.135,42.609,23.994,SOFT,1,4,3,6,true,false,false,false,false,false,true,,true,2,2,0,false,1.885,2.6775,3.027,28,1.885,2.6775,3.027,28,false,0
9472,1229,63,5,2024-03-02T15:10:12.768000+00:00,98.116,31.636,42.573,23.907,SOFT,1,5,3,7,true,false,false,false,false,false,true,,true,2,2,0,false,3.111,3.873,4.067,28,3.111,3.873,4.067,28,false,0
9472,1229,63,6,2024-03-02T15:11:50.905000+00:00,97.784,31.36,42.508,23.916,SOFT,1,6,3,8,true,false,false,false,false,false,true,,true,2,2,0,false,3.954,4.587,4.843,28,3.954,4.587,4.843,28,false,0
9472,1229,63,7,2024-03-02T15:13:28.623000+00:00,98.082,31.48,42.577,24.025,SOFT,1,7,3,9,true,false,false,false,false,false,true,,true,2,2,0,false,4.657,5.582,5.765,28,4.657,5.582,5.765,28,false,0
9472,1229,63,8,2024-03-02T15:15:06.812000+00:00,97.862,31.238,42.646,23.978,SOFT,1,8,3,10,true,false,false,false,false,false,true,,true,2,2,0,false,5.678,6.3015,6.574,28,5.678,6.3015,6.574,28,false,0
9472,1229,63,9,2024-03-02T15:16:44.698000+00:00,97.73,31.12,42.578,24.032,SOFT,1,9,3,11,true,false,false,false,false,false,true,,true,2,2,0,false,6.489,6.944,7.078,28,6.489,6.944,7.078,28,false,0
9472,1229,63,10,2024-03-02T15:18:22.380000+00:00,97.782,31.247,42.538,23.997,SOFT,1,10,3,12,true,false,false,false,false,true,false,neutralised,true,2,2,0,false,7.014,7.7495,7.932,28,7.014,7.7495,7.932,28,false,0
9472,1229,63,11,2024-03-02T15:20:00.058000+00:00,100.515,31.392,42.646,26.477,SOFT,1,11,3,13,true,false,true,false,false,false,false,pit_in,true,2,4,2,true,7.852,8.652,8.966,27,7.852,8.652,8.966,27,false,0
9472,1229,63,12,2024-03-02T15:21:40.623000+00:00,118.46,52.57,42.189,23.701,HARD,2,1,0,0,true,false,false,true,false,false,false,pit_out,true,4,11,9,true,0.648,1.9955,2.538,26,31.53,32.89,33.368,26,true,9
9472,1229,63,13,2024-03-02T15:23:39.099000+00:00,97.167,30.759,42.479,23.929,HARD,2,2,0,1,true,false,false,false,false,false,true,,true,11,7,3,true,0.018,0.824,4.973,26,32.434,32.7325,32.945,28,true,4
9472,1229,63,14,2024-03-02T15:25:16.275000+00:00,97.571,30.851,42.74,23.98,HARD,2,3,0,2,true,false,false,false,false,false,true,,true,7,7,2,false,0.157,1.1555,4.676,26,32.378,33.392,33.584,27,true,2
9472,1229,63,15,2024-03-02T15:26:53.936000+00:00,96.922,31.038,42.152,23.732,HARD,2,4,0,3,true,false,false,false,false,false,true,,true,7,4,3,true,1.412,1.7405,2.107,26,33.303,33.5465,33.709,28,true,2
9472,1229,63,16,2024-03-02T15:28:30.769000+00:00,96.683,31.03,42.084,23.569,HARD,2,5,0,4,true,false,false,false,false,false,true,,true,4,3,1,true,1.559,2.288,2.502,27,32.818,33.2815,33.459,28,true,1
9472,1229,63,17,2024-03-02T15:30:07.342000+00:00,96.234,30.747,41.766,23.721,HARD,2,6,0,5,true,false,false,false,false,false,true,,true,3,3,0,false,1.976,2.1795,2.463,28,29.156,32.4055,32.803,28,false,0
9472,1229,63,18,2024-03-02T15:31:43.804000+00:00,97.819,31.462,42.532,23.825,HARD,2,7,0,6,true,false,false,false,false,false,true,,true,3,4,1,true,0.305,1.031,2.531,28,7.673,8.8485,9.121,26,true,1
9472,1229,63,19,2024-03-02T15:33:21.541000+00:00,97.233,31.101,42.267,23.865,HARD,2,8,0,7,true,false,false,false,false,false,true,,true,4,4,0,false,1.248,1.6685,2.181,28,9.134,10.407,11.081,28,false,0
9472,1229,63,20,2024-03-02T15:34:58.739000+00:00,96.732,30.862,42.099,23.771,HARD,2,9,0,8,true,false,false,false,false,false,true,,true,4,4,0,false,2.164,2.5075,2.9,28,10.986,12.1375,12.653,28,false,0
9472,1229,63,21,2024-03-02T15:36:35.429000+00:00,96.769,30.87,42.18,23.719,HARD,2,10,0,9,true,false,false,false,false,false,true,,true,4,4,0,false,2.858,3.283,3.558,27,12.568,13.4285,14.104,26,false,0
9472,1229,63,22,2024-03-02T15:38:12.188000+00:00,96.992,30.84,42.313,23.839,HARD,2,11,0,10,true,false,false,false,false,false,true,,true,4,4,0,false,3.53,3.981,4.542,28,14.035,15.301,15.89,27,false,0
9472,1229,63,23,2024-03-02T15:39:49.229000+00:00,96.954,31.043,42.088,23.823,HARD,2,12,0,11,true,false,false,false,false,false,true,,true,4,4,0,false,4.518,4.872,5.371,26,15.839,16.968,17.628,28,false,0
9472,1229,63,24,2024-03-02T15:41:26.181000+00:00,96.736,30.867,42.107,23.762,HARD,2,13,0,12,true,false,false,false,false,false,true,,true,4,4,0,false,5.332,5.6455,5.879,26,17.575,18.471,19.074,28,false,0
9472,1229,63,25,2024-03-02T15:43:02.968000+00:00,96.928,30.941,42.199,23.788,HARD,2,14,0,13,true,false,false,false,false,false,true,,true,4,4,0,false,5.866,6.27,6.609,27,19.024,19.957,20.673,27,false,0
9472,1229,63,26,2024-03-02T15:44:39.865000+00:00,96.801,30.867,42.161,23.773,HARD,2,15,0,14,true,false,false,false,false,false,true,,true,4,4,0,false,6.575,6.917,7.201,28,20.624,21.675,22.24,28,false,0
9472,1229,63,27,2024-03-02T15:46:16.674000+00:00,96.815,30.93,42.115,23.77,HARD,2,16,0,15,true,false,false,false,false,false,true,,true,4,4,0,false,7.156,7.3945,7.698,28,22.205,23.009,23.487,28,false,0
9472,1229,63,28,2024-03-02T15:47:53.442000+00:00,96.911,30.98,42.149,23.782,HARD,2,17,0,16,true,false,false,false,false,false,true,,true,4,4,0,false,7.69,7.879,8.077,28,23.427,24.564,24.944,27,false,0
9472,1229,63,29,2024-03-02T15:49:30.401000+00:00,97.066,30.993,42.224,23.849,HARD,2,18,0,17,true,false,false,false,false,false,true,,true,4,4,0,false,8.078,8.402,8.6,28,24.847,25.724,26.18,28,false,0
9472,1229,63,30,2024-03-02T15:51:07.487000+00:00,97.186,31.03,42.221,23.935,HARD,2,19,0,18,true,false,false,false,false,false,true,,true,4,4,0,false,8.543,8.9715,9.423,28,26.127,27.048,27.596,28,false,0
9472,1229,63,31,2024-03-02T15:52:44.710000+00:00,99.405,31.061,42.153,26.191,HARD,2,20,0,19,true,false,true,false,false,false,false,pit_in,true,4,5,1,true,9.391,9.67,9.922,27,27.561,28.391,28.988,27,true,1
9472,1229,63,32,2024-03-02T15:54:23.977000+00:00,117.267,52.151,41.641,23.475,HARD,3,1,0,0,true,false,false,true,false,false,false,pit_out,true,5,9,4,true,1.468,2.123,2.619,26,51.661,52.834,53.135,26,true,4
9472,1229,63,33,2024-03-02T15:56:21.332000+00:00,95.838,30.638,41.572,23.628,HARD,3,2,0,1,true,false,false,false,false,false,true,,true,9,9,0,false,0.104,0.7675,1.428,28,52.447,52.672,52.946,28,false,0
9472,1229,63,34,2024-03-02T15:57:57.242000+00:00,95.241,30.286,41.651,23.304,HARD,3,3,0,2,true,false,false,false,false,false,true,,true,9,6,1,true,9.626,12.7325,13.311,26,51.779,52.2575,52.605,28,true,3
9472,1229,63,35,2024-03-02T15:59:32.340000+00:00,95.772,30.587,41.817,23.368,HARD,3,4,0,3,true,false,false,false,false,false,true,,true,6,4,1,true,27.233,30.1705,30.801,26,51.533,51.753,51.974,28,true,2
9472,1229,63,36,2024-03-02T16:01:08.133000+00:00,95.434,30.608,41.494,23.332,HARD,3,5,0,4,true,false,false,false,false,false,true,,true,4,4,0,false,6.876,6.985,7.998,26,50.762,51.293,51.581,26,false,0
9472,1229,63,37,2024-03-02T16:02:43.566000+00:00,95.481,30.566,41.586,23.329,HARD,3,6,0,5,true,false,false,false,false,false,true,,true,4,4,0,false,6.883,7.054,7.243,27,47.009,50.444,50.759,28,false,0
9472,1229,63,38,2024-03-02T16:04:19.070000+00:00,95.479,30.6,41.469,23.41,HARD,3,7,0,6,true,false,false,false,false,false,true,,true,4,4,0,false,7.156,7.226,7.605,27,25.908,26.047,27.197,25,false,0
9472,1229,63,39,2024-03-02T16:05:54.624000+00:00,95.204,30.547,41.329,23.328,HARD,3,8,0,7,true,false,false,false,false,false,true,,true,4,4,0,false,7.542,7.8,8.1,27,25.999,27.48,28.644,27,false,0
9472,1229,63,40,2024-03-02T16:07:29.749000+00:00,95.065,30.39,41.347,23.328,HARD,3,9,0,8,true,false,false,false,false,false,true,,true,4,4,0,false,8.018,8.226,8.459,28,27.115,27.751,28.63,28,false,0
9472,1229,63,41,2024-03-02T16:09:04.828000+00:00,95.093,30.541,41.25,23.302,HARD,3,10,0,9,true,false,false,false,false,false,true,,true,4,4,0,false,8.148,8.3945,8.556,26,26.722,26.958,27.189,28,false,0
9472,1229,63,42,2024-03-02T16:10:39.923000+00:00,95.136,30.57,41.196,23.37,HARD,3,11,0,10,true,false,false,false,false,false,true,,true,4,4,0,false,8.483,8.626,8.806,27,26.831,27.14,27.394,27,false,0
9472,1229,63,43,2024-03-02T16:12:15.140000+00:00,95.193,30.626,41.237,23.33,HARD,3,12,0,11,true,false,false,false,false,false,true,,true,4,4,0,false,8.745,9.0185,9.291,28,27.339,28.2965,28.439,28,false,0
9472,1229,63,44,2024-03-02T16:13:50.330000+00:00,95.162,30.573,41.252,23.337,HARD,3,13,0,12,true,false,false,false,false,false,true,,true,4,4,0,false,9.149,9.6245,9.816,28,28.308,28.913,29.136,27,false,0
9472,1229,63,45,2024-03-02T16:15:25.457000+00:00,95.276,30.599,41.328,23.349,HARD,3,14,0,13,true,false,false,false,false,false,true,,true,4,4,0,false,9.81,10.218,10.361,27,28.986,29.807,30.122,28,false,0
9472,1229,63,46,2024-03-02T16:17:00.856000+00:00,96.657,30.649,42.244,23.764,HARD,3,15,0,14,true,false,false,false,true,false,false,deleted_lap,true,4,5,3,true,0.023,10.264,10.561,25,30.008,30.713,32.578,27,true,3
9472,1229,63,47,2024-03-02T16:18:37.350000+00:00,95.805,30.525,41.724,23.556,HARD,3,16,0,15,true,false,false,false,false,false,true,,true,5,5,0,false,0.442,1.171,1.555,28,32.191,33.5,34.126,28,false,0
9472,1229,63,48,2024-03-02T16:20:13.148000+00:00,96.059,30.794,41.795,23.47,HARD,3,17,0,16,true,false,false,false,false,false,true,,true,5,5,0,false,1.453,2.0085,2.389,28,34.029,35.244,35.831,28,false,0
9472,1229,63,49,2024-03-02T16:21:49.305000+00:00,95.954,30.723,41.727,23.504,HARD,3,18,0,17,true,false,false,false,false,false,true,,true,5,5,0,false,2.23,2.69,2.998,28,35.77,36.879,37.384,28,false,0
9472,1229,63,50,2024-03-02T16:23:25.188000+00:00,96.181,30.691,41.93,23.56,HARD,3,19,0,18,true,false,false,false,false,false,true,,true,5,5,0,false,2.885,3.365,3.814,28,37.357,38.179,38.834,27,false,0
9472,1229,63,51,2024-03-02T16:25:01.400000+00:00,95.852,30.639,41.734,23.479,HARD,3,20,0,19,true,false,false,false,false,false,true,,true,5,5,0,false,3.63,3.9795,4.27,28,38.869,39.8915,40.301,28,false,0
9472,1229,63,52,2024-03-02T16:26:37.299000+00:00,96.186,30.678,41.927,23.581,HARD,3,21,0,20,true,false,false,false,false,false,true,,true,5,5,0,false,4.121,4.538,5.039,28,40.245,41.112,41.626,28,false,0
9472,1229,63,53,2024-03-02T16:28:13.377000+00:00,95.979,30.752,41.74,23.487,HARD,3,22,0,21,true,false,false,false,false,false,true,,true,5,5,0,false,4.89,5.265,5.5,28,41.575,41.882,42.138,28,false,0
9472,1229,63,54,2024-03-02T16:29:49.387000+00:00,96.013,30.744,41.687,23.582,HARD,3,23,0,22,true,false,false,false,false,false,true,,true,5,5,0,false,5.428,5.903,6.24,28,41.955,42.3975,42.709,28,false,0
9472,1229,63,55,2024-03-02T16:31:25.398000+00:00,96.151,30.818,41.709,23.624,HARD,3,24,0,23,true,false,false,false,false,false,true,,true,5,5,0,false,6.153,6.4125,6.616,28,42.594,43.217,43.598,27,false,0
9472,1229,63,56,2024-03-02T16:33:01.473000+00:00,96.35,30.808,41.885,23.657,HARD,3,25,0,24,true,false,false,false,false,false,true,,true,5,5,0,false,6.555,6.803,7.072,27,43.559,44.647,45.297,27,false,0
9472,1229,63,57,2024-03-02T16:34:38.198000+00:00,96.44,30.765,42.018,23.657,HARD,3,26,0,25,true,false,false,false,false,false,true,,true,5,5,0,false,6.893,7.099,7.342,28,45.217,46.254,46.873,28,false,0
9472,1229,77,1,2024-03-02T15:03:42.341000+00:00,108.853,40.994,43.737,24.122,SOFT,1,1,0,0,true,true,false,false,false,true,false,standing_start;neutralised,true,16,18,14,true,0.048,1.302,1.811,25,1.15,10.212,11.287,27,true,20
9472,1229,77,2,2024-03-02T15:05:31.193000+00:00,98.259,31.351,42.663,24.245,SOFT,1,2,0,1,true,false,false,false,false,false,true,,true,18,18,0,false,0.51,0.6975,1.283,26,11.113,12.216,13.296,27,false,0
9472,1229,77,3,2024-03-02T15:07:09.750000+00:00,98.837,31.119,43.321,24.397,SOFT,1,3,0,2,true,false,false,false,false,false,true,,true,18,18,0,false,0.286,0.558,0.84,28,12.675,14.368,15.399,27,false,0
9472,1229,77,4,2024-03-02T15:08:48.424000+00:00,98.643,31.127,43.121,24.395,SOFT,1,4,0,3,true,false,false,false,false,false,true,,true,18,18,0,false,0.402,0.608,0.824,27,14.837,16.325,17.373,28,false,0
9472,1229,77,5,2024-03-02T15:10:27.119000+00:00,100.087,31.083,44.295,24.709,SOFT,1,5,0,4,true,false,false,false,false,false,true,,true,18,19,3,true,0.151,0.602,1.264,27,16.745,18.4225,20.237,28,true,3
9472,1229,77,6,2024-03-02T15:12:07.153000+00:00,99.206,31.184,43.504,24.518,SOFT,1,6,0,5,true,false,false,false,false,false,true,,true,19,19,0,false,0.436,0.643,1.086,27,19.758,21.342,22.342,28,false,0
9472,1229,77,7,2024-03-02T15:13:46.456000+00:00,98.654,31.034,43.072,24.548,SOFT,1,7,0,6,true,false,false,false,false,false,true,,true,19,19,0,false,0.682,0.842,1.005,28,21.9,22.994,23.965,28,false,0
9472,1229,77,8,2024-03-02T15:15:25.115000+00:00,98.968,30.959,43.356,24.653,SOFT,1,8,0,7,true,false,false,false,false,false,true,,true,19,19,0,false,0.904,0.981,1.07,28,23.425,24.6965,25.905,28,false,0
9472,1229,77,9,2024-03-02T15:17:04.011000+00:00,99.425,31.373,43.349,24.703,SOFT,1,9,0,8,true,false,false,false,false,false,true,,true,19,18,1,true,0.9,1.0375,1.489,28,25.426,27.0515,28.106,28,true,1
9472,1229,77,10,2024-03-02T15:18:43.373000+00:00,99.112,31.409,43.189,24.514,SOFT,1,10,0,9,true,false,false,false,false,true,false,neutralised,true,18,15,3,true,1.325,1.525,2.22,26,27.582,29.262,30.232,28,true,1
9472,1229,77,11,2024-03-02T15:20:22.466000+00:00,99.187,31.524,43.182,24.481,SOFT,1,11,0,10,true,false,false,false,false,false,true,,true,15,15,0,false,1.721,2.0695,2.217,28,30.125,31.4075,32.34,28,false,0
9472,1229,77,12,2024-03-02T15:22:01.819000+00:00,103.145,31.822,43.874,27.449,SOFT,1,12,0,11,true,false,true,false,false,false,false,pit_in,true,15,14,3,true,0.085,1.0275,2.49,26,32.24,34.236,35.869,27,true,3
9472,1229,77,13,2024-03-02T15:23:44.914000+00:00,121.081,54.41,42.543,24.128,HARD,2,1,0,0,true,false,false,true,false,false,false,pit_out,true,14,19,7,true,0.287,0.521,0.803,26,60.375,62.334,62.606,26,true,7
9472,1229,77,14,2024-03-02T15:25:45.976000+00:00,96.454,30.501,42.067,23.886,HARD,2,2,0,1,true,false,false,false,false,false,true,,true,19,18,1,true,0.095,2.6675,3.242,28,61.839,62.0395,62.354,28,true,1
9472,1229,77,15,2024-03-02T15:27:22.430000+00:00,97.287,31.063,42.254,23.97,HARD,2,3,0,2,true,false,false,false,false,false,true,,true,18,18,0,false,1.301,1.808,2.2,27,61.771,62.203,62.383,28,false,0
9472,1229,77,16,2024-03-02T15:28:59.697000+00:00,97.718,31.204,42.422,24.092,HARD,2,4,0,3,true,false,false,false,false,false,true,,true,18,18,0,false,1.183,1.2455,1.477,28,62.091,62.5395,62.814,28,false,0
9472,1229,77,17,2024-03-02T15:30:37.457000+00:00,97.765,31.183,42.454,24.128,HARD,2,5,0,4,true,false,false,false,false,false,true,,true,18,18,0,false,1.072,1.154,1.376,28,60.605,63.1355,63.415,28,false,0
9472,1229,77,18,2024-03-02T15:32:15.210000+00:00,97.918,31.142,42.597,24.179,HARD,2,6,0,5,true,false,false,false,false,false,true,,true,18,18,0,false,0.794,0.9935,1.251,28,38.825,39.8065,40.697,26,false,0
9472,1229,77,19,2024-03-02T15:33:53.037000+00:00,97.662,30.897,42.483,24.282,HARD,2,7,0,6,true,false,false,false,false,false,true,,true,18,18,0,false,0.524,0.6175,0.756,28,40.235,42.124,43.074,27,false,0
9472,1229,77,20,2024-03-02T15:35:30.809000+00:00,98.285,31.078,42.852,24.355,HARD,2,8,0,7,true,false,false,false,false,false,true,,true,18,18,0,false,0.206,0.632,0.835,27,42.646,44.703,46.184,27,false,0
9472,1229,77,21,2024-03-02T15:37:09.085000+00:00,97.73,31.02,42.534,24.176,HARD,2,9,0,8,true,false,false,false,false,false,true,,true,18,17,1,true,3.601,3.9455,4.555,28,45.799,47.528,48.587,28,false,0
9472,1229,77,22,2024-03-02T15:38:46.796000+00:00,97.998,31.34,42.454,24.204,HARD,2,10,0,9,true,false,false,false,false,false,true,,true,17,17,0,false,2.944,3.2075,3.59,28,48.548,50.2185,51.381,28,false,0
9472,1229,77,23,2024-03-02T15:40:24.676000+00:00,98.18,31.375,42.575,24.23,HARD,2,11,0,10,true,false,false,false,false,false,true,,true,17,17,0,false,2.627,2.7705,2.919,28,51.321,53.044,54.345,28,false,0
9472,1229,77,24,2024-03-02T15:42:03.030000+00:00,98.146,31.186,42.705,24.255,HARD,2,12,0,11,true,false,false,false,false,false,true,,true,17,17,0,false,2.302,2.464,2.688,28,54.29,55.8835,57.202,28,false,0
9472,1229,77,25,2024-03-02T15:43:41.117000+00:00,98.262,31.299,42.697,24.266,HARD,2,13,0,12,true,false,false,false,false,false,true,,true,17,17,0,false,2.065,2.232,2.411,27,57.14,58.8995,60.126,28,false,0
9472,1229,77,26,2024-03-02T15:45:19.272000+00:00,98.308,31.266,42.752,24.29,HARD,2,14,0,13,true,false,false,false,false,false,true,,true,17,17,0,false,1.738,1.936,2.177,28,60.06,61.8875,63.213,28,false,0
9472,1229,77,27,2024-03-02T15:46:57.612000+00:00,98.426,31.325,42.741,24.36,HARD,2,15,0,14,true,false,false,false,false,false,true,,true,17,17,0,false,1.577,1.699,1.813,28,63.145,64.8075,66.057,28,false,0
9472,1229,77,28,2024-03-02T15:48:36.051000+00:00,98.595,31.285,42.889,24.421,HARD,2,16,0,15,true,false,false,false,false,false,true,,true,17,16,1,true,1.458,1.675,1.972,27,65.968,67.557,69.178,27,true,1
9472,1229,77,29,2024-03-02T15:50:14.579000+00:00,98.654,31.344,42.981,24.329,HARD,2,17,0,16,true,false,false,false,false,false,true,,true,16,15,1,true,1.73,1.9355,2.131,26,69.084,70.7795,72.037,28,true,1
9472,1229,77,30,2024-03-02T15:51:53.373000+00:00,101.252,31.469,42.763,27.02,HARD,2,18,0,17,true,false,true,false,false,false,false,pit_in,true,15,16,1,true,1.938,2.037,2.162,27,71.975,73.562,74.912,27,false,0
9472,1229,77,31,2024-03-02T15:53:34.689000+00:00,170.266,,42.63,23.793,HARD,3,1,0,0,false,false,false,true,false,false,false,missing_timing;pit_out,true,16,19,3,true,52.274,63.6085,74.505,26,,,,0,true,3
9472,1229,77,32,2024-03-02T15:56:24.923000+00:00,96.763,30.988,42.106,23.669,HARD,3,2,0,1,true,false,false,false,false,false,true,,true,19,19,0,false,48.469,48.6005,49.625,26,,,,0,false,0
9472,1229,77,33,2024-03-02T15:58:01.651000+00:00,96.202,30.95,41.558,23.694,HARD,3,3,0,2,true,false,false,false,false,false,true,,true,19,19,0,false,48.291,48.589,48.738,28,,,,0,false,0
9472,1229,77,34,2024-03-02T15:59:37.854000+00:00,98.009,32.25,42.108,23.651,HARD,3,4,0,3,true,false,false,false,false,false,true,,true,19,19,0,false,48.326,49.9545,50.101,28,,,,0,false,0
9472,1229,77,35,2024-03-02T16:01:15.792000+00:00,96.578,30.892,41.986,23.7,HARD,3,5,0,4,true,false,false,false,false,false,true,,true,19,19,0,false,49.767,49.997,50.337,27,,,,0,false,0
9472,1229,77,36,2024-03-02T16:02:52.351000+00:00,96.792,30.8,41.963,24.029,HARD,3,6,0,5,true,false,false,false,false,false,true,,true,19,19,0,false,49.952,50.235,50.655,27,,,,0,false,0
9472,1229,77,37,2024-03-02T16:04:29.158000+00:00,98.008,31.511,42.24,24.257,HARD,3,7,0,6,true,false,false,false,false,false,true,,true,19,19,0,false,50.513,51.266,52.007,28,156.325,156.3285,156.332,2,false,0
9472,1229,77,38,2024-03-02T16:06:07.159000+00:00,97.774,31.497,42.346,23.931,HARD,3,8,0,7,true,false,false,false,false,false,true,,true,19,19,0,false,51.901,52.6955,53.082,28,,,,0,false,0
9472,1229,77,39,2024-03-02T16:07:44.933000+00:00,97.189,31.047,42.287,23.855,HARD,3,9,0,8,true,false,false,false,false,false,true,,true,19,19,0,false,52.783,53.2955,53.701,28,,,,0,false,0
9472,1229,77,40,2024-03-02T16:09:22.152000+00:00,97.393,30.903,42.672,23.818,HARD,3,10,0,9,true,false,false,false,false,false,true,,true,19,19,0,false,53.386,53.9565,54.437,28,,,,0,false,0
9472,1229,77,41,2024-03-02T16:10:59.647000+00:00,96.437,30.804,41.851,23.782,HARD,3,11,0,10,true,false,false,false,false,false,true,,true,19,19,0,false,54.049,54.2165,66.687,28,,,,0,false,0
9472,1229,77,42,2024-03-02T16:12:36.028000+00:00,96.374,30.9,41.717,23.757,HARD,3,12,0,11,true,false,false,false,false,false,true,,true,19,19,0,false,43.692,43.947,44.181,25,,,,0,false,0
9472,1229,77,43,2024-03-02T16:14:12.368000+00:00,96.569,30.907,41.761,23.901,HARD,3,13,0,12,true,false,false,false,false,false,true,,true,19,19,0,false,44.115,44.7835,53.664,28,,,,0,false,0
9472,1229,77,44,2024-03-02T16:15:48.962000+00:00,96.63,30.844,41.917,23.869,HARD,3,14,0,13,true,false,false,false,false,false,true,,true,19,19,0,false,30.037,30.791,31.282,26,,,,0,false,0
9472,1229,77,45,2024-03-02T16:17:25.625000+00:00,96.663,30.916,41.985,23.762,HARD,3,15,0,14,true,false,false,false,false,false,true,,true,19,19,0,false,31.094,32.178,33.141,27,,,,0,false,0
9472,1229,77,46,2024-03-02T16:19:02.196000+00:00,96.297,30.825,41.72,23.752,HARD,3,16,0,15,true,false,false,false,false,false,true,,true,19,19,0,false,32.947,33.593,34.151,28,,,,0,false,0
9472,1229,77,47,2024-03-02T16:20:38.514000+00:00,96.604,30.873,41.907,23.824,HARD,3,17,0,16,true,false,false,false,false,false,true,,true,19,19,0,false,33.999,34.7975,35.409,28,,,,0,false,0
9472,1229,77,48,2024-03-02T16:22:15.172000+00:00,96.765,30.913,41.993,23.859,HARD,3,18,0,17,true,false,false,false,false,false,true,,true,19,19,0,false,35.27,36.059,36.766,28,,,,0,false,0
9472,1229,77,49,2024-03-02T16:23:51.943000+00:00,96.91,31.028,42.029,23.853,HARD,3,19,0,18,true,false,false,false,false,false,true,,true,19,19,0,false,36.652,37.49,38.165,28,,,,0,false,0
9472,1229,77,50,2024-03-02T16:25:28.861000+00:00,96.91,31.025,41.997,23.888,HARD,3,20,0,19,true,false,false,false,false,false,true,,true,19,19,0,false,38.121,39.0415,39.849,28,,,,0,false,0
9472,1229,77,51,2024-03-02T16:27:05.764000+00:00,96.819,31.019,41.936,23.864,HARD,3,21,0,20,true,false,false,false,false,false,true,,true,19,19,0,false,39.745,40.6145,41.334,28,,,,0,false,0
9472,1229,77,52,2024-03-02T16:28:42.685000+00:00,96.949,30.997,41.98,23.972,HARD,3,22,0,21,true,false,false,false,false,false,true,,true,19,19,0,false,41.174,42.009,42.77,28,,,,0,false,0
9472,1229,77,53,2024-03-02T16:30:19.418000+00:00,99.035,30.979,42.128,25.928,HARD,3,23,0,22,true,false,false,false,false,false,true,,true,19,19,0,false,42.715,43.675,46.449,27,,,,0,false,0
9472,1229,77,54,2024-03-02T16:31:58.475000+00:00,97.095,30.705,42.292,24.098,HARD,3,24,0,23,true,false,false,false,false,false,true,,true,19,19,0,false,45.931,46.707,47.662,28,,,,0,false,0
9472,1229,77,55,2024-03-02T16:33:35.694000+00:00,97.205,31.026,42.195,23.984,HARD,3,25,0,24,true,false,false,false,false,false,true,,true,19,19,0,false,47.467,48.1,48.953,28,,,,0,false,0
9472,1229,77,56,2024-03-02T16:35:12.822000+00:00,97.956,31.235,42.521,24.2,HARD,3,26,0,25,true,false,false,false,false,false,true,,true,19,19,0,false,48.896,49.8295,50.813,28,,,,0,false,0
9472,1229,81,1,2024-03-02T15:03:42.341000+00:00,102.96,35.247,43.573,24.14,SOFT,1,1,3,3,true,true,false,false,false,true,false,standing_start;neutralised,true,8,8,11,false,0.078,0.382,0.853,26,0.224,4.064,5.267,27,true,16
9472,1229,81,2,2024-03-02T15:05:25.300000+00:00,98.382,31.429,42.789,24.164,SOFT,1,2,3,4,true,false,false,false,false,false,true,,true,8,8,0,false,0.28,0.501,0.727,27,5.003,6.516,7.376,28,false,0
9472,1229,81,3,2024-03-02T15:07:03.737000+00:00,98.258,31.147,42.993,24.118,SOFT,1,3,3,5,true,false,false,false,false,false,true,,true,8,8,0,false,0.295,0.4635,0.726,28,6.884,8.259,8.949,28,false,0
9472,1229,81,4,2024-03-02T15:08:42.010000+00:00,97.897,31.113,42.572,24.212,SOFT,1,4,3,6,true,false,false,false,false,false,true,,true,8,8,0,false,0.352,0.5935,0.725,28,8.39,9.5845,10.187,28,false,0
9472,1229,81,5,2024-03-02T15:10:19.912000+00:00,97.859,30.894,42.78,24.185,SOFT,1,5,3,7,true,false,false,false,false,false,true,,true,8,7,1,true,0.138,1.587,1.78,27,9.466,10.3385,10.777,28,true,1
9472,1229,81,6,2024-03-02T15:11:57.638000+00:00,97.955,31.412,42.35,24.193,SOFT,1,6,3,8,true,false,false,false,false,false,true,,true,7,7,0,false,1.688,1.941,2.163,27,10.681,11.3765,11.635,28,false,0
9472,1229,81,7,2024-03-02T15:13:35.738000+00:00,97.984,31.164,42.581,24.239,SOFT,1,7,3,9,true,false,false,false,false,false,true,,true,7,7,0,false,1.749,1.893,2.065,27,11.471,12.259,12.581,27,false,0
9472,1229,81,8,2024-03-02T15:15:13.609000+00:00,97.956,31.179,42.533,24.244,SOFT,1,8,3,10,true,false,false,false,false,false,true,,true,7,7,0,false,1.703,1.873,1.974,27,12.461,13.1025,13.514,28,false,0
9472,1229,81,9,2024-03-02T15:16:51.643000+00:00,98.096,31.211,42.534,24.351,SOFT,1,9,3,11,true,false,false,false,false,false,true,,true,7,7,0,false,1.69,1.7505,1.917,26,13.333,13.9695,14.382,28,false,0
9472,1229,81,10,2024-03-02T15:18:29.706000+00:00,98.073,31.294,42.462,24.317,SOFT,1,10,3,12,true,false,false,false,false,true,false,neutralised,true,7,7,0,false,1.716,1.94,2.045,27,14.223,15.0535,15.493,28,false,0
9472,1229,81,11,2024-03-02T15:20:07.846000+00:00,98.397,31.276,42.727,24.394,SOFT,1,11,3,13,true,false,false,false,false,false,true,,true,7,7,0,false,1.845,2.0305,4.522,28,15.344,16.176,16.809,28,false,0
9472,1229,81,12,2024-03-02T15:21:46.243000+00:00,100.739,31.364,42.679,26.696,SOFT,1,12,3,14,true,false,true,false,false,false,false,pit_in,true,7,5,1,true,2.074,2.352,2.492,25,16.669,17.581,18.218,27,true,2
9472,1229,81,13,2024-03-02T15:23:26.832000+00:00,118.689,52.735,42.241,23.713,HARD,2,1,0,0,true,false,false,true,false,false,false,pit_out,true,5,11,6,true,5.927,7.387,8.866,26,41.29,42.3015,42.572,26,true,6
9472,1229,81,14,2024-03-02T15:25:25.542000+00:00,96.796,30.92,42.057,23.819,HARD,2,2,0,1,true,false,false,false,false,false,true,,true,11,10,1,true,1.841,2.0105,3.281,26,41.92,42.1155,42.298,28,true,1
9472,1229,81,15,2024-03-02T15:27:02.452000+00:00,96.823,31.008,41.928,23.887,HARD,2,3,0,2,true,false,false,false,false,false,true,,true,10,9,1,true,1.691,1.8295,1.949,26,41.732,41.916,42.117,28,true,1
9472,1229,81,16,2024-03-02T15:28:39.182000+00:00,96.427,30.706,41.849,23.872,HARD,2,4,0,3,true,false,false,false,false,false,true,,true,9,7,1,true,1.547,1.675,1.864,26,40.991,41.264,41.697,28,true,2
9472,1229,81,17,2024-03-02T15:30:15.550000+00:00,96.872,30.863,42.13,23.879,HARD,2,5,0,4,true,false,false,false,false,false,true,,true,7,7,0,false,1.435,1.619,1.74,27,37.967,40.873,40.97,27,false,0
9472,1229,81,18,2024-03-02T15:31:52.578000+00:00,97.095,30.958,42.15,23.987,HARD,2,6,0,5,true,false,false,false,false,false,true,,true,7,7,0,false,1.649,2.178,2.353,27,16.081,16.7765,17.216,26,false,0
9472,1229,81,19,2024-03-02T15:33:29.643000+00:00,96.577,30.84,41.863,23.874,HARD,2,7,0,6,true,false,false,false,false,false,true,,true,7,7,0,false,2.162,2.374,2.509,27,16.988,18.017,18.51,28,false,0
9472,1229,81,20,2024-03-02T15:35:06.210000+00:00,96.644,30.982,41.794,23.868,HARD,2,8,0,7,true,false,false,false,false,false,true,,true,7,7,0,false,2.409,2.593,2.683,28,18.334,19.4485,19.993,28,false,0
9472,1229,81,21,2024-03-02T15:36:42.834000+00:00,96.733,30.904,41.943,23.886,HARD,2,9,0,8,true,false,false,false,false,false,true,,true,7,7,0,false,2.559,2.719,2.82,25,19.858,20.798,21.407,28,false,0
9472,1229,81,22,2024-03-02T15:38:19.659000+00:00,96.555,30.87,41.812,23.873,HARD,2,10,0,9,true,false,false,false,false,false,true,,true,7,7,0,false,2.6,2.714,2.811,27,21.268,22.2025,22.76,28,false,0
9472,1229,81,23,2024-03-02T15:39:56.149000+00:00,96.68,30.953,41.883,23.844,HARD,2,11,0,10,true,false,false,false,false,false,true,,true,7,7,0,false,2.526,2.6405,2.757,28,22.611,23.683,24.223,28,false,0
9472,1229,81,24,2024-03-02T15:41:32.778000+00:00,96.884,31.104,41.813,23.967,HARD,2,12,0,11,true,false,false,false,false,false,true,,true,7,7,0,false,2.517,2.6235,2.897,28,24.142,25.1705,25.813,28,false,0
9472,1229,81,25,2024-03-02T15:43:09.734000+00:00,97.008,31.017,42.028,23.963,HARD,2,13,0,12,true,false,false,false,false,false,true,,true,7,7,0,false,2.627,2.8085,2.945,28,25.731,26.758,27.485,27,false,0
9472,1229,81,26,2024-03-02T15:44:46.723000+00:00,96.882,30.94,42.004,23.938,HARD,2,14,0,13,true,false,false,false,false,false,true,,true,7,7,0,false,2.894,3.156,3.245,28,27.396,28.386,29.138,27,false,0
9472,1229,81,27,2024-03-02T15:46:23.673000+00:00,96.905,31.034,41.892,23.979,HARD,2,15,0,14,true,false,false,false,false,false,true,,true,7,7,0,false,3.237,3.416,3.472,28,29.075,29.953,30.464,28,false,0
9472,1229,81,28,2024-03-02T15:48:00.491000+00:00,96.905,31.028,41.888,23.989,HARD,2,16,0,15,true,false,false,false,false,false,true,,true,7,7,0,false,3.241,3.423,3.523,28,30.348,31.367,31.896,28,false,0
9472,1229,81,29,2024-03-02T15:49:37.484000+00:00,97.179,31.07,42.068,24.041,HARD,2,17,0,16,true,false,false,false,false,false,true,,true,7,7,0,false,3.299,3.445,3.549,28,31.787,32.691,33.278,27,false,0
9472,1229,81,30,2024-03-02T15:51:14.548000+00:00,97.177,31.02,42.067,24.09,HARD,2,18,0,17,true,false,false,false,false,false,true,,true,7,7,0,false,3.431,3.535,3.698,28,33.141,34.072,34.684,28,false,0
9472,1229,81,31,2024-03-02T15:52:51.800000+00:00,97.57,30.979,42.516,24.075,HARD,2,19,0,18,true,false,false,false,false,false,true,,true,7,7,0,false,3.623,4.0035,4.158,24,34.612,35.33,36.579,27,false,0
9472,1229,81,32,2024-03-02T15:54:29.304000+00:00,97.163,30.956,42.2,24.007,HARD,2,20,0,19,true,false,false,false,false,false,true,,true,7,6,1,true,4.053,4.142,4.216,26,36.498,37.3355,37.852,28,true,1
9472,1229,81,33,2024-03-02T15:56:06.542000+00:00,97.088,31.023,42.039,24.026,HARD,2,21,0,20,true,false,false,false,false,false,true,,true,6,6,0,false,1.581,3.937,4.147,27,37.788,38.622,39.079,28,false,0
9472,1229,81,34,2024-03-02T15:57:43.519000+00:00,99.211,30.933,41.867,26.411,HARD,2,22,0,21,true,false,true,false,false,false,false,pit_in,true,6,5,1,true,6.596,6.73,6.988,25,38.986,39.4005,39.709,26,true,1
9472,1229,81,35,2024-03-02T15:59:22.693000+00:00,119.703,53.392,42.529,23.782,HARD,3,1,0,0,true,false,false,true,false,false,false,pit_out,true,5,9,4,true,0.107,3.111,4.235,26,62.428,65.5455,65.909,26,true,4
9472,1229,81,36,2024-03-02T16:01:22.454000+00:00,95.153,30.577,41.125,23.451,HARD,3,2,0,1,true,false,false,false,false,false,true,,true,9,9,0,false,3.433,3.612,3.951,28,64.786,65.418,65.827,27,false,0
9472,1229,81,37,2024-03-02T16:02:57.644000+00:00,94.774,30.469,40.772,23.533,HARD,3,3,0,2,true,false,false,false,true,false,false,deleted_lap,true,9,9,0,false,2.527,3.068,3.682,28,60.326,63.8835,64.779,28,false,0
9472,1229,81,38,2024-03-02T16:04:32.414000+00:00,95.298,30.613,41.055,23.63,HARD,3,4,0,3,true,false,false,false,true,false,false,deleted_lap,true,9,9,0,false,2.82,3.0445,3.276,28,38.923,39.2125,40.466,26,false,0
9472,1229,81,39,2024-03-02T16:06:07.770000+00:00,94.983,30.196,41.091,23.696,HARD,3,5,0,4,true,false,false,false,false,false,true,,true,9,9,0,false,0.371,1.533,3.201,28,38.749,40.384,41.586,28,false,0
9472,1229,81,40,2024-03-02T16:07:42.787000+00:00,95.005,30.329,41.07,23.606,HARD,3,6,0,5,true,false,false,false,false,false,true,,true,9,8,1,true,0.082,3.1145,3.27,28,39.855,40.492,41.438,28,true,1
9472,1229,81,41,2024-03-02T16:09:17.635000+00:00,95.109,30.504,41.055,23.55,HARD,3,7,0,6,true,false,false,false,false,false,true,,true,8,8,0,false,3.163,3.281,3.439,28,39.468,39.7575,39.96,28,false,0
9472,1229,81,42,2024-03-02T16:10:52.836000+00:00,95.341,30.605,41.21,23.526,HARD,3,8,0,7,true,false,false,false,false,false,true,,true,8,8,0,false,3.397,3.658,3.788,27,39.615,40.057,40.463,27,false,0
9472,1229,81,43,2024-03-02T16:12:28.242000+00:00,95.258,30.52,41.188,23.55,HARD,3,9,0,8,true,false,false,false,false,false,true,,true,8,8,0,false,3.728,3.9465,4.135,28,40.356,41.227,41.572,28,false,0
9472,1229,81,44,2024-03-02T16:14:03.437000+00:00,95.238,30.489,41.161,23.588,HARD,3,10,0,9,true,false,false,false,false,false,true,,true,8,8,0,false,3.977,4.1095,4.176,28,41.401,41.9035,42.28,28,false,0
9472,1229,81,45,2024-03-02T16:15:38.674000+00:00,95.306,30.589,41.14,23.577,HARD,3,11,0,10,true,false,false,false,false,false,true,,true,8,8,0,false,4.132,4.205,4.305,28,42.219,42.9165,43.336,28,false,0
9472,1229,81,46,2024-03-02T16:17:13.949000+00:00,95.296,30.594,41.178,23.524,HARD,3,12,0,11,true,false,false,false,false,false,true,,true,8,8,0,false,4.133,4.287,4.326,26,43.254,43.8865,44.438,28,false,0
9472,1229,81,47,2024-03-02T16:18:49.248000+00:00,95.376,30.504,41.194,23.678,HARD,3,13,0,12,true,false,false,false,false,false,true,,true,8,8,0,false,4.067,4.264,4.459,27,44.302,44.952,45.574,27,false,0
9472,1229,81,48,2024-03-02T16:20:24.634000+00:00,95.702,30.651,41.365,23.686,HARD,3,14,0,13,true,false,false,false,false,false,true,,true,8,8,0,false,3.871,4.008,4.481,28,45.542,46.257,46.926,27,false,0
9472,1229,81,49,2024-03-02T16:22:00.340000+00:00,95.653,30.619,41.313,23.721,HARD,3,15,0,14,true,false,false,false,false,false,true,,true,8,8,0,false,3.509,3.738,4.002,27,46.836,47.744,48.177,27,false,0
9472,1229,81,50,2024-03-02T16:23:35.926000+00:00,95.984,30.79,41.405,23.789,HARD,3,16,0,15,true,false,false,false,true,false,false,deleted_lap,true,8,8,0,false,3.673,3.887,4.107,24,48.078,49.038,49.377,28,false,0
9472,1229,81,51,2024-03-02T16:25:11.951000+00:00,95.8,30.74,41.312,23.748,HARD,3,17,0,16,true,false,false,false,false,false,true,,true,8,8,0,false,4.015,4.171,4.375,27,49.481,50.266,50.837,27,false,0
9472,1229,81,52,2024-03-02T16:26:47.817000+00:00,96.024,30.765,41.526,23.733,HARD,3,18,0,17,true,false,false,false,false,false,true,,true,8,8,0,false,4.248,4.5765,4.92,28,50.786,51.612,51.955,27,false,0
9472,1229,81,53,2024-03-02T16:28:23.925000+00:00,95.739,30.77,41.299,23.67,HARD,3,19,0,18,true,false,false,false,false,false,true,,true,8,8,0,false,4.809,5.032,5.111,27,51.842,52.035,52.195,27,false,0
9472,1229,81,54,2024-03-02T16:29:59.604000+00:00,96.107,30.976,41.431,23.7,HARD,3,20,0,19,true,false,false,false,false,false,true,,true,8,8,0,false,4.983,5.131,5.296,27,52.116,52.595,52.867,27,false,0
9472,1229,81,55,2024-03-02T16:31:35.612000+00:00,95.973,30.879,41.373,23.721,HARD,3,21,0,20,true,false,false,false,false,false,true,,true,8,8,0,false,5.269,5.423,5.582,28,52.868,53.231,53.656,28,false,0
9472,1229,81,56,2024-03-02T16:33:11.663000+00:00,96.1,30.82,41.515,23.765,HARD,3,22,0,21,true,false,false,false,false,false,true,,true,8,8,0,false,5.531,5.7415,5.976,28,53.64,54.607,55.085,27,false,0
9472,1229,81,57,2024-03-02T16:34:47.748000+00:00,95.92,30.738,41.401,23.781,HARD,3,23,0,22,true,false,false,false,false,false,true,,true,8,8,0,false,5.584,5.7545,6.079,28,55.056,55.641,56.12,27,false,0
